(0,0)	1	1	r1	r1	(0.00,0.00)	0.00	0.00
(0,0)	1	18	r1	r2	(0.00,0.00)	0.00	0.00
(0,0)	2	2	r1	r1	(0.00,0.00)	0.00	0.00
(0,0)	3	3	r1	r1	(0.00,0.00)	0.00	0.00
(0,0)	4	4	r1	r1	(0.00,0.00)	0.00	0.00
(0,0)	5	5	r1	r1	(0.00,0.00)	0.00	0.00
(0,0)	6	6	r1	r1	(0.00,0.00)	0.00	0.00
(0,0)	7	7	r1	r1	(0.00,0.00)	0.00	0.00
(0,0)	8	8	r1	r1	(0.00,0.00)	0.00	0.00
(0,0)	9	9	r1	r1	(0.00,0.00)	0.00	0.00
(0,0)	10	10	r1	r1	(0.00,0.00)	0.00	0.00
(0,0)	11	11	r1	r1	(0.00,0.00)	0.00	0.00
(0,0)	12	12	r1	r1	(0.00,0.00)	0.00	0.00
(0,0)	13	13	r1	r1	(0.00,0.00)	0.00	0.00
(0,0)	14	14	r1	r1	(0.00,0.00)	0.00	0.00
(0,0)	15	15	r1	r1	(0.00,0.00)	0.00	0.00
(0,0)	16	16	r1	r1	(0.00,0.00)	0.00	0.00
(0,0)	17	17	r1	r1	(0.00,0.00)	0.00	0.00
(0,0)	18	1	r2	r1	(0.00,0.00)	0.00	0.00
(0,0)	18	18	r2	r2	(0.00,0.00)	0.00	0.00
(0,0)	19	19	r2	r2	(0.00,0.00)	0.00	0.00
(0,0)	20	20	r2	r2	(0.00,0.00)	0.00	0.00
(0,0)	21	21	r2	r2	(0.00,0.00)	0.00	0.00
(0,0)	22	22	r2	r2	(0.00,0.00)	0.00	0.00
(0,0)	23	23	r2	r2	(0.00,0.00)	0.00	0.00
(0,0)	24	24	r2	r2	(0.00,0.00)	0.00	0.00
(0,0)	25	25	r2	r2	(0.00,0.00)	0.00	0.00
(0,0)	26	26	r2	r2	(0.00,0.00)	0.00	0.00
(0,0)	27	27	r2	r2	(0.00,0.00)	0.00	0.00
(0,0)	28	28	r2	r2	(0.00,0.00)	0.00	0.00
(0,0)	29	29	r2	r2	(0.00,0.00)	0.00	0.00
(0,0)	30	30	r2	r2	(0.00,0.00)	0.00	0.00
(0,0)	31	31	r2	r2	(0.00,0.00)	0.00	0.00
(0,0)	32	32	r2	r2	(0.00,0.00)	0.00	0.00
(0,0)	33	33	r2	r2	(0.00,0.00)	0.00	0.00
(0,0)	34	34	r2	r2	(0.00,0.00)	0.00	0.00
(0,0)	9	30	r1	r2	(0.24,0.06)	0.24	14.04
(0,0)	16	32	r1	r2	(0.06,-0.24)	0.24	-75.96
(0,0)	30	9	r2	r1	(-0.24,-0.06)	0.24	-165.96
(0,0)	32	16	r2	r1	(-0.06,0.24)	0.24	104.04
(0,0)	3	21	r1	r2	(-0.06,0.24)	0.24	104.04
(0,0)	10	23	r1	r2	(-0.24,-0.06)	0.24	-165.96
(0,0)	21	3	r2	r1	(0.06,-0.24)	0.24	-75.96
(0,0)	23	10	r2	r1	(0.24,0.06)	0.24	14.04
(0,0)	11	28	r1	r2	(0.18,0.29)	0.34	59.04
(0,0)	28	11	r2	r1	(-0.18,-0.29)	0.34	-120.96
(0,0)	7	24	r1	r2	(0.29,-0.18)	0.34	-30.96
(0,0)	8	25	r1	r2	(-0.18,-0.29)	0.34	-120.96
(0,0)	24	7	r2	r1	(-0.29,0.18)	0.34	149.04
(0,0)	25	8	r2	r1	(0.18,0.29)	0.34	59.04
(0,0)	12	29	r1	r2	(-0.29,0.18)	0.34	149.04
(0,0)	29	12	r2	r1	(0.29,-0.18)	0.34	-30.96
(1,0)	17	22	r1	r2	(0.47,0.12)	0.49	14.04
(-1,0)	2	31	r1	r2	(-0.47,-0.12)	0.49	-165.96
(0,-1)	14	34	r1	r2	(0.12,-0.47)	0.49	-75.96
(0,-1)	19	5	r2	r1	(0.12,-0.47)	0.49	-75.96
(1,0)	31	2	r2	r1	(0.47,0.12)	0.49	14.04
(-1,0)	22	17	r2	r1	(-0.47,-0.12)	0.49	-165.96
(0,1)	5	19	r1	r2	(-0.12,0.47)	0.49	104.04
(0,1)	34	14	r2	r1	(-0.12,0.47)	0.49	104.04
(0,0)	4	22	r1	r2	(-0.53,0.12)	0.54	167.47
(0,0)	13	34	r1	r2	(0.12,0.53)	0.54	77.47
(0,0)	15	31	r1	r2	(0.53,-0.12)	0.54	-12.53
(0,0)	22	4	r2	r1	(0.53,-0.12)	0.54	-12.53
(0,0)	31	15	r2	r1	(-0.53,0.12)	0.54	167.47
(0,0)	34	13	r2	r1	(-0.12,-0.53)	0.54	-102.53
(0,0)	6	19	r1	r2	(-0.12,-0.53)	0.54	-102.53
(0,0)	14	27	r1	r2	(-0.35,0.41)	0.54	130.60
(0,0)	19	6	r2	r1	(0.12,0.53)	0.54	77.47
(0,0)	27	14	r2	r1	(0.35,-0.41)	0.54	-49.40
(0,0)	2	20	r1	r2	(0.41,0.35)	0.54	40.60
(0,0)	20	2	r2	r1	(-0.41,-0.35)	0.54	-139.40
(0,0)	5	26	r1	r2	(0.35,-0.41)	0.54	-49.40
(0,0)	17	33	r1	r2	(-0.41,-0.35)	0.54	-139.40
(0,0)	26	5	r2	r1	(-0.35,0.41)	0.54	130.60
(0,0)	33	17	r2	r1	(0.41,0.35)	0.54	40.60
(0,0)	4	26	r1	r2	(0.35,0.59)	0.69	59.04
(0,0)	13	33	r1	r2	(0.59,-0.35)	0.69	-30.96
(0,0)	26	4	r2	r1	(-0.35,-0.59)	0.69	-120.96
(0,0)	33	13	r2	r1	(-0.59,0.35)	0.69	149.04
(0,0)	6	20	r1	r2	(-0.59,0.35)	0.69	149.04
(0,0)	20	6	r2	r1	(0.59,-0.35)	0.69	-30.96
(0,0)	15	27	r1	r2	(-0.35,-0.59)	0.69	-120.96
(0,0)	27	15	r2	r1	(0.35,0.59)	0.69	59.04
(0,0)	8	29	r1	r2	(0.71,0.18)	0.73	14.04
(0,0)	29	8	r2	r1	(-0.71,-0.18)	0.73	-165.96
(0,0)	12	28	r1	r2	(0.18,-0.71)	0.73	-75.96
(0,0)	28	12	r2	r1	(-0.18,0.71)	0.73	104.04
(0,0)	7	25	r1	r2	(-0.18,0.71)	0.73	104.04
(0,0)	11	24	r1	r2	(-0.71,-0.18)	0.73	-165.96
(0,0)	24	11	r2	r1	(0.71,0.18)	0.73	14.04
(0,0)	25	7	r2	r1	(0.18,-0.71)	0.73	-75.96
(0,0)	10	27	r1	r2	(0.65,0.41)	0.77	32.47
(0,0)	27	10	r2	r1	(-0.65,-0.41)	0.77	-147.53
(0,0)	3	20	r1	r2	(0.41,-0.65)	0.77	-57.53
(0,0)	4	21	r1	r2	(-0.06,-0.76)	0.77	-94.40
(0,0)	6	23	r1	r2	(0.76,-0.06)	0.77	-4.40
(0,0)	13	30	r1	r2	(-0.76,0.06)	0.77	175.60
(0,0)	15	32	r1	r2	(0.06,0.76)	0.77	85.60
(0,0)	20	3	r2	r1	(-0.41,0.65)	0.77	122.47
(0,0)	21	4	r2	r1	(0.06,0.76)	0.77	85.60
(0,0)	23	6	r2	r1	(-0.76,0.06)	0.77	175.60
(0,0)	30	13	r2	r1	(0.76,-0.06)	0.77	-4.40
(0,0)	32	15	r2	r1	(-0.06,-0.76)	0.77	-94.40
(0,0)	9	26	r1	r2	(-0.65,-0.41)	0.77	-147.53
(0,0)	16	33	r1	r2	(-0.41,0.65)	0.77	122.47
(0,0)	26	9	r2	r1	(0.65,0.41)	0.77	32.47
(0,0)	33	16	r2	r1	(0.41,-0.65)	0.77	-57.53
(0,0)	8	26	r1	r2	(-0.65,0.59)	0.87	137.73
(0,0)	12	33	r1	r2	(0.59,0.65)	0.87	47.73
(0,0)	26	8	r2	r1	(0.65,-0.59)	0.87	-42.27
(0,0)	33	12	r2	r1	(-0.59,-0.65)	0.87	-132.27
(0,0)	4	25	r1	r2	(0.82,-0.29)	0.87	-19.65
(0,0)	6	24	r1	r2	(0.29,0.82)	0.87	70.35
(0,0)	7	20	r1	r2	(-0.59,-0.65)	0.87	-132.27
(0,0)	20	7	r2	r1	(0.59,0.65)	0.87	47.73
(0,0)	24	6	r2	r1	(-0.29,-0.82)	0.87	-109.65
(0,0)	25	4	r2	r1	(-0.82,0.29)	0.87	160.35
(0,0)	11	27	r1	r2	(0.65,-0.59)	0.87	-42.27
(0,0)	15	28	r1	r2	(-0.82,0.29)	0.87	160.35
(0,0)	27	11	r2	r1	(-0.65,0.59)	0.87	137.73
(0,0)	28	15	r2	r1	(0.82,-0.29)	0.87	-19.65
(0,0)	13	29	r1	r2	(-0.29,-0.82)	0.87	-109.65
(0,0)	29	13	r2	r1	(0.29,0.82)	0.87	70.35
(1,0)	16	21	r1	r2	(0.94,0.24)	0.97	14.04
(-1,0)	3	32	r1	r2	(-0.94,-0.24)	0.97	-165.96
(-1,0)	21	16	r2	r1	(-0.94,-0.24)	0.97	-165.96
(0,-1)	10	30	r1	r2	(0.24,-0.94)	0.97	-75.96
(0,-1)	23	9	r2	r1	(0.24,-0.94)	0.97	-75.96
(1,0)	32	3	r2	r1	(0.94,0.24)	0.97	14.04
(0,1)	9	23	r1	r2	(-0.24,0.94)	0.97	104.04
(0,1)	30	10	r2	r1	(-0.24,0.94)	0.97	104.04
(0,0)	25	26	r2	r2	(-0.47,0.88)	1.00	118.07
(0,0)	26	25	r2	r2	(0.47,-0.88)	1.00	-61.93
(0,0)	20	24	r2	r2	(0.88,0.47)	1.00	28.07
(0,0)	22	26	r2	r2	(0.88,0.47)	1.00	28.07
(0,0)	24	20	r2	r2	(-0.88,-0.47)	1.00	-151.93
(0,0)	25	29	r2	r2	(0.88,0.47)	1.00	28.07
(0,0)	26	22	r2	r2	(-0.88,-0.47)	1.00	-151.93
(0,0)	29	25	r2	r2	(-0.88,-0.47)	1.00	-151.93
(0,0)	29	33	r2	r2	(0.88,0.47)	1.00	28.07
(0,0)	33	29	r2	r2	(-0.88,-0.47)	1.00	-151.93
(0,0)	33	34	r2	r2	(-0.47,0.88)	1.00	118.07
(0,0)	34	33	r2	r2	(0.47,-0.88)	1.00	-61.93
(0,0)	21	22	r2	r2	(-0.47,0.88)	1.00	118.07
(0,0)	22	21	r2	r2	(0.47,-0.88)	1.00	-61.93
(0,0)	23	27	r2	r2	(0.88,0.47)	1.00	28.07
(0,0)	24	28	r2	r2	(0.88,0.47)	1.00	28.07
(0,0)	27	23	r2	r2	(-0.88,-0.47)	1.00	-151.93
(0,0)	28	24	r2	r2	(-0.88,-0.47)	1.00	-151.93
(0,0)	28	29	r2	r2	(-0.47,0.88)	1.00	118.07
(0,0)	29	28	r2	r2	(0.47,-0.88)	1.00	-61.93
(0,0)	29	30	r2	r2	(-0.47,0.88)	1.00	118.07
(0,0)	30	29	r2	r2	(0.47,-0.88)	1.00	-61.93
(0,-1)	27	34	r2	r2	(0.47,-0.88)	1.00	-61.93
(0,0)	1	2	r1	r1	(0.00,1.00)	1.00	90.00
(0,0)	1	19	r1	r2	(0.88,0.47)	1.00	28.07
(0,0)	2	1	r1	r1	(0.00,-1.00)	1.00	-90.00
(0,0)	2	3	r1	r1	(0.00,1.00)	1.00	90.00
(0,0)	2	6	r1	r1	(1.00,0.00)	1.00	0.00
(0,0)	2	18	r1	r2	(0.00,-1.00)	1.00	-90.00
(0,0)	3	2	r1	r1	(0.00,-1.00)	1.00	-90.00
(0,0)	3	4	r1	r1	(0.00,1.00)	1.00	90.00
(0,0)	3	7	r1	r1	(1.00,0.00)	1.00	0.00
(0,0)	4	3	r1	r1	(0.00,-1.00)	1.00	-90.00
(0,0)	4	5	r1	r1	(0.00,1.00)	1.00	90.00
(0,0)	4	8	r1	r1	(1.00,0.00)	1.00	0.00
(0,0)	5	4	r1	r1	(0.00,-1.00)	1.00	-90.00
(0,0)	5	9	r1	r1	(1.00,0.00)	1.00	0.00
(0,0)	6	2	r1	r1	(-1.00,0.00)	1.00	180.00
(0,0)	6	7	r1	r1	(0.00,1.00)	1.00	90.00
(0,0)	6	10	r1	r1	(1.00,0.00)	1.00	0.00
(0,0)	7	3	r1	r1	(-1.00,0.00)	1.00	180.00
(0,0)	7	6	r1	r1	(0.00,-1.00)	1.00	-90.00
(0,0)	7	8	r1	r1	(0.00,1.00)	1.00	90.00
(0,0)	7	11	r1	r1	(1.00,0.00)	1.00	0.00
(0,0)	8	4	r1	r1	(-1.00,0.00)	1.00	180.00
(0,0)	8	7	r1	r1	(0.00,-1.00)	1.00	-90.00
(0,0)	8	9	r1	r1	(0.00,1.00)	1.00	90.00
(0,0)	8	12	r1	r1	(1.00,0.00)	1.00	0.00
(0,0)	9	5	r1	r1	(-1.00,0.00)	1.00	180.00
(0,0)	9	8	r1	r1	(0.00,-1.00)	1.00	-90.00
(0,0)	9	13	r1	r1	(1.00,0.00)	1.00	0.00
(0,0)	10	6	r1	r1	(-1.00,0.00)	1.00	180.00
(0,0)	10	11	r1	r1	(0.00,1.00)	1.00	90.00
(0,0)	10	14	r1	r1	(1.00,0.00)	1.00	0.00
(0,0)	11	7	r1	r1	(-1.00,0.00)	1.00	180.00
(0,0)	11	10	r1	r1	(0.00,-1.00)	1.00	-90.00
(0,0)	11	12	r1	r1	(0.00,1.00)	1.00	90.00
(0,0)	11	15	r1	r1	(1.00,0.00)	1.00	0.00
(0,0)	12	8	r1	r1	(-1.00,0.00)	1.00	180.00
(0,0)	12	11	r1	r1	(0.00,-1.00)	1.00	-90.00
(0,0)	12	13	r1	r1	(0.00,1.00)	1.00	90.00
(0,0)	12	16	r1	r1	(1.00,0.00)	1.00	0.00
(0,0)	13	9	r1	r1	(-1.00,0.00)	1.00	180.00
(0,0)	13	12	r1	r1	(0.00,-1.00)	1.00	-90.00
(0,0)	13	17	r1	r1	(1.00,0.00)	1.00	0.00
(0,0)	14	10	r1	r1	(-1.00,0.00)	1.00	180.00
(0,0)	14	15	r1	r1	(0.00,1.00)	1.00	90.00
(0,0)	15	11	r1	r1	(-1.00,0.00)	1.00	180.00
(0,0)	15	14	r1	r1	(0.00,-1.00)	1.00	-90.00
(0,0)	15	16	r1	r1	(0.00,1.00)	1.00	90.00
(0,0)	16	12	r1	r1	(-1.00,0.00)	1.00	180.00
(0,0)	16	15	r1	r1	(0.00,-1.00)	1.00	-90.00
(0,0)	16	17	r1	r1	(0.00,1.00)	1.00	90.00
(0,0)	17	13	r1	r1	(-1.00,0.00)	1.00	180.00
(0,0)	17	16	r1	r1	(0.00,-1.00)	1.00	-90.00
(0,0)	18	2	r2	r1	(0.00,1.00)	1.00	90.00
(0,0)	18	19	r2	r2	(0.88,0.47)	1.00	28.07
(0,0)	19	1	r2	r1	(-0.88,-0.47)	1.00	-151.93
(0,0)	19	18	r2	r2	(-0.88,-0.47)	1.00	-151.93
(0,0)	19	20	r2	r2	(-0.47,0.88)	1.00	118.07
(0,0)	19	23	r2	r2	(0.88,0.47)	1.00	28.07
(0,0)	20	19	r2	r2	(0.47,-0.88)	1.00	-61.93
(0,0)	20	21	r2	r2	(-0.47,0.88)	1.00	118.07
(0,0)	21	20	r2	r2	(0.47,-0.88)	1.00	-61.93
(0,0)	21	25	r2	r2	(0.88,0.47)	1.00	28.07
(0,0)	23	19	r2	r2	(-0.88,-0.47)	1.00	-151.93
(0,0)	23	24	r2	r2	(-0.47,0.88)	1.00	118.07
(0,0)	24	23	r2	r2	(0.47,-0.88)	1.00	-61.93
(0,0)	24	25	r2	r2	(-0.47,0.88)	1.00	118.07
(0,0)	25	21	r2	r2	(-0.88,-0.47)	1.00	-151.93
(0,0)	25	24	r2	r2	(0.47,-0.88)	1.00	-61.93
(0,0)	26	30	r2	r2	(0.88,0.47)	1.00	28.07
(0,0)	27	28	r2	r2	(-0.47,0.88)	1.00	118.07
(0,0)	27	31	r2	r2	(0.88,0.47)	1.00	28.07
(0,0)	28	27	r2	r2	(0.47,-0.88)	1.00	-61.93
(0,0)	28	32	r2	r2	(0.88,0.47)	1.00	28.07
(0,0)	30	26	r2	r2	(-0.88,-0.47)	1.00	-151.93
(0,0)	30	34	r2	r2	(0.88,0.47)	1.00	28.07
(0,0)	31	27	r2	r2	(-0.88,-0.47)	1.00	-151.93
(0,0)	31	32	r2	r2	(-0.47,0.88)	1.00	118.07
(0,0)	32	28	r2	r2	(-0.88,-0.47)	1.00	-151.93
(0,0)	32	31	r2	r2	(0.47,-0.88)	1.00	-61.93
(0,0)	32	33	r2	r2	(-0.47,0.88)	1.00	118.07
(0,0)	33	32	r2	r2	(0.47,-0.88)	1.00	-61.93
(0,0)	34	30	r2	r2	(-0.88,-0.47)	1.00	-151.93
(1,0)	14	1	r1	r1	(1.00,0.00)	1.00	0.00
(1,0)	14	18	r1	r2	(1.00,0.00)	1.00	0.00
(1,0)	15	2	r1	r1	(1.00,0.00)	1.00	0.00
(1,0)	16	3	r1	r1	(1.00,0.00)	1.00	0.00
(1,0)	17	4	r1	r1	(1.00,0.00)	1.00	0.00
(1,0)	31	1	r2	r1	(0.47,-0.88)	1.00	-61.93
(1,0)	31	18	r2	r2	(0.47,-0.88)	1.00	-61.93
(1,0)	32	21	r2	r2	(0.88,0.47)	1.00	28.07
(-1,0)	1	14	r1	r1	(-1.00,0.00)	1.00	180.00
(-1,0)	1	31	r1	r2	(-0.47,0.88)	1.00	118.07
(-1,0)	2	15	r1	r1	(-1.00,0.00)	1.00	180.00
(-1,0)	3	16	r1	r1	(-1.00,0.00)	1.00	180.00
(-1,0)	4	17	r1	r1	(-1.00,0.00)	1.00	180.00
(-1,0)	18	14	r2	r1	(-1.00,0.00)	1.00	180.00
(-1,0)	18	31	r2	r2	(-0.47,0.88)	1.00	118.07
(-1,0)	20	31	r2	r2	(-0.88,-0.47)	1.00	-151.93
(-1,0)	21	32	r2	r2	(-0.88,-0.47)	1.00	-151.93
(-1,0)	22	33	r2	r2	(-0.88,-0.47)	1.00	-151.93
(0,1)	5	1	r1	r1	(-1.00,0.00)	1.00	180.00
(0,1)	5	6	r1	r1	(0.00,1.00)	1.00	90.00
(0,1)	5	18	r1	r2	(-1.00,0.00)	1.00	180.00
(0,1)	9	10	r1	r1	(0.00,1.00)	1.00	90.00
(0,1)	13	14	r1	r1	(0.00,1.00)	1.00	90.00
(0,1)	22	1	r2	r1	(-0.47,0.88)	1.00	118.07
(0,1)	22	18	r2	r2	(-0.47,0.88)	1.00	118.07
(0,-1)	1	5	r1	r1	(1.00,0.00)	1.00	0.00
(0,-1)	1	22	r1	r2	(0.47,-0.88)	1.00	-61.93
(0,-1)	6	5	r1	r1	(0.00,-1.00)	1.00	-90.00
(0,-1)	10	9	r1	r1	(0.00,-1.00)	1.00	-90.00
(0,-1)	14	13	r1	r1	(0.00,-1.00)	1.00	-90.00
(0,-1)	18	5	r2	r1	(1.00,0.00)	1.00	0.00
(0,-1)	18	22	r2	r2	(0.47,-0.88)	1.00	-61.93
(0,-1)	19	26	r2	r2	(0.47,-0.88)	1.00	-61.93
(0,-1)	23	30	r2	r2	(0.47,-0.88)	1.00	-61.93
(1,1)	17	1	r1	r1	(0.00,1.00)	1.00	90.00
(1,1)	17	18	r1	r2	(0.00,1.00)	1.00	90.00
(1,1)	34	1	r2	r1	(0.88,0.47)	1.00	28.07
(1,1)	34	18	r2	r2	(0.88,0.47)	1.00	28.07
(-1,-1)	1	17	r1	r1	(0.00,-1.00)	1.00	-90.00
(-1,-1)	1	34	r1	r2	(-0.88,-0.47)	1.00	-151.93
(-1,-1)	18	17	r2	r1	(0.00,-1.00)	1.00	-90.00
(-1,-1)	18	34	r2	r2	(-0.88,-0.47)	1.00	-151.93
(1,0)	33	22	r2	r2	(0.88,0.47)	1.00	28.07
(1,0)	31	20	r2	r2	(0.88,0.47)	1.00	28.07
(0,1)	26	19	r2	r2	(-0.47,0.88)	1.00	118.07
(0,1)	30	23	r2	r2	(-0.47,0.88)	1.00	118.07
(0,1)	34	27	r2	r2	(-0.47,0.88)	1.00	118.07
(0,0)	5	22	r1	r2	(-0.53,-0.88)	1.03	-120.96
(0,0)	14	31	r1	r2	(0.53,0.88)	1.03	59.04
(0,0)	17	34	r1	r2	(-0.88,0.53)	1.03	149.04
(0,0)	22	5	r2	r1	(0.53,0.88)	1.03	59.04
(0,0)	31	14	r2	r1	(-0.53,-0.88)	1.03	-120.96
(0,0)	34	17	r2	r1	(0.88,-0.53)	1.03	-30.96
(0,0)	2	19	r1	r2	(0.88,-0.53)	1.03	-30.96
(0,0)	19	2	r2	r1	(-0.88,0.53)	1.03	149.04
(0,0)	8	30	r1	r2	(0.24,1.06)	1.08	77.47
(0,0)	12	32	r1	r2	(1.06,-0.24)	1.08	-12.53
(0,0)	30	8	r2	r1	(-0.24,-1.06)	1.08	-102.53
(0,0)	32	12	r2	r1	(-1.06,0.24)	1.08	167.47
(0,0)	7	21	r1	r2	(-1.06,0.24)	1.08	167.47
(0,0)	11	23	r1	r2	(-0.24,-1.06)	1.08	-102.53
(0,0)	21	7	r2	r1	(1.06,-0.24)	1.08	-12.53
(0,0)	23	11	r2	r1	(0.24,1.06)	1.08	77.47
(0,0)	3	25	r1	r2	(0.82,0.71)	1.08	40.60
(0,0)	9	29	r1	r2	(0.71,-0.82)	1.08	-49.40
(0,0)	10	24	r1	r2	(-0.71,0.82)	1.08	130.60
(0,0)	16	28	r1	r2	(-0.82,-0.71)	1.08	-139.40
(0,0)	24	10	r2	r1	(0.71,-0.82)	1.08	-49.40
(0,0)	25	3	r2	r1	(-0.82,-0.71)	1.08	-139.40
(0,0)	28	16	r2	r1	(0.82,0.71)	1.08	40.60
(0,0)	29	9	r2	r1	(-0.71,0.82)	1.08	130.60
(1,0)	16	22	r1	r2	(0.47,1.12)	1.21	67.17
(0,0)	7	28	r1	r2	(1.18,0.29)	1.21	14.04
(0,0)	11	29	r1	r2	(-0.29,1.18)	1.21	104.04
(0,0)	28	7	r2	r1	(-1.18,-0.29)	1.21	-165.96
(0,0)	29	11	r2	r1	(0.29,-1.18)	1.21	-75.96
(1,0)	17	21	r1	r2	(0.94,-0.76)	1.21	-39.09
(0,0)	8	24	r1	r2	(0.29,-1.18)	1.21	-75.96
(0,0)	12	25	r1	r2	(-1.18,-0.29)	1.21	-165.96
(0,0)	24	8	r2	r1	(-0.29,1.18)	1.21	104.04
(0,0)	25	12	r2	r1	(1.18,0.29)	1.21	14.04
(1,0)	31	3	r2	r1	(0.47,1.12)	1.21	67.17
(1,0)	32	2	r2	r1	(0.94,-0.76)	1.21	-39.09
(-1,0)	2	32	r1	r2	(-0.94,0.76)	1.21	140.91
(-1,0)	3	31	r1	r2	(-0.47,-1.12)	1.21	-112.83
(-1,0)	21	17	r2	r1	(-0.94,0.76)	1.21	140.91
(-1,0)	22	16	r2	r1	(-0.47,-1.12)	1.21	-112.83
(0,1)	5	23	r1	r2	(0.76,0.94)	1.21	50.91
(0,1)	9	19	r1	r2	(-1.12,0.47)	1.21	157.17
(0,1)	30	14	r2	r1	(0.76,0.94)	1.21	50.91
(0,1)	34	10	r2	r1	(-1.12,0.47)	1.21	157.17
(0,-1)	10	34	r1	r2	(1.12,-0.47)	1.21	-22.83
(0,-1)	14	30	r1	r2	(-0.76,-0.94)	1.21	-129.09
(0,-1)	19	9	r2	r1	(1.12,-0.47)	1.21	-22.83
(0,-1)	23	5	r2	r1	(-0.76,-0.94)	1.21	-129.09
(0,0)	2	21	r1	r2	(-0.06,1.24)	1.24	92.73
(0,0)	3	22	r1	r2	(-0.53,1.12)	1.24	115.35
(0,0)	5	30	r1	r2	(1.24,0.06)	1.24	2.73
(0,0)	9	34	r1	r2	(1.12,0.53)	1.24	25.35
(0,0)	10	19	r1	r2	(-1.12,-0.53)	1.24	-154.65
(0,0)	14	23	r1	r2	(-1.24,-0.06)	1.24	-177.27
(0,0)	16	31	r1	r2	(0.53,-1.12)	1.24	-64.65
(0,0)	17	32	r1	r2	(0.06,-1.24)	1.24	-87.27
(0,0)	19	10	r2	r1	(1.12,0.53)	1.24	25.35
(0,0)	21	2	r2	r1	(0.06,-1.24)	1.24	-87.27
(0,0)	22	3	r2	r1	(0.53,-1.12)	1.24	-64.65
(0,0)	23	14	r2	r1	(1.24,0.06)	1.24	2.73
(0,0)	30	5	r2	r1	(-1.24,-0.06)	1.24	-177.27
(0,0)	31	16	r2	r1	(-0.53,1.12)	1.24	115.35
(0,0)	32	17	r2	r1	(-0.06,1.24)	1.24	92.73
(0,0)	34	9	r2	r1	(-1.12,-0.53)	1.24	-154.65
(0,0)	3	24	r1	r2	(1.29,-0.18)	1.31	-7.77
(0,0)	9	25	r1	r2	(-0.18,-1.29)	1.31	-97.77
(0,0)	10	28	r1	r2	(0.18,1.29)	1.31	82.23
(0,0)	11	32	r1	r2	(1.06,0.76)	1.31	35.84
(0,0)	12	30	r1	r2	(-0.76,1.06)	1.31	125.84
(0,0)	24	3	r2	r1	(-1.29,0.18)	1.31	172.23
(0,0)	25	9	r2	r1	(0.18,1.29)	1.31	82.23
(0,0)	28	10	r2	r1	(-0.18,-1.29)	1.31	-97.77
(0,0)	30	12	r2	r1	(0.76,-1.06)	1.31	-54.16
(0,0)	32	11	r2	r1	(-1.06,-0.76)	1.31	-144.16
(0,0)	7	23	r1	r2	(0.76,-1.06)	1.31	-54.16
(0,0)	8	21	r1	r2	(-1.06,-0.76)	1.31	-144.16
(0,0)	16	29	r1	r2	(-1.29,0.18)	1.31	172.23
(0,0)	21	8	r2	r1	(1.06,0.76)	1.31	35.84
(0,0)	23	7	r2	r1	(-0.76,1.06)	1.31	125.84
(0,0)	29	16	r2	r1	(1.29,-0.18)	1.31	-7.77
(0,0)	7	29	r1	r2	(0.71,1.18)	1.37	59.04
(0,0)	29	7	r2	r1	(-0.71,-1.18)	1.37	-120.96
(0,0)	8	28	r1	r2	(1.18,-0.71)	1.37	-30.96
(0,0)	11	25	r1	r2	(-1.18,0.71)	1.37	149.04
(0,0)	12	24	r1	r2	(-0.71,-1.18)	1.37	-120.96
(0,0)	24	12	r2	r1	(0.71,1.18)	1.37	59.04
(0,0)	25	11	r2	r1	(1.18,-0.71)	1.37	-30.96
(0,0)	28	8	r2	r1	(-1.18,0.71)	1.37	149.04
(0,0)	21	26	r2	r2	(0.41,1.35)	1.41	73.07
(0,0)	25	30	r2	r2	(0.41,1.35)	1.41	73.07
(0,0)	26	21	r2	r2	(-0.41,-1.35)	1.41	-106.93
(0,0)	30	25	r2	r2	(-0.41,-1.35)	1.41	-106.93
(0,0)	30	33	r2	r2	(1.35,-0.41)	1.41	-16.93
(0,0)	33	30	r2	r2	(-1.35,0.41)	1.41	163.07
(1,0)	31	19	r2	r2	(1.35,-0.41)	1.41	-16.93
(1,0)	32	22	r2	r2	(0.41,1.35)	1.41	73.07
(0,1)	34	31	r2	r2	(0.41,1.35)	1.41	73.07
(0,0)	21	24	r2	r2	(1.35,-0.41)	1.41	-16.93
(0,0)	22	25	r2	r2	(1.35,-0.41)	1.41	-16.93
(0,0)	23	28	r2	r2	(0.41,1.35)	1.41	73.07
(0,0)	24	21	r2	r2	(-1.35,0.41)	1.41	163.07
(0,0)	24	29	r2	r2	(0.41,1.35)	1.41	73.07
(0,0)	25	22	r2	r2	(-1.35,0.41)	1.41	163.07
(0,0)	26	29	r2	r2	(1.35,-0.41)	1.41	-16.93
(0,0)	28	23	r2	r2	(-0.41,-1.35)	1.41	-106.93
(0,0)	29	24	r2	r2	(-0.41,-1.35)	1.41	-106.93
(0,0)	29	26	r2	r2	(-1.35,0.41)	1.41	163.07
(0,0)	29	32	r2	r2	(1.35,-0.41)	1.41	-16.93
(0,0)	32	29	r2	r2	(-1.35,0.41)	1.41	163.07
(-1,0)	21	33	r2	r2	(-1.35,0.41)	1.41	163.07
(0,-1)	27	30	r2	r2	(-0.41,-1.35)	1.41	-106.93
(0,0)	1	6	r1	r1	(1.00,1.00)	1.41	45.00
(0,0)	1	20	r1	r2	(0.41,1.35)	1.41	73.07
(0,0)	2	7	r1	r1	(1.00,1.00)	1.41	45.00
(0,0)	3	6	r1	r1	(1.00,-1.00)	1.41	-45.00
(0,0)	3	8	r1	r1	(1.00,1.00)	1.41	45.00
(0,0)	4	7	r1	r1	(1.00,-1.00)	1.41	-45.00
(0,0)	4	9	r1	r1	(1.00,1.00)	1.41	45.00
(0,0)	5	8	r1	r1	(1.00,-1.00)	1.41	-45.00
(0,0)	6	1	r1	r1	(-1.00,-1.00)	1.41	-135.00
(0,0)	6	3	r1	r1	(-1.00,1.00)	1.41	135.00
(0,0)	6	11	r1	r1	(1.00,1.00)	1.41	45.00
(0,0)	6	18	r1	r2	(-1.00,-1.00)	1.41	-135.00
(0,0)	7	2	r1	r1	(-1.00,-1.00)	1.41	-135.00
(0,0)	7	4	r1	r1	(-1.00,1.00)	1.41	135.00
(0,0)	7	10	r1	r1	(1.00,-1.00)	1.41	-45.00
(0,0)	7	12	r1	r1	(1.00,1.00)	1.41	45.00
(0,0)	8	3	r1	r1	(-1.00,-1.00)	1.41	-135.00
(0,0)	8	5	r1	r1	(-1.00,1.00)	1.41	135.00
(0,0)	8	11	r1	r1	(1.00,-1.00)	1.41	-45.00
(0,0)	8	13	r1	r1	(1.00,1.00)	1.41	45.00
(0,0)	9	4	r1	r1	(-1.00,-1.00)	1.41	-135.00
(0,0)	9	12	r1	r1	(1.00,-1.00)	1.41	-45.00
(0,0)	10	7	r1	r1	(-1.00,1.00)	1.41	135.00
(0,0)	10	15	r1	r1	(1.00,1.00)	1.41	45.00
(0,0)	11	6	r1	r1	(-1.00,-1.00)	1.41	-135.00
(0,0)	11	8	r1	r1	(-1.00,1.00)	1.41	135.00
(0,0)	11	14	r1	r1	(1.00,-1.00)	1.41	-45.00
(0,0)	11	16	r1	r1	(1.00,1.00)	1.41	45.00
(0,0)	12	7	r1	r1	(-1.00,-1.00)	1.41	-135.00
(0,0)	12	9	r1	r1	(-1.00,1.00)	1.41	135.00
(0,0)	12	15	r1	r1	(1.00,-1.00)	1.41	-45.00
(0,0)	12	17	r1	r1	(1.00,1.00)	1.41	45.00
(0,0)	13	8	r1	r1	(-1.00,-1.00)	1.41	-135.00
(0,0)	13	16	r1	r1	(1.00,-1.00)	1.41	-45.00
(0,0)	14	11	r1	r1	(-1.00,1.00)	1.41	135.00
(0,0)	15	10	r1	r1	(-1.00,-1.00)	1.41	-135.00
(0,0)	15	12	r1	r1	(-1.00,1.00)	1.41	135.00
(0,0)	16	11	r1	r1	(-1.00,-1.00)	1.41	-135.00
(0,0)	16	13	r1	r1	(-1.00,1.00)	1.41	135.00
(0,0)	17	12	r1	r1	(-1.00,-1.00)	1.41	-135.00
(0,0)	18	6	r2	r1	(1.00,1.00)	1.41	45.00
(0,0)	18	20	r2	r2	(0.41,1.35)	1.41	73.07
(0,0)	19	24	r2	r2	(0.41,1.35)	1.41	73.07
(0,0)	20	1	r2	r1	(-0.41,-1.35)	1.41	-106.93
(0,0)	20	18	r2	r2	(-0.41,-1.35)	1.41	-106.93
(0,0)	20	23	r2	r2	(1.35,-0.41)	1.41	-16.93
(0,0)	20	25	r2	r2	(0.41,1.35)	1.41	73.07
(0,0)	23	20	r2	r2	(-1.35,0.41)	1.41	163.07
(0,0)	24	19	r2	r2	(-0.41,-1.35)	1.41	-106.93
(0,0)	24	27	r2	r2	(1.35,-0.41)	1.41	-16.93
(0,0)	25	20	r2	r2	(-0.41,-1.35)	1.41	-106.93
(0,0)	25	28	r2	r2	(1.35,-0.41)	1.41	-16.93
(0,0)	27	24	r2	r2	(-1.35,0.41)	1.41	163.07
(0,0)	27	32	r2	r2	(0.41,1.35)	1.41	73.07
(0,0)	28	25	r2	r2	(-1.35,0.41)	1.41	163.07
(0,0)	28	31	r2	r2	(1.35,-0.41)	1.41	-16.93
(0,0)	28	33	r2	r2	(0.41,1.35)	1.41	73.07
(0,0)	29	34	r2	r2	(0.41,1.35)	1.41	73.07
(0,0)	31	28	r2	r2	(-1.35,0.41)	1.41	163.07
(0,0)	32	27	r2	r2	(-0.41,-1.35)	1.41	-106.93
(0,0)	33	28	r2	r2	(-0.41,-1.35)	1.41	-106.93
(0,0)	34	29	r2	r2	(-0.41,-1.35)	1.41	-106.93
(1,0)	14	2	r1	r1	(1.00,1.00)	1.41	45.00
(1,0)	15	1	r1	r1	(1.00,-1.00)	1.41	-45.00
(1,0)	15	3	r1	r1	(1.00,1.00)	1.41	45.00
(1,0)	15	18	r1	r2	(1.00,-1.00)	1.41	-45.00
(1,0)	16	2	r1	r1	(1.00,-1.00)	1.41	-45.00
(1,0)	16	4	r1	r1	(1.00,1.00)	1.41	45.00
(1,0)	17	3	r1	r1	(1.00,-1.00)	1.41	-45.00
(1,0)	17	5	r1	r1	(1.00,1.00)	1.41	45.00
(1,0)	27	1	r2	r1	(1.35,-0.41)	1.41	-16.93
(1,0)	27	18	r2	r2	(1.35,-0.41)	1.41	-16.93
(1,0)	31	21	r2	r2	(0.41,1.35)	1.41	73.07
(1,0)	33	21	r2	r2	(1.35,-0.41)	1.41	-16.93
(1,0)	34	22	r2	r2	(1.35,-0.41)	1.41	-16.93
(-1,0)	1	15	r1	r1	(-1.00,1.00)	1.41	135.00
(-1,0)	1	27	r1	r2	(-1.35,0.41)	1.41	163.07
(-1,0)	2	14	r1	r1	(-1.00,-1.00)	1.41	-135.00
(-1,0)	2	16	r1	r1	(-1.00,1.00)	1.41	135.00
(-1,0)	3	15	r1	r1	(-1.00,-1.00)	1.41	-135.00
(-1,0)	3	17	r1	r1	(-1.00,1.00)	1.41	135.00
(-1,0)	4	16	r1	r1	(-1.00,-1.00)	1.41	-135.00
(-1,0)	5	17	r1	r1	(-1.00,-1.00)	1.41	-135.00
(-1,0)	18	15	r2	r1	(-1.00,1.00)	1.41	135.00
(-1,0)	18	27	r2	r2	(-1.35,0.41)	1.41	163.07
(-1,0)	19	31	r2	r2	(-1.35,0.41)	1.41	163.07
(-1,0)	20	32	r2	r2	(-1.35,0.41)	1.41	163.07
(-1,0)	21	31	r2	r2	(-0.41,-1.35)	1.41	-106.93
(-1,0)	22	32	r2	r2	(-0.41,-1.35)	1.41	-106.93
(-1,0)	22	34	r2	r2	(-1.35,0.41)	1.41	163.07
(0,1)	4	1	r1	r1	(-1.00,1.00)	1.41	135.00
(0,1)	4	18	r1	r2	(-1.00,1.00)	1.41	135.00
(0,1)	5	2	r1	r1	(-1.00,1.00)	1.41	135.00
(0,1)	5	10	r1	r1	(1.00,1.00)	1.41	45.00
(0,1)	9	6	r1	r1	(-1.00,1.00)	1.41	135.00
(0,1)	9	14	r1	r1	(1.00,1.00)	1.41	45.00
(0,1)	13	10	r1	r1	(-1.00,1.00)	1.41	135.00
(0,1)	17	14	r1	r1	(-1.00,1.00)	1.41	135.00
(0,1)	22	19	r2	r2	(0.41,1.35)	1.41	73.07
(0,1)	26	1	r2	r1	(-1.35,0.41)	1.41	163.07
(0,1)	26	18	r2	r2	(-1.35,0.41)	1.41	163.07
(0,1)	30	19	r2	r2	(-1.35,0.41)	1.41	163.07
(0,1)	34	23	r2	r2	(-1.35,0.41)	1.41	163.07
(0,-1)	1	4	r1	r1	(1.00,-1.00)	1.41	-45.00
(0,-1)	1	26	r1	r2	(1.35,-0.41)	1.41	-16.93
(0,-1)	2	5	r1	r1	(1.00,-1.00)	1.41	-45.00
(0,-1)	6	9	r1	r1	(1.00,-1.00)	1.41	-45.00
(0,-1)	10	5	r1	r1	(-1.00,-1.00)	1.41	-135.00
(0,-1)	10	13	r1	r1	(1.00,-1.00)	1.41	-45.00
(0,-1)	14	9	r1	r1	(-1.00,-1.00)	1.41	-135.00
(0,-1)	14	17	r1	r1	(1.00,-1.00)	1.41	-45.00
(0,-1)	18	4	r2	r1	(1.00,-1.00)	1.41	-45.00
(0,-1)	18	26	r2	r2	(1.35,-0.41)	1.41	-16.93
(0,-1)	19	22	r2	r2	(-0.41,-1.35)	1.41	-106.93
(0,-1)	19	30	r2	r2	(1.35,-0.41)	1.41	-16.93
(0,-1)	23	26	r2	r2	(-0.41,-1.35)	1.41	-106.93
(0,-1)	23	34	r2	r2	(1.35,-0.41)	1.41	-16.93
(0,-1)	31	34	r2	r2	(-0.41,-1.35)	1.41	-106.93
(1,1)	13	1	r1	r1	(1.00,1.00)	1.41	45.00
(1,1)	13	18	r1	r2	(1.00,1.00)	1.41	45.00
(1,1)	33	1	r2	r1	(0.41,1.35)	1.41	73.07
(1,1)	33	18	r2	r2	(0.41,1.35)	1.41	73.07
(-1,-1)	1	13	r1	r1	(-1.00,-1.00)	1.41	-135.00
(-1,-1)	1	33	r1	r2	(-0.41,-1.35)	1.41	-106.93
(-1,-1)	18	13	r2	r1	(-1.00,-1.00)	1.41	-135.00
(-1,-1)	18	33	r2	r2	(-0.41,-1.35)	1.41	-106.93
(1,0)	32	20	r2	r2	(1.35,-0.41)	1.41	-16.93
(0,1)	26	23	r2	r2	(0.41,1.35)	1.41	73.07
(0,1)	30	27	r2	r2	(0.41,1.35)	1.41	73.07
(-1,0)	4	33	r1	r2	(-1.41,-0.35)	1.46	-165.96
(-1,0)	20	15	r2	r1	(-1.41,-0.35)	1.46	-165.96
(0,-1)	6	26	r1	r2	(0.35,-1.41)	1.46	-75.96
(0,-1)	27	13	r2	r1	(0.35,-1.41)	1.46	-75.96
(1,0)	15	20	r1	r2	(1.41,0.35)	1.46	14.04
(1,0)	33	4	r2	r1	(1.41,0.35)	1.46	14.04
(0,1)	13	27	r1	r2	(-0.35,1.41)	1.46	104.04
(0,1)	26	6	r2	r1	(-0.35,1.41)	1.46	104.04
(1,0)	17	26	r1	r2	(1.35,0.59)	1.48	23.50
(-1,0)	26	17	r2	r1	(-1.35,-0.59)	1.48	-156.50
(0,1)	33	14	r2	r1	(-0.59,1.35)	1.48	113.50
(0,-1)	14	33	r1	r2	(0.59,-1.35)	1.48	-66.50
(1,0)	13	22	r1	r2	(1.47,0.12)	1.48	4.57
(1,0)	27	2	r2	r1	(1.35,0.59)	1.48	23.50
(1,0)	31	6	r2	r1	(1.47,0.12)	1.48	4.57
(-1,0)	2	27	r1	r2	(-1.35,-0.59)	1.48	-156.50
(-1,0)	6	31	r1	r2	(-1.47,-0.12)	1.48	-175.43
(-1,0)	22	13	r2	r1	(-1.47,-0.12)	1.48	-175.43
(0,1)	4	19	r1	r2	(-0.12,1.47)	1.48	94.57
(0,1)	34	15	r2	r1	(-0.12,1.47)	1.48	94.57
(0,-1)	15	34	r1	r2	(0.12,-1.47)	1.48	-85.43
(0,-1)	19	4	r2	r1	(0.12,-1.47)	1.48	-85.43
(0,-1)	20	5	r2	r1	(0.59,-1.35)	1.48	-66.50
(0,1)	5	20	r1	r2	(-0.59,1.35)	1.48	113.50
(0,0)	2	24	r1	r2	(1.29,0.82)	1.53	32.47
(0,0)	5	25	r1	r2	(0.82,-1.29)	1.53	-57.53
(0,0)	7	19	r1	r2	(-0.12,-1.53)	1.53	-94.40
(0,0)	8	22	r1	r2	(-1.53,0.12)	1.53	175.60
(0,0)	11	31	r1	r2	(1.53,-0.12)	1.53	-4.40
(0,0)	12	34	r1	r2	(0.12,1.53)	1.53	85.60
(0,0)	14	28	r1	r2	(-0.82,1.29)	1.53	122.47
(0,0)	19	7	r2	r1	(0.12,1.53)	1.53	85.60
(0,0)	22	8	r2	r1	(1.53,-0.12)	1.53	-4.40
(0,0)	24	2	r2	r1	(-1.29,-0.82)	1.53	-147.53
(0,0)	25	5	r2	r1	(-0.82,1.29)	1.53	122.47
(0,0)	28	14	r2	r1	(0.82,-1.29)	1.53	-57.53
(0,0)	31	11	r2	r1	(-1.53,0.12)	1.53	175.60
(0,0)	34	12	r2	r1	(-0.12,-1.53)	1.53	-94.40
(0,0)	17	29	r1	r2	(-1.29,-0.82)	1.53	-147.53
(0,0)	29	17	r2	r1	(1.29,0.82)	1.53	32.47
(1,0)	15	21	r1	r2	(0.94,1.24)	1.55	52.70
(-1,0)	3	33	r1	r2	(-1.41,0.65)	1.55	155.38
(-1,0)	20	16	r2	r1	(-1.41,0.65)	1.55	155.38
(0,-1)	10	26	r1	r2	(-0.65,-1.41)	1.55	-114.62
(0,-1)	27	9	r2	r1	(-0.65,-1.41)	1.55	-114.62
(1,0)	16	20	r1	r2	(1.41,-0.65)	1.55	-24.62
(1,0)	32	4	r2	r1	(0.94,1.24)	1.55	52.70
(1,0)	33	3	r2	r1	(1.41,-0.65)	1.55	-24.62
(-1,0)	4	32	r1	r2	(-0.94,-1.24)	1.55	-127.30
(-1,0)	21	15	r2	r1	(-0.94,-1.24)	1.55	-127.30
(0,1)	9	27	r1	r2	(0.65,1.41)	1.55	65.38
(0,1)	13	23	r1	r2	(-1.24,0.94)	1.55	142.70
(0,1)	26	10	r2	r1	(0.65,1.41)	1.55	65.38
(0,1)	30	6	r2	r1	(-1.24,0.94)	1.55	142.70
(0,-1)	6	30	r1	r2	(1.24,-0.94)	1.55	-37.30
(0,-1)	23	13	r2	r1	(1.24,-0.94)	1.55	-37.30
(0,0)	3	26	r1	r2	(0.35,1.59)	1.63	77.47
(0,0)	9	33	r1	r2	(1.59,-0.35)	1.63	-12.53
(0,0)	26	3	r2	r1	(-0.35,-1.59)	1.63	-102.53
(0,0)	33	9	r2	r1	(-1.59,0.35)	1.63	167.47
(0,0)	4	30	r1	r2	(1.24,1.06)	1.63	40.60
(0,0)	13	32	r1	r2	(1.06,-1.24)	1.63	-49.40
(0,0)	30	4	r2	r1	(-1.24,-1.06)	1.63	-139.40
(0,0)	32	13	r2	r1	(-1.06,1.24)	1.63	130.60
(0,0)	6	21	r1	r2	(-1.06,1.24)	1.63	130.60
(0,0)	10	20	r1	r2	(-1.59,0.35)	1.63	167.47
(0,0)	15	23	r1	r2	(-1.24,-1.06)	1.63	-139.40
(0,0)	16	27	r1	r2	(-0.35,-1.59)	1.63	-102.53
(0,0)	20	10	r2	r1	(1.59,-0.35)	1.63	-12.53
(0,0)	21	6	r2	r1	(1.06,-1.24)	1.63	-49.40
(0,0)	23	15	r2	r1	(1.24,1.06)	1.63	40.60
(0,0)	27	16	r2	r1	(0.35,1.59)	1.63	77.47
(0,0)	6	27	r1	r2	(1.65,0.41)	1.70	14.04
(0,0)	27	6	r2	r1	(-1.65,-0.41)	1.70	-165.96
(0,0)	4	20	r1	r2	(0.41,-1.65)	1.70	-75.96
(0,0)	13	26	r1	r2	(-1.65,-0.41)	1.70	-165.96
(0,0)	15	33	r1	r2	(-0.41,1.65)	1.70	104.04
(0,0)	20	4	r2	r1	(-0.41,1.65)	1.70	104.04
(0,0)	26	13	r2	r1	(1.65,0.41)	1.70	14.04
(0,0)	33	15	r2	r1	(0.41,-1.65)	1.70	-75.96
(0,0)	7	26	r1	r2	(-0.65,1.59)	1.71	112.17
(0,0)	8	33	r1	r2	(1.59,0.65)	1.71	22.17
(0,0)	26	7	r2	r1	(0.65,-1.59)	1.71	-67.83
(0,0)	33	8	r2	r1	(-1.59,-0.65)	1.71	-157.83
(0,0)	4	29	r1	r2	(1.71,0.18)	1.71	5.91
(0,0)	6	25	r1	r2	(-0.18,1.71)	1.71	95.91
(0,0)	11	20	r1	r2	(-1.59,-0.65)	1.71	-157.83
(0,0)	12	27	r1	r2	(0.65,-1.59)	1.71	-67.83
(0,0)	13	28	r1	r2	(0.18,-1.71)	1.71	-84.09
(0,0)	15	24	r1	r2	(-1.71,-0.18)	1.71	-174.09
(0,0)	20	11	r2	r1	(1.59,0.65)	1.71	22.17
(0,0)	24	15	r2	r1	(1.71,0.18)	1.71	5.91
(0,0)	25	6	r2	r1	(0.18,-1.71)	1.71	-84.09
(0,0)	27	12	r2	r1	(-0.65,1.59)	1.71	112.17
(0,0)	28	13	r2	r1	(-0.18,1.71)	1.71	95.91
(0,0)	29	4	r2	r1	(-1.71,-0.18)	1.71	-174.09
(1,1)	17	19	r1	r2	(0.88,1.47)	1.71	59.04
(1,1)	34	2	r2	r1	(0.88,1.47)	1.71	59.04
(-1,1)	22	14	r2	r1	(-1.47,0.88)	1.71	149.04
(-1,-1)	2	34	r1	r2	(-0.88,-1.47)	1.71	-120.96
(-1,-1)	19	17	r2	r1	(-0.88,-1.47)	1.71	-120.96
(1,-1)	14	22	r1	r2	(1.47,-0.88)	1.71	-30.96
(1,-1)	31	5	r2	r1	(1.47,-0.88)	1.71	-30.96
(-1,1)	5	31	r1	r2	(-1.47,0.88)	1.71	149.04
(0,0)	4	24	r1	r2	(1.29,-1.18)	1.75	-42.27
(0,0)	6	28	r1	r2	(1.18,1.29)	1.75	47.73
(0,0)	7	27	r1	r2	(1.65,-0.59)	1.75	-19.65
(0,0)	8	20	r1	r2	(-0.59,-1.65)	1.75	-109.65
(0,0)	11	33	r1	r2	(0.59,1.65)	1.75	70.35
(0,0)	12	26	r1	r2	(-1.65,0.59)	1.75	160.35
(0,0)	13	25	r1	r2	(-1.18,-1.29)	1.75	-132.27
(0,0)	15	29	r1	r2	(-1.29,1.18)	1.75	137.73
(0,0)	20	8	r2	r1	(0.59,1.65)	1.75	70.35
(0,0)	24	4	r2	r1	(-1.29,1.18)	1.75	137.73
(0,0)	25	13	r2	r1	(1.18,1.29)	1.75	47.73
(0,0)	26	12	r2	r1	(1.65,-0.59)	1.75	-19.65
(0,0)	27	7	r2	r1	(-1.65,0.59)	1.75	160.35
(0,0)	28	6	r2	r1	(-1.18,-1.29)	1.75	-132.27
(0,0)	29	15	r2	r1	(1.29,-1.18)	1.75	-42.27
(0,0)	33	11	r2	r1	(-0.59,-1.65)	1.75	-109.65
(0,0)	2	23	r1	r2	(1.76,-0.06)	1.77	-1.91
(0,0)	3	19	r1	r2	(0.88,-1.53)	1.77	-60.02
(0,0)	5	21	r1	r2	(-0.06,-1.76)	1.77	-91.91
(0,0)	9	22	r1	r2	(-1.53,-0.88)	1.77	-150.02
(0,0)	10	31	r1	r2	(1.53,0.88)	1.77	29.98
(0,0)	14	32	r1	r2	(0.06,1.76)	1.77	88.09
(0,0)	16	34	r1	r2	(-0.88,1.53)	1.77	119.98
(0,0)	17	30	r1	r2	(-1.76,0.06)	1.77	178.09
(0,0)	19	3	r2	r1	(-0.88,1.53)	1.77	119.98
(0,0)	21	5	r2	r1	(0.06,1.76)	1.77	88.09
(0,0)	22	9	r2	r1	(1.53,0.88)	1.77	29.98
(0,0)	23	2	r2	r1	(-1.76,0.06)	1.77	178.09
(0,0)	30	17	r2	r1	(1.76,-0.06)	1.77	-1.91
(0,0)	31	10	r2	r1	(-1.53,-0.88)	1.77	-150.02
(0,0)	32	14	r2	r1	(-0.06,-1.76)	1.77	-91.91
(0,0)	34	16	r2	r1	(0.88,-1.53)	1.77	-60.02
(1,0)	12	22	r1	r2	(1.47,1.12)	1.85	37.23
(1,0)	17	25	r1	r2	(1.82,-0.29)	1.85	-9.16
(-1,0)	2	28	r1	r2	(-1.82,0.29)	1.85	170.84
(-1,0)	25	17	r2	r1	(-1.82,0.29)	1.85	170.84
(0,-1)	14	29	r1	r2	(-0.29,-1.82)	1.85	-99.16
(0,-1)	24	5	r2	r1	(-0.29,-1.82)	1.85	-99.16
(1,0)	28	2	r2	r1	(1.82,-0.29)	1.85	-9.16
(1,0)	31	7	r2	r1	(1.47,1.12)	1.85	37.23
(-1,0)	7	31	r1	r2	(-1.47,-1.12)	1.85	-142.77
(-1,0)	22	12	r2	r1	(-1.47,-1.12)	1.85	-142.77
(0,1)	8	19	r1	r2	(-1.12,1.47)	1.85	127.23
(0,1)	34	11	r2	r1	(-1.12,1.47)	1.85	127.23
(0,-1)	11	34	r1	r2	(1.12,-1.47)	1.85	-52.77
(0,-1)	19	8	r2	r1	(1.12,-1.47)	1.85	-52.77
(0,1)	29	14	r2	r1	(0.29,1.82)	1.85	80.84
(0,1)	5	24	r1	r2	(0.29,1.82)	1.85	80.84
(0,0)	5	29	r1	r2	(1.71,-0.82)	1.89	-25.77
(0,0)	7	22	r1	r2	(-1.53,1.12)	1.89	143.84
(0,0)	8	34	r1	r2	(1.12,1.53)	1.89	53.84
(0,0)	11	19	r1	r2	(-1.12,-1.53)	1.89	-126.16
(0,0)	12	31	r1	r2	(1.53,-1.12)	1.89	-36.16
(0,0)	19	11	r2	r1	(1.12,1.53)	1.89	53.84
(0,0)	22	7	r2	r1	(1.53,-1.12)	1.89	-36.16
(0,0)	29	5	r2	r1	(-1.71,0.82)	1.89	154.23
(0,0)	31	12	r2	r1	(-1.53,1.12)	1.89	143.84
(0,0)	34	8	r2	r1	(-1.12,-1.53)	1.89	-126.16
(0,0)	2	25	r1	r2	(0.82,1.71)	1.89	64.23
(0,0)	14	24	r1	r2	(-1.71,0.82)	1.89	154.23
(0,0)	17	28	r1	r2	(-0.82,-1.71)	1.89	-115.77
(0,0)	24	14	r2	r1	(1.71,-0.82)	1.89	-25.77
(0,0)	25	2	r2	r1	(-0.82,-1.71)	1.89	-115.77
(0,0)	28	17	r2	r1	(0.82,1.71)	1.89	64.23
(1,0)	14	19	r1	r2	(1.88,0.47)	1.94	14.04
(0,1)	17	31	r1	r2	(-0.47,1.88)	1.94	104.04
(-1,0)	19	14	r2	r1	(-1.88,-0.47)	1.94	-165.96
(0,-1)	2	22	r1	r2	(0.47,-1.88)	1.94	-75.96
(1,0)	34	5	r2	r1	(1.88,0.47)	1.94	14.04
(-1,0)	5	34	r1	r2	(-1.88,-0.47)	1.94	-165.96
(0,1)	22	2	r2	r1	(-0.47,1.88)	1.94	104.04
(0,-1)	31	17	r2	r1	(0.47,-1.88)	1.94	-75.96
(1,0)	12	21	r1	r2	(1.94,0.24)	1.96	6.91
(1,0)	15	19	r1	r2	(1.88,-0.53)	1.96	-15.71
(0,1)	13	31	r1	r2	(0.53,1.88)	1.96	74.29
(1,0)	16	25	r1	r2	(1.82,0.71)	1.96	21.16
(-1,0)	3	28	r1	r2	(-1.82,-0.71)	1.96	-158.84
(-1,0)	5	33	r1	r2	(-1.41,-1.35)	1.96	-136.22
(-1,0)	7	32	r1	r2	(-1.94,-0.24)	1.96	-173.09
(-1,0)	20	14	r2	r1	(-1.41,-1.35)	1.96	-136.22
(-1,0)	21	12	r2	r1	(-1.94,-0.24)	1.96	-173.09
(-1,0)	25	16	r2	r1	(-1.82,-0.71)	1.96	-158.84
(0,-1)	2	26	r1	r2	(1.35,-1.41)	1.96	-46.22
(0,-1)	10	29	r1	r2	(0.71,-1.82)	1.96	-68.84
(0,-1)	11	30	r1	r2	(0.24,-1.94)	1.96	-83.09
(0,-1)	23	8	r2	r1	(0.24,-1.94)	1.96	-83.09
(0,-1)	24	9	r2	r1	(0.71,-1.82)	1.96	-68.84
(0,-1)	27	17	r2	r1	(1.35,-1.41)	1.96	-46.22
(1,0)	28	3	r2	r1	(1.82,0.71)	1.96	21.16
(1,0)	32	7	r2	r1	(1.94,0.24)	1.96	6.91
(1,0)	34	4	r2	r1	(1.88,-0.53)	1.96	-15.71
(-1,0)	4	34	r1	r2	(-1.88,0.53)	1.96	164.29
(-1,0)	19	15	r2	r1	(-1.88,0.53)	1.96	164.29
(0,1)	8	23	r1	r2	(-0.24,1.94)	1.96	96.91
(0,1)	22	6	r2	r1	(0.53,1.88)	1.96	74.29
(0,1)	29	10	r2	r1	(-0.71,1.82)	1.96	111.16
(0,1)	30	11	r2	r1	(-0.24,1.94)	1.96	96.91
(0,-1)	6	22	r1	r2	(-0.53,-1.88)	1.96	-105.71
(0,-1)	31	13	r2	r1	(-0.53,-1.88)	1.96	-105.71
(1,0)	14	20	r1	r2	(1.41,1.35)	1.96	43.78
(1,0)	33	5	r2	r1	(1.41,1.35)	1.96	43.78
(0,1)	17	27	r1	r2	(-1.35,1.41)	1.96	133.78
(0,1)	26	2	r2	r1	(-1.35,1.41)	1.96	133.78
(0,1)	9	24	r1	r2	(-0.71,1.82)	1.96	111.16
(0,0)	24	26	r2	r2	(-0.94,1.76)	2.00	118.07
(0,0)	25	33	r2	r2	(1.76,0.94)	2.00	28.07
(0,0)	26	24	r2	r2	(0.94,-1.76)	2.00	-61.93
(0,0)	33	25	r2	r2	(-1.76,-0.94)	2.00	-151.93
(0,0)	19	27	r2	r2	(1.76,0.94)	2.00	28.07
(0,0)	20	22	r2	r2	(-0.94,1.76)	2.00	118.07
(0,0)	20	28	r2	r2	(1.76,0.94)	2.00	28.07
(0,0)	21	29	r2	r2	(1.76,0.94)	2.00	28.07
(0,0)	22	20	r2	r2	(0.94,-1.76)	2.00	-61.93
(0,0)	22	30	r2	r2	(1.76,0.94)	2.00	28.07
(0,0)	27	19	r2	r2	(-1.76,-0.94)	2.00	-151.93
(0,0)	28	20	r2	r2	(-1.76,-0.94)	2.00	-151.93
(0,0)	28	30	r2	r2	(-0.94,1.76)	2.00	118.07
(0,0)	29	21	r2	r2	(-1.76,-0.94)	2.00	-151.93
(0,0)	30	22	r2	r2	(-1.76,-0.94)	2.00	-151.93
(0,0)	30	28	r2	r2	(0.94,-1.76)	2.00	-61.93
(0,0)	32	34	r2	r2	(-0.94,1.76)	2.00	118.07
(0,0)	34	32	r2	r2	(0.94,-1.76)	2.00	-61.93
(1,0)	31	24	r2	r2	(1.76,0.94)	2.00	28.07
(1,0)	33	26	r2	r2	(1.76,0.94)	2.00	28.07
(-1,0)	26	33	r2	r2	(-1.76,-0.94)	2.00	-151.93
(0,-1)	27	33	r2	r2	(0.94,-1.76)	2.00	-61.93
(0,0)	1	3	r1	r1	(0.00,2.00)	2.00	90.00
(0,0)	1	23	r1	r2	(1.76,0.94)	2.00	28.07
(0,0)	2	4	r1	r1	(0.00,2.00)	2.00	90.00
(0,0)	2	10	r1	r1	(2.00,0.00)	2.00	0.00
(0,0)	3	1	r1	r1	(0.00,-2.00)	2.00	-90.00
(0,0)	3	5	r1	r1	(0.00,2.00)	2.00	90.00
(0,0)	3	11	r1	r1	(2.00,0.00)	2.00	0.00
(0,0)	3	18	r1	r2	(0.00,-2.00)	2.00	-90.00
(0,0)	4	2	r1	r1	(0.00,-2.00)	2.00	-90.00
(0,0)	4	12	r1	r1	(2.00,0.00)	2.00	0.00
(0,0)	5	3	r1	r1	(0.00,-2.00)	2.00	-90.00
(0,0)	5	13	r1	r1	(2.00,0.00)	2.00	0.00
(0,0)	6	8	r1	r1	(0.00,2.00)	2.00	90.00
(0,0)	6	14	r1	r1	(2.00,0.00)	2.00	0.00
(0,0)	7	9	r1	r1	(0.00,2.00)	2.00	90.00
(0,0)	7	15	r1	r1	(2.00,0.00)	2.00	0.00
(0,0)	8	6	r1	r1	(0.00,-2.00)	2.00	-90.00
(0,0)	8	16	r1	r1	(2.00,0.00)	2.00	0.00
(0,0)	9	7	r1	r1	(0.00,-2.00)	2.00	-90.00
(0,0)	9	17	r1	r1	(2.00,0.00)	2.00	0.00
(0,0)	10	2	r1	r1	(-2.00,0.00)	2.00	180.00
(0,0)	10	12	r1	r1	(0.00,2.00)	2.00	90.00
(0,0)	11	3	r1	r1	(-2.00,0.00)	2.00	180.00
(0,0)	11	13	r1	r1	(0.00,2.00)	2.00	90.00
(0,0)	12	4	r1	r1	(-2.00,0.00)	2.00	180.00
(0,0)	12	10	r1	r1	(0.00,-2.00)	2.00	-90.00
(0,0)	13	5	r1	r1	(-2.00,0.00)	2.00	180.00
(0,0)	13	11	r1	r1	(0.00,-2.00)	2.00	-90.00
(0,0)	14	6	r1	r1	(-2.00,0.00)	2.00	180.00
(0,0)	14	16	r1	r1	(0.00,2.00)	2.00	90.00
(0,0)	15	7	r1	r1	(-2.00,0.00)	2.00	180.00
(0,0)	15	17	r1	r1	(0.00,2.00)	2.00	90.00
(0,0)	16	8	r1	r1	(-2.00,0.00)	2.00	180.00
(0,0)	16	14	r1	r1	(0.00,-2.00)	2.00	-90.00
(0,0)	17	9	r1	r1	(-2.00,0.00)	2.00	180.00
(0,0)	17	15	r1	r1	(0.00,-2.00)	2.00	-90.00
(0,0)	18	3	r2	r1	(0.00,2.00)	2.00	90.00
(0,0)	18	23	r2	r2	(1.76,0.94)	2.00	28.07
(0,0)	19	21	r2	r2	(-0.94,1.76)	2.00	118.07
(0,0)	21	19	r2	r2	(0.94,-1.76)	2.00	-61.93
(0,0)	23	1	r2	r1	(-1.76,-0.94)	2.00	-151.93
(0,0)	23	18	r2	r2	(-1.76,-0.94)	2.00	-151.93
(0,0)	23	25	r2	r2	(-0.94,1.76)	2.00	118.07
(0,0)	23	31	r2	r2	(1.76,0.94)	2.00	28.07
(0,0)	24	32	r2	r2	(1.76,0.94)	2.00	28.07
(0,0)	25	23	r2	r2	(0.94,-1.76)	2.00	-61.93
(0,0)	26	34	r2	r2	(1.76,0.94)	2.00	28.07
(0,0)	27	29	r2	r2	(-0.94,1.76)	2.00	118.07
(0,0)	29	27	r2	r2	(0.94,-1.76)	2.00	-61.93
(0,0)	31	23	r2	r2	(-1.76,-0.94)	2.00	-151.93
(0,0)	31	33	r2	r2	(-0.94,1.76)	2.00	118.07
(0,0)	32	24	r2	r2	(-1.76,-0.94)	2.00	-151.93
(0,0)	33	31	r2	r2	(0.94,-1.76)	2.00	-61.93
(0,0)	34	26	r2	r2	(-1.76,-0.94)	2.00	-151.93
(1,0)	10	1	r1	r1	(2.00,0.00)	2.00	0.00
(1,0)	10	18	r1	r2	(2.00,0.00)	2.00	0.00
(1,0)	11	2	r1	r1	(2.00,0.00)	2.00	0.00
(1,0)	12	3	r1	r1	(2.00,0.00)	2.00	0.00
(1,0)	13	4	r1	r1	(2.00,0.00)	2.00	0.00
(1,0)	15	6	r1	r1	(2.00,0.00)	2.00	0.00
(1,0)	16	7	r1	r1	(2.00,0.00)	2.00	0.00
(1,0)	17	8	r1	r1	(2.00,0.00)	2.00	0.00
(1,0)	28	21	r2	r2	(1.76,0.94)	2.00	28.07
(1,0)	29	22	r2	r2	(1.76,0.94)	2.00	28.07
(1,0)	32	1	r2	r1	(0.94,-1.76)	2.00	-61.93
(1,0)	32	18	r2	r2	(0.94,-1.76)	2.00	-61.93
(1,0)	32	25	r2	r2	(1.76,0.94)	2.00	28.07
(-1,0)	1	10	r1	r1	(-2.00,0.00)	2.00	180.00
(-1,0)	1	32	r1	r2	(-0.94,1.76)	2.00	118.07
(-1,0)	2	11	r1	r1	(-2.00,0.00)	2.00	180.00
(-1,0)	3	12	r1	r1	(-2.00,0.00)	2.00	180.00
(-1,0)	4	13	r1	r1	(-2.00,0.00)	2.00	180.00
(-1,0)	6	15	r1	r1	(-2.00,0.00)	2.00	180.00
(-1,0)	7	16	r1	r1	(-2.00,0.00)	2.00	180.00
(-1,0)	8	17	r1	r1	(-2.00,0.00)	2.00	180.00
(-1,0)	18	10	r2	r1	(-2.00,0.00)	2.00	180.00
(-1,0)	18	32	r2	r2	(-0.94,1.76)	2.00	118.07
(-1,0)	20	27	r2	r2	(-1.76,-0.94)	2.00	-151.93
(-1,0)	21	28	r2	r2	(-1.76,-0.94)	2.00	-151.93
(-1,0)	22	29	r2	r2	(-1.76,-0.94)	2.00	-151.93
(-1,0)	24	31	r2	r2	(-1.76,-0.94)	2.00	-151.93
(-1,0)	25	32	r2	r2	(-1.76,-0.94)	2.00	-151.93
(0,1)	4	6	r1	r1	(0.00,2.00)	2.00	90.00
(0,1)	5	7	r1	r1	(0.00,2.00)	2.00	90.00
(0,1)	8	10	r1	r1	(0.00,2.00)	2.00	90.00
(0,1)	9	1	r1	r1	(-2.00,0.00)	2.00	180.00
(0,1)	9	11	r1	r1	(0.00,2.00)	2.00	90.00
(0,1)	9	18	r1	r2	(-2.00,0.00)	2.00	180.00
(0,1)	12	14	r1	r1	(0.00,2.00)	2.00	90.00
(0,1)	13	15	r1	r1	(0.00,2.00)	2.00	90.00
(0,1)	21	1	r2	r1	(-0.94,1.76)	2.00	118.07
(0,1)	21	18	r2	r2	(-0.94,1.76)	2.00	118.07
(0,1)	25	19	r2	r2	(-0.94,1.76)	2.00	118.07
(0,1)	33	27	r2	r2	(-0.94,1.76)	2.00	118.07
(0,-1)	1	9	r1	r1	(2.00,0.00)	2.00	0.00
(0,-1)	1	21	r1	r2	(0.94,-1.76)	2.00	-61.93
(0,-1)	6	4	r1	r1	(0.00,-2.00)	2.00	-90.00
(0,-1)	7	5	r1	r1	(0.00,-2.00)	2.00	-90.00
(0,-1)	10	8	r1	r1	(0.00,-2.00)	2.00	-90.00
(0,-1)	11	9	r1	r1	(0.00,-2.00)	2.00	-90.00
(0,-1)	14	12	r1	r1	(0.00,-2.00)	2.00	-90.00
(0,-1)	15	13	r1	r1	(0.00,-2.00)	2.00	-90.00
(0,-1)	18	9	r2	r1	(2.00,0.00)	2.00	0.00
(0,-1)	18	21	r2	r2	(0.94,-1.76)	2.00	-61.93
(0,-1)	19	25	r2	r2	(0.94,-1.76)	2.00	-61.93
(0,-1)	20	26	r2	r2	(0.94,-1.76)	2.00	-61.93
(0,-1)	23	29	r2	r2	(0.94,-1.76)	2.00	-61.93
(0,-1)	24	30	r2	r2	(0.94,-1.76)	2.00	-61.93
(0,-1)	28	34	r2	r2	(0.94,-1.76)	2.00	-61.93
(1,1)	16	1	r1	r1	(0.00,2.00)	2.00	90.00
(1,1)	16	18	r1	r2	(0.00,2.00)	2.00	90.00
(1,1)	17	2	r1	r1	(0.00,2.00)	2.00	90.00
(1,1)	30	1	r2	r1	(1.76,0.94)	2.00	28.07
(1,1)	30	18	r2	r2	(1.76,0.94)	2.00	28.07
(1,1)	34	19	r2	r2	(1.76,0.94)	2.00	28.07
(-1,1)	5	14	r1	r1	(-2.00,0.00)	2.00	180.00
(-1,-1)	1	16	r1	r1	(0.00,-2.00)	2.00	-90.00
(-1,-1)	1	30	r1	r2	(-1.76,-0.94)	2.00	-151.93
(-1,-1)	2	17	r1	r1	(0.00,-2.00)	2.00	-90.00
(-1,-1)	18	16	r2	r1	(0.00,-2.00)	2.00	-90.00
(-1,-1)	18	30	r2	r2	(-1.76,-0.94)	2.00	-151.93
(-1,-1)	19	34	r2	r2	(-1.76,-0.94)	2.00	-151.93
(1,-1)	14	5	r1	r1	(2.00,0.00)	2.00	0.00
(1,-1)	31	22	r2	r2	(0.94,-1.76)	2.00	-61.93
(1,0)	27	20	r2	r2	(1.76,0.94)	2.00	28.07
(0,1)	29	23	r2	r2	(-0.94,1.76)	2.00	118.07
(-1,1)	22	31	r2	r2	(-0.94,1.76)	2.00	118.07
(0,1)	26	20	r2	r2	(-0.94,1.76)	2.00	118.07
(0,1)	30	24	r2	r2	(-0.94,1.76)	2.00	118.07
(0,1)	34	28	r2	r2	(-0.94,1.76)	2.00	118.07
(0,0)	10	32	r1	r2	(1.06,1.76)	2.06	59.04
(0,0)	16	30	r1	r2	(-1.76,1.06)	2.06	149.04
(0,0)	30	16	r2	r1	(1.76,-1.06)	2.06	-30.96
(0,0)	32	10	r2	r1	(-1.06,-1.76)	2.06	-120.96
(0,0)	3	23	r1	r2	(1.76,-1.06)	2.06	-30.96
(0,0)	9	21	r1	r2	(-1.06,-1.76)	2.06	-120.96
(0,0)	21	9	r2	r1	(1.06,1.76)	2.06	59.04
(0,0)	23	3	r2	r1	(-1.76,1.06)	2.06	149.04
(0,0)	3	29	r1	r2	(1.71,1.18)	2.07	34.59
(0,0)	7	30	r1	r2	(0.24,2.06)	2.07	83.48
(0,0)	8	32	r1	r2	(2.06,-0.24)	2.07	-6.52
(0,0)	9	28	r1	r2	(1.18,-1.71)	2.07	-55.41
(0,0)	11	21	r1	r2	(-2.06,0.24)	2.07	173.48
(0,0)	12	23	r1	r2	(-0.24,-2.06)	2.07	-96.52
(0,0)	21	11	r2	r1	(2.06,-0.24)	2.07	-6.52
(0,0)	23	12	r2	r1	(0.24,2.06)	2.07	83.48
(0,0)	28	9	r2	r1	(-1.18,1.71)	2.07	124.59
(0,0)	29	3	r2	r1	(-1.71,-1.18)	2.07	-145.41
(0,0)	30	7	r2	r1	(-0.24,-2.06)	2.07	-96.52
(0,0)	32	8	r2	r1	(-2.06,0.24)	2.07	173.48
(0,0)	10	25	r1	r2	(-1.18,1.71)	2.07	124.59
(0,0)	16	24	r1	r2	(-1.71,-1.18)	2.07	-145.41
(0,0)	24	16	r2	r1	(1.71,1.18)	2.07	34.59
(0,0)	25	10	r2	r1	(1.18,-1.71)	2.07	-55.41
(1,0)	16	26	r1	r2	(1.35,1.59)	2.09	49.57
(1,0)	13	21	r1	r2	(1.94,-0.76)	2.09	-21.50
(-1,0)	6	32	r1	r2	(-1.94,0.76)	2.09	158.50
(-1,0)	21	13	r2	r1	(-1.94,0.76)	2.09	158.50
(-1,0)	26	16	r2	r1	(-1.35,-1.59)	2.09	-130.43
(0,1)	33	10	r2	r1	(-1.59,1.35)	2.09	139.57
(0,-1)	10	33	r1	r2	(1.59,-1.35)	2.09	-40.43
(0,-1)	15	30	r1	r2	(-0.76,-1.94)	2.09	-111.50
(0,-1)	23	4	r2	r1	(-0.76,-1.94)	2.09	-111.50
(1,0)	27	3	r2	r1	(1.35,1.59)	2.09	49.57
(1,0)	32	6	r2	r1	(1.94,-0.76)	2.09	-21.50
(-1,0)	3	27	r1	r2	(-1.35,-1.59)	2.09	-130.43
(0,1)	4	23	r1	r2	(0.76,1.94)	2.09	68.50
(0,1)	9	20	r1	r2	(-1.59,1.35)	2.09	139.57
(0,1)	30	15	r2	r1	(0.76,1.94)	2.09	68.50
(0,-1)	20	9	r2	r1	(1.59,-1.35)	2.09	-40.43
(1,0)	15	22	r1	r2	(0.47,2.12)	2.17	77.47
(1,0)	31	4	r2	r1	(0.47,2.12)	2.17	77.47
(-1,0)	2	33	r1	r2	(-1.41,1.65)	2.17	130.60
(-1,0)	4	31	r1	r2	(-0.47,-2.12)	2.17	-102.53
(-1,0)	20	17	r2	r1	(-1.41,1.65)	2.17	130.60
(-1,0)	22	15	r2	r1	(-0.47,-2.12)	2.17	-102.53
(0,1)	13	19	r1	r2	(-2.12,0.47)	2.17	167.47
(0,1)	34	6	r2	r1	(-2.12,0.47)	2.17	167.47
(0,-1)	6	34	r1	r2	(2.12,-0.47)	2.17	-12.53
(0,-1)	14	26	r1	r2	(-1.65,-1.41)	2.17	-139.40
(0,-1)	19	13	r2	r1	(2.12,-0.47)	2.17	-12.53
(0,-1)	27	5	r2	r1	(-1.65,-1.41)	2.17	-139.40
(1,0)	17	20	r1	r2	(1.41,-1.65)	2.17	-49.40
(1,0)	33	2	r2	r1	(1.41,-1.65)	2.17	-49.40
(0,1)	5	27	r1	r2	(1.65,1.41)	2.17	40.60
(0,1)	26	14	r2	r1	(1.65,1.41)	2.17	40.60
(0,0)	2	22	r1	r2	(-0.53,2.12)	2.18	104.04
(0,0)	5	34	r1	r2	(2.12,0.53)	2.18	14.04
(0,0)	14	19	r1	r2	(-2.12,-0.53)	2.18	-165.96
(0,0)	17	31	r1	r2	(0.53,-2.12)	2.18	-75.96
(0,0)	19	14	r2	r1	(2.12,0.53)	2.18	14.04
(0,0)	22	2	r2	r1	(0.53,-2.12)	2.18	-75.96
(0,0)	31	17	r2	r1	(-0.53,2.12)	2.18	104.04
(0,0)	34	5	r2	r1	(-2.12,-0.53)	2.18	-165.96
(0,0)	3	28	r1	r2	(2.18,0.29)	2.20	7.70
(0,0)	7	32	r1	r2	(2.06,0.76)	2.20	20.38
(0,0)	8	23	r1	r2	(0.76,-2.06)	2.20	-69.62
(0,0)	10	29	r1	r2	(-0.29,2.18)	2.20	97.70
(0,0)	11	30	r1	r2	(-0.76,2.06)	2.20	110.38
(0,0)	12	21	r1	r2	(-2.06,-0.76)	2.20	-159.62
(0,0)	21	12	r2	r1	(2.06,0.76)	2.20	20.38
(0,0)	23	8	r2	r1	(-0.76,2.06)	2.20	110.38
(0,0)	28	3	r2	r1	(-2.18,-0.29)	2.20	-172.30
(0,0)	29	10	r2	r1	(0.29,-2.18)	2.20	-82.30
(0,0)	30	11	r2	r1	(0.76,-2.06)	2.20	-69.62
(0,0)	32	7	r2	r1	(-2.06,-0.76)	2.20	-159.62
(0,0)	9	24	r1	r2	(0.29,-2.18)	2.20	-82.30
(0,0)	16	25	r1	r2	(-2.18,-0.29)	2.20	-172.30
(0,0)	24	9	r2	r1	(-0.29,2.18)	2.20	97.70
(0,0)	25	16	r2	r1	(2.18,0.29)	2.20	7.70
(0,0)	1	24	r1	r2	(1.29,1.82)	2.24	54.64
(0,0)	18	24	r2	r2	(1.29,1.82)	2.24	54.64
(0,0)	19	28	r2	r2	(1.29,1.82)	2.24	54.64
(0,0)	20	26	r2	r2	(-0.06,2.24)	2.24	91.51
(0,0)	20	29	r2	r2	(1.29,1.82)	2.24	54.64
(0,0)	21	30	r2	r2	(1.29,1.82)	2.24	54.64
(0,0)	22	24	r2	r2	(1.82,-1.29)	2.24	-35.36
(0,0)	23	32	r2	r2	(1.29,1.82)	2.24	54.64
(0,0)	24	1	r2	r1	(-1.29,-1.82)	2.24	-125.36
(0,0)	24	18	r2	r2	(-1.29,-1.82)	2.24	-125.36
(0,0)	24	22	r2	r2	(-1.82,1.29)	2.24	144.64
(0,0)	24	33	r2	r2	(1.29,1.82)	2.24	54.64
(0,0)	25	34	r2	r2	(1.29,1.82)	2.24	54.64
(0,0)	26	20	r2	r2	(0.06,-2.24)	2.24	-88.49
(0,0)	26	28	r2	r2	(1.82,-1.29)	2.24	-35.36
(0,0)	26	33	r2	r2	(2.24,0.06)	2.24	1.51
(0,0)	28	19	r2	r2	(-1.29,-1.82)	2.24	-125.36
(0,0)	28	26	r2	r2	(-1.82,1.29)	2.24	144.64
(0,0)	29	20	r2	r2	(-1.29,-1.82)	2.24	-125.36
(0,0)	29	31	r2	r2	(1.82,-1.29)	2.24	-35.36
(0,0)	30	21	r2	r2	(-1.29,-1.82)	2.24	-125.36
(0,0)	30	32	r2	r2	(1.82,-1.29)	2.24	-35.36
(0,0)	31	29	r2	r2	(-1.82,1.29)	2.24	144.64
(0,0)	32	23	r2	r2	(-1.29,-1.82)	2.24	-125.36
(0,0)	32	30	r2	r2	(-1.82,1.29)	2.24	144.64
(0,0)	33	24	r2	r2	(-1.29,-1.82)	2.24	-125.36
(0,0)	33	26	r2	r2	(-2.24,-0.06)	2.24	-178.49
(0,0)	34	25	r2	r2	(-1.29,-1.82)	2.24	-125.36
(1,0)	27	19	r2	r2	(2.24,0.06)	2.24	1.51
(1,0)	31	22	r2	r2	(-0.06,2.24)	2.24	91.51
(1,0)	32	19	r2	r2	(1.82,-1.29)	2.24	-35.36
(1,0)	32	26	r2	r2	(1.29,1.82)	2.24	54.64
(1,0)	34	21	r2	r2	(1.82,-1.29)	2.24	-35.36
(1,0)	34	26	r2	r2	(2.24,0.06)	2.24	1.51
(-1,0)	1	28	r1	r2	(-1.82,1.29)	2.24	144.64
(-1,0)	18	28	r2	r2	(-1.82,1.29)	2.24	144.64
(-1,0)	19	32	r2	r2	(-1.82,1.29)	2.24	144.64
(-1,0)	20	33	r2	r2	(-1.82,1.29)	2.24	144.64
(-1,0)	21	34	r2	r2	(-1.82,1.29)	2.24	144.64
(-1,0)	26	32	r2	r2	(-1.29,-1.82)	2.24	-125.36
(0,1)	25	1	r2	r1	(-1.82,1.29)	2.24	144.64
(0,1)	25	18	r2	r2	(-1.82,1.29)	2.24	144.64
(0,1)	30	31	r2	r2	(1.29,1.82)	2.24	54.64
(0,1)	33	31	r2	r2	(-0.06,2.24)	2.24	91.51
(0,-1)	1	25	r1	r2	(1.82,-1.29)	2.24	-35.36
(0,-1)	18	25	r2	r2	(1.82,-1.29)	2.24	-35.36
(0,-1)	23	22	r2	r2	(-1.29,-1.82)	2.24	-125.36
(0,-1)	23	33	r2	r2	(1.82,-1.29)	2.24	-35.36
(0,-1)	27	26	r2	r2	(-1.29,-1.82)	2.24	-125.36
(0,-1)	31	30	r2	r2	(-1.29,-1.82)	2.24	-125.36
(1,1)	34	20	r2	r2	(1.29,1.82)	2.24	54.64
(-1,-1)	1	29	r1	r2	(-1.29,-1.82)	2.24	-125.36
(-1,-1)	18	29	r2	r2	(-1.29,-1.82)	2.24	-125.36
(1,-1)	31	26	r2	r2	(1.82,-1.29)	2.24	-35.36
(0,0)	1	7	r1	r1	(1.00,2.00)	2.24	63.43
(0,0)	1	10	r1	r1	(2.00,1.00)	2.24	26.57
(0,0)	1	21	r1	r2	(-0.06,2.24)	2.24	91.51
(0,0)	2	8	r1	r1	(1.00,2.00)	2.24	63.43
(0,0)	2	11	r1	r1	(2.00,1.00)	2.24	26.57
(0,0)	3	9	r1	r1	(1.00,2.00)	2.24	63.43
(0,0)	3	10	r1	r1	(2.00,-1.00)	2.24	-26.57
(0,0)	3	12	r1	r1	(2.00,1.00)	2.24	26.57
(0,0)	4	6	r1	r1	(1.00,-2.00)	2.24	-63.43
(0,0)	4	11	r1	r1	(2.00,-1.00)	2.24	-26.57
(0,0)	4	13	r1	r1	(2.00,1.00)	2.24	26.57
(0,0)	5	7	r1	r1	(1.00,-2.00)	2.24	-63.43
(0,0)	5	12	r1	r1	(2.00,-1.00)	2.24	-26.57
(0,0)	6	4	r1	r1	(-1.00,2.00)	2.24	116.57
(0,0)	6	12	r1	r1	(1.00,2.00)	2.24	63.43
(0,0)	6	15	r1	r1	(2.00,1.00)	2.24	26.57
(0,0)	7	1	r1	r1	(-1.00,-2.00)	2.24	-116.57
(0,0)	7	5	r1	r1	(-1.00,2.00)	2.24	116.57
(0,0)	7	13	r1	r1	(1.00,2.00)	2.24	63.43
(0,0)	7	14	r1	r1	(2.00,-1.00)	2.24	-26.57
(0,0)	7	16	r1	r1	(2.00,1.00)	2.24	26.57
(0,0)	7	18	r1	r2	(-1.00,-2.00)	2.24	-116.57
(0,0)	8	2	r1	r1	(-1.00,-2.00)	2.24	-116.57
(0,0)	8	10	r1	r1	(1.00,-2.00)	2.24	-63.43
(0,0)	8	15	r1	r1	(2.00,-1.00)	2.24	-26.57
(0,0)	8	17	r1	r1	(2.00,1.00)	2.24	26.57
(0,0)	9	3	r1	r1	(-1.00,-2.00)	2.24	-116.57
(0,0)	9	11	r1	r1	(1.00,-2.00)	2.24	-63.43
(0,0)	9	16	r1	r1	(2.00,-1.00)	2.24	-26.57
(0,0)	10	1	r1	r1	(-2.00,-1.00)	2.24	-153.43
(0,0)	10	3	r1	r1	(-2.00,1.00)	2.24	153.43
(0,0)	10	8	r1	r1	(-1.00,2.00)	2.24	116.57
(0,0)	10	16	r1	r1	(1.00,2.00)	2.24	63.43
(0,0)	10	18	r1	r2	(-2.00,-1.00)	2.24	-153.43
(0,0)	11	2	r1	r1	(-2.00,-1.00)	2.24	-153.43
(0,0)	11	4	r1	r1	(-2.00,1.00)	2.24	153.43
(0,0)	11	9	r1	r1	(-1.00,2.00)	2.24	116.57
(0,0)	11	17	r1	r1	(1.00,2.00)	2.24	63.43
(0,0)	12	3	r1	r1	(-2.00,-1.00)	2.24	-153.43
(0,0)	12	5	r1	r1	(-2.00,1.00)	2.24	153.43
(0,0)	12	6	r1	r1	(-1.00,-2.00)	2.24	-116.57
(0,0)	12	14	r1	r1	(1.00,-2.00)	2.24	-63.43
(0,0)	13	4	r1	r1	(-2.00,-1.00)	2.24	-153.43
(0,0)	13	7	r1	r1	(-1.00,-2.00)	2.24	-116.57
(0,0)	13	15	r1	r1	(1.00,-2.00)	2.24	-63.43
(0,0)	14	7	r1	r1	(-2.00,1.00)	2.24	153.43
(0,0)	14	12	r1	r1	(-1.00,2.00)	2.24	116.57
(0,0)	15	6	r1	r1	(-2.00,-1.00)	2.24	-153.43
(0,0)	15	8	r1	r1	(-2.00,1.00)	2.24	153.43
(0,0)	15	13	r1	r1	(-1.00,2.00)	2.24	116.57
(0,0)	16	7	r1	r1	(-2.00,-1.00)	2.24	-153.43
(0,0)	16	9	r1	r1	(-2.00,1.00)	2.24	153.43
(0,0)	16	10	r1	r1	(-1.00,-2.00)	2.24	-116.57
(0,0)	17	8	r1	r1	(-2.00,-1.00)	2.24	-153.43
(0,0)	17	11	r1	r1	(-1.00,-2.00)	2.24	-116.57
(0,0)	18	7	r2	r1	(1.00,2.00)	2.24	63.43
(0,0)	18	10	r2	r1	(2.00,1.00)	2.24	26.57
(0,0)	18	21	r2	r2	(-0.06,2.24)	2.24	91.51
(0,0)	19	25	r2	r2	(-0.06,2.24)	2.24	91.51
(0,0)	20	27	r2	r2	(2.24,0.06)	2.24	1.51
(0,0)	21	1	r2	r1	(0.06,-2.24)	2.24	-88.49
(0,0)	21	18	r2	r2	(0.06,-2.24)	2.24	-88.49
(0,0)	21	23	r2	r2	(1.82,-1.29)	2.24	-35.36
(0,0)	21	28	r2	r2	(2.24,0.06)	2.24	1.51
(0,0)	22	29	r2	r2	(2.24,0.06)	2.24	1.51
(0,0)	23	21	r2	r2	(-1.82,1.29)	2.24	144.64
(0,0)	23	29	r2	r2	(-0.06,2.24)	2.24	91.51
(0,0)	24	30	r2	r2	(-0.06,2.24)	2.24	91.51
(0,0)	24	31	r2	r2	(2.24,0.06)	2.24	1.51
(0,0)	25	19	r2	r2	(0.06,-2.24)	2.24	-88.49
(0,0)	25	27	r2	r2	(1.82,-1.29)	2.24	-35.36
(0,0)	25	32	r2	r2	(2.24,0.06)	2.24	1.51
(0,0)	27	20	r2	r2	(-2.24,-0.06)	2.24	-178.49
(0,0)	27	25	r2	r2	(-1.82,1.29)	2.24	144.64
(0,0)	27	33	r2	r2	(-0.06,2.24)	2.24	91.51
(0,0)	28	21	r2	r2	(-2.24,-0.06)	2.24	-178.49
(0,0)	28	34	r2	r2	(-0.06,2.24)	2.24	91.51
(0,0)	29	22	r2	r2	(-2.24,-0.06)	2.24	-178.49
(0,0)	29	23	r2	r2	(0.06,-2.24)	2.24	-88.49
(0,0)	30	24	r2	r2	(0.06,-2.24)	2.24	-88.49
(0,0)	31	24	r2	r2	(-2.24,-0.06)	2.24	-178.49
(0,0)	32	25	r2	r2	(-2.24,-0.06)	2.24	-178.49
(0,0)	33	27	r2	r2	(0.06,-2.24)	2.24	-88.49
(0,0)	34	28	r2	r2	(0.06,-2.24)	2.24	-88.49
(1,0)	10	2	r1	r1	(2.00,1.00)	2.24	26.57
(1,0)	11	1	r1	r1	(2.00,-1.00)	2.24	-26.57
(1,0)	11	3	r1	r1	(2.00,1.00)	2.24	26.57
(1,0)	11	18	r1	r2	(2.00,-1.00)	2.24	-26.57
(1,0)	12	2	r1	r1	(2.00,-1.00)	2.24	-26.57
(1,0)	12	4	r1	r1	(2.00,1.00)	2.24	26.57
(1,0)	13	3	r1	r1	(2.00,-1.00)	2.24	-26.57
(1,0)	13	5	r1	r1	(2.00,1.00)	2.24	26.57
(1,0)	14	3	r1	r1	(1.00,2.00)	2.24	63.43
(1,0)	14	6	r1	r1	(2.00,1.00)	2.24	26.57
(1,0)	15	4	r1	r1	(1.00,2.00)	2.24	63.43
(1,0)	15	7	r1	r1	(2.00,1.00)	2.24	26.57
(1,0)	16	1	r1	r1	(1.00,-2.00)	2.24	-63.43
(1,0)	16	5	r1	r1	(1.00,2.00)	2.24	63.43
(1,0)	16	6	r1	r1	(2.00,-1.00)	2.24	-26.57
(1,0)	16	8	r1	r1	(2.00,1.00)	2.24	26.57
(1,0)	16	18	r1	r2	(1.00,-2.00)	2.24	-63.43
(1,0)	17	2	r1	r1	(1.00,-2.00)	2.24	-63.43
(1,0)	17	7	r1	r1	(2.00,-1.00)	2.24	-26.57
(1,0)	17	9	r1	r1	(2.00,1.00)	2.24	26.57
(1,0)	23	1	r2	r1	(2.24,0.06)	2.24	1.51
(1,0)	23	18	r2	r2	(2.24,0.06)	2.24	1.51
(1,0)	27	21	r2	r2	(1.29,1.82)	2.24	54.64
(1,0)	28	1	r2	r1	(1.82,-1.29)	2.24	-35.36
(1,0)	28	18	r2	r2	(1.82,-1.29)	2.24	-35.36
(1,0)	28	22	r2	r2	(1.29,1.82)	2.24	54.64
(1,0)	29	21	r2	r2	(2.24,0.06)	2.24	1.51
(1,0)	30	22	r2	r2	(2.24,0.06)	2.24	1.51
(1,0)	31	23	r2	r2	(2.24,0.06)	2.24	1.51
(1,0)	31	25	r2	r2	(1.29,1.82)	2.24	54.64
(1,0)	32	24	r2	r2	(2.24,0.06)	2.24	1.51
(1,0)	33	25	r2	r2	(2.24,0.06)	2.24	1.51
(-1,0)	1	11	r1	r1	(-2.00,1.00)	2.24	153.43
(-1,0)	1	16	r1	r1	(-1.00,2.00)	2.24	116.57
(-1,0)	1	23	r1	r2	(-2.24,-0.06)	2.24	-178.49
(-1,0)	2	10	r1	r1	(-2.00,-1.00)	2.24	-153.43
(-1,0)	2	12	r1	r1	(-2.00,1.00)	2.24	153.43
(-1,0)	2	17	r1	r1	(-1.00,2.00)	2.24	116.57
(-1,0)	3	11	r1	r1	(-2.00,-1.00)	2.24	-153.43
(-1,0)	3	13	r1	r1	(-2.00,1.00)	2.24	153.43
(-1,0)	3	14	r1	r1	(-1.00,-2.00)	2.24	-116.57
(-1,0)	4	12	r1	r1	(-2.00,-1.00)	2.24	-153.43
(-1,0)	4	15	r1	r1	(-1.00,-2.00)	2.24	-116.57
(-1,0)	5	13	r1	r1	(-2.00,-1.00)	2.24	-153.43
(-1,0)	5	16	r1	r1	(-1.00,-2.00)	2.24	-116.57
(-1,0)	6	14	r1	r1	(-2.00,-1.00)	2.24	-153.43
(-1,0)	6	16	r1	r1	(-2.00,1.00)	2.24	153.43
(-1,0)	7	15	r1	r1	(-2.00,-1.00)	2.24	-153.43
(-1,0)	7	17	r1	r1	(-2.00,1.00)	2.24	153.43
(-1,0)	8	16	r1	r1	(-2.00,-1.00)	2.24	-153.43
(-1,0)	9	17	r1	r1	(-2.00,-1.00)	2.24	-153.43
(-1,0)	18	11	r2	r1	(-2.00,1.00)	2.24	153.43
(-1,0)	18	16	r2	r1	(-1.00,2.00)	2.24	116.57
(-1,0)	18	23	r2	r2	(-2.24,-0.06)	2.24	-178.49
(-1,0)	19	27	r2	r2	(-2.24,-0.06)	2.24	-178.49
(-1,0)	20	28	r2	r2	(-2.24,-0.06)	2.24	-178.49
(-1,0)	21	27	r2	r2	(-1.29,-1.82)	2.24	-125.36
(-1,0)	21	29	r2	r2	(-2.24,-0.06)	2.24	-178.49
(-1,0)	22	28	r2	r2	(-1.29,-1.82)	2.24	-125.36
(-1,0)	22	30	r2	r2	(-2.24,-0.06)	2.24	-178.49
(-1,0)	22	31	r2	r2	(0.06,-2.24)	2.24	-88.49
(-1,0)	23	31	r2	r2	(-2.24,-0.06)	2.24	-178.49
(-1,0)	24	32	r2	r2	(-2.24,-0.06)	2.24	-178.49
(-1,0)	25	31	r2	r2	(-1.29,-1.82)	2.24	-125.36
(-1,0)	25	33	r2	r2	(-2.24,-0.06)	2.24	-178.49
(-1,0)	26	34	r2	r2	(-2.24,-0.06)	2.24	-178.49
(0,1)	3	1	r1	r1	(-1.00,2.00)	2.24	116.57
(0,1)	3	18	r1	r2	(-1.00,2.00)	2.24	116.57
(0,1)	4	2	r1	r1	(-1.00,2.00)	2.24	116.57
(0,1)	4	10	r1	r1	(1.00,2.00)	2.24	63.43
(0,1)	5	3	r1	r1	(-1.00,2.00)	2.24	116.57
(0,1)	5	11	r1	r1	(1.00,2.00)	2.24	63.43
(0,1)	5	14	r1	r1	(2.00,1.00)	2.24	26.57
(0,1)	8	1	r1	r1	(-2.00,1.00)	2.24	153.43
(0,1)	8	6	r1	r1	(-1.00,2.00)	2.24	116.57
(0,1)	8	14	r1	r1	(1.00,2.00)	2.24	63.43
(0,1)	8	18	r1	r2	(-2.00,1.00)	2.24	153.43
(0,1)	9	2	r1	r1	(-2.00,1.00)	2.24	153.43
(0,1)	9	7	r1	r1	(-1.00,2.00)	2.24	116.57
(0,1)	9	15	r1	r1	(1.00,2.00)	2.24	63.43
(0,1)	12	10	r1	r1	(-1.00,2.00)	2.24	116.57
(0,1)	13	6	r1	r1	(-2.00,1.00)	2.24	153.43
(0,1)	13	11	r1	r1	(-1.00,2.00)	2.24	116.57
(0,1)	16	14	r1	r1	(-1.00,2.00)	2.24	116.57
(0,1)	17	10	r1	r1	(-2.00,1.00)	2.24	153.43
(0,1)	17	15	r1	r1	(-1.00,2.00)	2.24	116.57
(0,1)	21	19	r2	r2	(-0.06,2.24)	2.24	91.51
(0,1)	22	23	r2	r2	(1.29,1.82)	2.24	54.64
(0,1)	25	23	r2	r2	(-0.06,2.24)	2.24	91.51
(0,1)	29	19	r2	r2	(-1.82,1.29)	2.24	144.64
(0,1)	30	1	r2	r1	(-2.24,-0.06)	2.24	-178.49
(0,1)	30	18	r2	r2	(-2.24,-0.06)	2.24	-178.49
(0,1)	33	23	r2	r2	(-1.82,1.29)	2.24	144.64
(0,1)	34	19	r2	r2	(-2.24,-0.06)	2.24	-178.49
(0,1)	34	32	r2	r2	(-0.06,2.24)	2.24	91.51
(0,-1)	1	3	r1	r1	(1.00,-2.00)	2.24	-63.43
(0,-1)	1	8	r1	r1	(2.00,-1.00)	2.24	-26.57
(0,-1)	1	30	r1	r2	(2.24,0.06)	2.24	1.51
(0,-1)	2	4	r1	r1	(1.00,-2.00)	2.24	-63.43
(0,-1)	2	9	r1	r1	(2.00,-1.00)	2.24	-26.57
(0,-1)	3	5	r1	r1	(1.00,-2.00)	2.24	-63.43
(0,-1)	6	8	r1	r1	(1.00,-2.00)	2.24	-63.43
(0,-1)	6	13	r1	r1	(2.00,-1.00)	2.24	-26.57
(0,-1)	7	9	r1	r1	(1.00,-2.00)	2.24	-63.43
(0,-1)	10	4	r1	r1	(-1.00,-2.00)	2.24	-116.57
(0,-1)	10	12	r1	r1	(1.00,-2.00)	2.24	-63.43
(0,-1)	10	17	r1	r1	(2.00,-1.00)	2.24	-26.57
(0,-1)	11	5	r1	r1	(-1.00,-2.00)	2.24	-116.57
(0,-1)	11	13	r1	r1	(1.00,-2.00)	2.24	-63.43
(0,-1)	14	5	r1	r1	(-2.00,-1.00)	2.24	-153.43
(0,-1)	14	8	r1	r1	(-1.00,-2.00)	2.24	-116.57
(0,-1)	14	16	r1	r1	(1.00,-2.00)	2.24	-63.43
(0,-1)	15	9	r1	r1	(-1.00,-2.00)	2.24	-116.57
(0,-1)	15	17	r1	r1	(1.00,-2.00)	2.24	-63.43
(0,-1)	18	3	r2	r1	(1.00,-2.00)	2.24	-63.43
(0,-1)	18	8	r2	r1	(2.00,-1.00)	2.24	-26.57
(0,-1)	18	30	r2	r2	(2.24,0.06)	2.24	1.51
(0,-1)	19	21	r2	r2	(0.06,-2.24)	2.24	-88.49
(0,-1)	19	29	r2	r2	(1.82,-1.29)	2.24	-35.36
(0,-1)	19	34	r2	r2	(2.24,0.06)	2.24	1.51
(0,-1)	20	22	r2	r2	(0.06,-2.24)	2.24	-88.49
(0,-1)	20	30	r2	r2	(1.82,-1.29)	2.24	-35.36
(0,-1)	23	25	r2	r2	(0.06,-2.24)	2.24	-88.49
(0,-1)	24	26	r2	r2	(0.06,-2.24)	2.24	-88.49
(0,-1)	24	34	r2	r2	(1.82,-1.29)	2.24	-35.36
(0,-1)	27	29	r2	r2	(0.06,-2.24)	2.24	-88.49
(0,-1)	28	30	r2	r2	(0.06,-2.24)	2.24	-88.49
(0,-1)	31	33	r2	r2	(0.06,-2.24)	2.24	-88.49
(0,-1)	32	34	r2	r2	(0.06,-2.24)	2.24	-88.49
(1,1)	9	1	r1	r1	(2.00,1.00)	2.24	26.57
(1,1)	9	18	r1	r2	(2.00,1.00)	2.24	26.57
(1,1)	12	1	r1	r1	(1.00,2.00)	2.24	63.43
(1,1)	12	18	r1	r2	(1.00,2.00)	2.24	63.43
(1,1)	13	2	r1	r1	(1.00,2.00)	2.24	63.43
(1,1)	17	6	r1	r1	(1.00,2.00)	2.24	63.43
(1,1)	29	1	r2	r1	(1.29,1.82)	2.24	54.64
(1,1)	29	18	r2	r2	(1.29,1.82)	2.24	54.64
(1,1)	32	1	r2	r1	(-0.06,2.24)	2.24	91.51
(1,1)	32	18	r2	r2	(-0.06,2.24)	2.24	91.51
(-1,1)	4	14	r1	r1	(-2.00,1.00)	2.24	153.43
(-1,1)	5	15	r1	r1	(-2.00,1.00)	2.24	153.43
(-1,-1)	1	9	r1	r1	(-2.00,-1.00)	2.24	-153.43
(-1,-1)	1	12	r1	r1	(-1.00,-2.00)	2.24	-116.57
(-1,-1)	1	32	r1	r2	(0.06,-2.24)	2.24	-88.49
(-1,-1)	2	13	r1	r1	(-1.00,-2.00)	2.24	-116.57
(-1,-1)	6	17	r1	r1	(-1.00,-2.00)	2.24	-116.57
(-1,-1)	18	9	r2	r1	(-2.00,-1.00)	2.24	-153.43
(-1,-1)	18	12	r2	r1	(-1.00,-2.00)	2.24	-116.57
(-1,-1)	18	32	r2	r2	(0.06,-2.24)	2.24	-88.49
(-1,-1)	19	33	r2	r2	(-1.29,-1.82)	2.24	-125.36
(-1,-1)	20	34	r2	r2	(-1.29,-1.82)	2.24	-125.36
(1,-1)	14	4	r1	r1	(2.00,-1.00)	2.24	-26.57
(1,-1)	15	5	r1	r1	(2.00,-1.00)	2.24	-26.57
(1,-1)	27	22	r2	r2	(1.82,-1.29)	2.24	-35.36
(1,0)	28	20	r2	r2	(2.24,0.06)	2.24	1.51
(1,0)	33	20	r2	r2	(1.82,-1.29)	2.24	-35.36
(0,1)	22	20	r2	r2	(-0.06,2.24)	2.24	91.51
(0,1)	26	27	r2	r2	(1.29,1.82)	2.24	54.64
(0,1)	29	27	r2	r2	(-0.06,2.24)	2.24	91.51
(0,1)	30	20	r2	r2	(-1.82,1.29)	2.24	144.64
(0,1)	34	24	r2	r2	(-1.82,1.29)	2.24	144.64
(1,1)	33	19	r2	r2	(1.29,1.82)	2.24	54.64
(-1,1)	22	27	r2	r2	(-1.82,1.29)	2.24	144.64
(-1,1)	26	31	r2	r2	(-1.82,1.29)	2.24	144.64
(0,1)	26	24	r2	r2	(-0.06,2.24)	2.24	91.51
(0,1)	30	28	r2	r2	(-0.06,2.24)	2.24	91.51
(0,0)	4	28	r1	r2	(2.18,-0.71)	2.29	-17.97
(0,0)	6	29	r1	r2	(0.71,2.18)	2.29	72.03
(0,0)	7	33	r1	r2	(1.59,1.65)	2.29	46.04
(0,0)	8	27	r1	r2	(1.65,-1.59)	2.29	-43.96
(0,0)	11	26	r1	r2	(-1.65,1.59)	2.29	136.04
(0,0)	12	20	r1	r2	(-1.59,-1.65)	2.29	-133.96
(0,0)	20	12	r2	r1	(1.59,1.65)	2.29	46.04
(0,0)	26	11	r2	r1	(1.65,-1.59)	2.29	-43.96
(0,0)	27	8	r2	r1	(-1.65,1.59)	2.29	136.04
(0,0)	28	4	r2	r1	(-2.18,0.71)	2.29	162.03
(0,0)	29	6	r2	r1	(-0.71,-2.18)	2.29	-107.97
(0,0)	33	7	r2	r1	(-1.59,-1.65)	2.29	-133.96
(0,0)	13	24	r1	r2	(-0.71,-2.18)	2.29	-107.97
(0,0)	15	25	r1	r2	(-2.18,0.71)	2.29	162.03
(0,0)	24	13	r2	r1	(0.71,2.18)	2.29	72.03
(0,0)	25	15	r2	r1	(2.18,-0.71)	2.29	-17.97
(1,0)	11	21	r1	r2	(1.94,1.24)	2.30	32.47
(1,0)	16	24	r1	r2	(2.29,-0.18)	2.30	-4.40
(1,0)	29	3	r2	r1	(2.29,-0.18)	2.30	-4.40
(-1,0)	3	29	r1	r2	(-2.29,0.18)	2.30	175.60
(-1,0)	8	32	r1	r2	(-1.94,-1.24)	2.30	-147.53
(-1,0)	21	11	r2	r1	(-1.94,-1.24)	2.30	-147.53
(-1,0)	24	16	r2	r1	(-2.29,0.18)	2.30	175.60
(0,1)	25	10	r2	r1	(0.18,2.29)	2.30	85.60
(0,-1)	7	30	r1	r2	(1.24,-1.94)	2.30	-57.53
(0,-1)	10	25	r1	r2	(-0.18,-2.29)	2.30	-94.40
(0,-1)	23	12	r2	r1	(1.24,-1.94)	2.30	-57.53
(0,-1)	28	9	r2	r1	(-0.18,-2.29)	2.30	-94.40
(1,0)	32	8	r2	r1	(1.94,1.24)	2.30	32.47
(0,1)	12	23	r1	r2	(-1.24,1.94)	2.30	122.47
(0,1)	30	7	r2	r1	(-1.24,1.94)	2.30	122.47
(0,1)	9	28	r1	r2	(0.18,2.29)	2.30	85.60
(1,1)	17	20	r1	r2	(0.41,2.35)	2.39	80.07
(1,-1)	14	26	r1	r2	(2.35,-0.41)	2.39	-9.93
(1,1)	13	19	r1	r2	(1.88,1.47)	2.39	38.00
(1,1)	33	2	r2	r1	(0.41,2.35)	2.39	80.07
(1,1)	34	6	r2	r1	(1.88,1.47)	2.39	38.00
(-1,1)	5	27	r1	r2	(-2.35,0.41)	2.39	170.07
(-1,1)	22	15	r2	r1	(-1.47,1.88)	2.39	128.00
(-1,1)	26	14	r2	r1	(-2.35,0.41)	2.39	170.07
(-1,-1)	2	33	r1	r2	(-0.41,-2.35)	2.39	-99.93
(-1,-1)	6	34	r1	r2	(-1.88,-1.47)	2.39	-142.00
(-1,-1)	19	13	r2	r1	(-1.88,-1.47)	2.39	-142.00
(-1,-1)	20	17	r2	r1	(-0.41,-2.35)	2.39	-99.93
(1,-1)	15	22	r1	r2	(1.47,-1.88)	2.39	-52.00
(1,-1)	27	5	r2	r1	(2.35,-0.41)	2.39	-9.93
(1,-1)	31	4	r2	r1	(1.47,-1.88)	2.39	-52.00
(-1,1)	4	31	r1	r2	(-1.47,1.88)	2.39	128.00
(0,0)	3	30	r1	r2	(1.24,2.06)	2.40	59.04
(0,0)	9	32	r1	r2	(2.06,-1.24)	2.40	-30.96
(0,0)	10	21	r1	r2	(-2.06,1.24)	2.40	149.04
(0,0)	16	23	r1	r2	(-1.24,-2.06)	2.40	-120.96
(0,0)	21	10	r2	r1	(2.06,-1.24)	2.40	-30.96
(0,0)	23	16	r2	r1	(1.24,2.06)	2.40	59.04
(0,0)	30	3	r2	r1	(-1.24,-2.06)	2.40	-120.96
(0,0)	32	9	r2	r1	(-2.06,1.24)	2.40	149.04
(1,0)	13	26	r1	r2	(2.35,0.59)	2.43	14.04
(1,0)	14	21	r1	r2	(0.94,2.24)	2.43	67.17
(1,0)	16	19	r1	r2	(1.88,-1.53)	2.43	-39.09
(0,1)	9	31	r1	r2	(1.53,1.88)	2.43	50.91
(1,0)	27	6	r2	r1	(2.35,0.59)	2.43	14.04
(1,0)	32	5	r2	r1	(0.94,2.24)	2.43	67.17
(1,0)	34	3	r2	r1	(1.88,-1.53)	2.43	-39.09
(-1,0)	3	34	r1	r2	(-1.88,1.53)	2.43	140.91
(-1,0)	5	32	r1	r2	(-0.94,-2.24)	2.43	-112.83
(-1,0)	6	27	r1	r2	(-2.35,-0.59)	2.43	-165.96
(-1,0)	19	16	r2	r1	(-1.88,1.53)	2.43	140.91
(-1,0)	21	14	r2	r1	(-0.94,-2.24)	2.43	-112.83
(-1,0)	26	13	r2	r1	(-2.35,-0.59)	2.43	-165.96
(0,1)	17	23	r1	r2	(-2.24,0.94)	2.43	157.17
(0,1)	22	10	r2	r1	(1.53,1.88)	2.43	50.91
(0,1)	30	2	r2	r1	(-2.24,0.94)	2.43	157.17
(0,1)	33	15	r2	r1	(-0.59,2.35)	2.43	104.04
(0,-1)	2	30	r1	r2	(2.24,-0.94)	2.43	-22.83
(0,-1)	10	22	r1	r2	(-1.53,-1.88)	2.43	-129.09
(0,-1)	15	33	r1	r2	(0.59,-2.35)	2.43	-75.96
(0,-1)	20	4	r2	r1	(0.59,-2.35)	2.43	-75.96
(0,-1)	23	17	r2	r1	(2.24,-0.94)	2.43	-22.83
(0,-1)	31	9	r2	r1	(-1.53,-1.88)	2.43	-129.09
(0,1)	4	20	r1	r2	(-0.59,2.35)	2.43	104.04
(1,0)	15	24	r1	r2	(2.29,0.82)	2.44	19.75
(1,0)	29	4	r2	r1	(2.29,0.82)	2.44	19.75
(-1,0)	4	29	r1	r2	(-2.29,-0.82)	2.44	-160.25
(-1,0)	8	33	r1	r2	(-2.41,-0.35)	2.44	-171.67
(-1,0)	20	11	r2	r1	(-2.41,-0.35)	2.44	-171.67
(-1,0)	24	15	r2	r1	(-2.29,-0.82)	2.44	-160.25
(0,1)	25	6	r2	r1	(-0.82,2.29)	2.44	109.75
(0,-1)	6	25	r1	r2	(0.82,-2.29)	2.44	-70.25
(0,-1)	7	26	r1	r2	(0.35,-2.41)	2.44	-81.67
(0,-1)	27	12	r2	r1	(0.35,-2.41)	2.44	-81.67
(0,-1)	28	13	r2	r1	(0.82,-2.29)	2.44	-70.25
(1,0)	11	20	r1	r2	(2.41,0.35)	2.44	8.33
(1,0)	33	8	r2	r1	(2.41,0.35)	2.44	8.33
(0,1)	12	27	r1	r2	(-0.35,2.41)	2.44	98.33
(0,1)	26	7	r2	r1	(-0.35,2.41)	2.44	98.33
(0,1)	13	28	r1	r2	(-0.82,2.29)	2.44	109.75
(1,0)	9	22	r1	r2	(2.47,0.12)	2.47	2.73
(1,0)	17	30	r1	r2	(2.24,1.06)	2.47	25.35
(1,0)	23	2	r2	r1	(2.24,1.06)	2.47	25.35
(1,0)	31	10	r2	r1	(2.47,0.12)	2.47	2.73
(-1,0)	2	23	r1	r2	(-2.24,-1.06)	2.47	-154.65
(-1,0)	10	31	r1	r2	(-2.47,-0.12)	2.47	-177.27
(-1,0)	22	9	r2	r1	(-2.47,-0.12)	2.47	-177.27
(-1,0)	30	17	r2	r1	(-2.24,-1.06)	2.47	-154.65
(0,1)	3	19	r1	r2	(-0.12,2.47)	2.47	92.73
(0,1)	5	21	r1	r2	(-1.06,2.24)	2.47	115.35
(0,1)	32	14	r2	r1	(-1.06,2.24)	2.47	115.35
(0,1)	34	16	r2	r1	(-0.12,2.47)	2.47	92.73
(0,-1)	14	32	r1	r2	(1.06,-2.24)	2.47	-64.65
(0,-1)	16	34	r1	r2	(0.12,-2.47)	2.47	-87.27
(0,-1)	19	3	r2	r1	(0.12,-2.47)	2.47	-87.27
(0,-1)	21	5	r2	r1	(1.06,-2.24)	2.47	-64.65
(1,0)	15	25	r1	r2	(1.82,1.71)	2.50	43.09
(-1,0)	4	28	r1	r2	(-1.82,-1.71)	2.50	-136.91
(-1,0)	7	33	r1	r2	(-2.41,0.65)	2.50	164.98
(-1,0)	20	12	r2	r1	(-2.41,0.65)	2.50	164.98
(-1,0)	25	15	r2	r1	(-1.82,-1.71)	2.50	-136.91
(0,-1)	6	29	r1	r2	(1.71,-1.82)	2.50	-46.91
(0,-1)	11	26	r1	r2	(-0.65,-2.41)	2.50	-105.02
(0,-1)	24	13	r2	r1	(1.71,-1.82)	2.50	-46.91
(0,-1)	27	8	r2	r1	(-0.65,-2.41)	2.50	-105.02
(1,0)	12	20	r1	r2	(2.41,-0.65)	2.50	-15.02
(1,0)	28	4	r2	r1	(1.82,1.71)	2.50	43.09
(1,0)	33	7	r2	r1	(2.41,-0.65)	2.50	-15.02
(0,1)	8	27	r1	r2	(0.65,2.41)	2.50	74.98
(0,1)	13	24	r1	r2	(-1.71,1.82)	2.50	133.09
(0,1)	26	11	r2	r1	(0.65,2.41)	2.50	74.98
(0,1)	29	6	r2	r1	(-1.71,1.82)	2.50	133.09
(0,0)	2	28	r1	r2	(2.18,1.29)	2.53	30.74
(0,0)	7	31	r1	r2	(2.53,-0.12)	2.53	-2.66
(0,0)	8	19	r1	r2	(-0.12,-2.53)	2.53	-92.66
(0,0)	11	34	r1	r2	(0.12,2.53)	2.53	87.34
(0,0)	12	22	r1	r2	(-2.53,0.12)	2.53	177.34
(0,0)	14	29	r1	r2	(-1.29,2.18)	2.53	120.74
(0,0)	19	8	r2	r1	(0.12,2.53)	2.53	87.34
(0,0)	22	12	r2	r1	(2.53,-0.12)	2.53	-2.66
(0,0)	28	2	r2	r1	(-2.18,-1.29)	2.53	-149.26
(0,0)	29	14	r2	r1	(1.29,-2.18)	2.53	-59.26
(0,0)	31	7	r2	r1	(-2.53,0.12)	2.53	177.34
(0,0)	34	11	r2	r1	(-0.12,-2.53)	2.53	-92.66
(0,0)	5	24	r1	r2	(1.29,-2.18)	2.53	-59.26
(0,0)	17	25	r1	r2	(-2.18,-1.29)	2.53	-149.26
(0,0)	24	5	r2	r1	(-1.29,2.18)	2.53	120.74
(0,0)	25	17	r2	r1	(2.18,1.29)	2.53	30.74
(1,0)	11	22	r1	r2	(1.47,2.12)	2.58	55.22
(1,0)	17	24	r1	r2	(2.29,-1.18)	2.58	-27.15
(1,0)	29	2	r2	r1	(2.29,-1.18)	2.58	-27.15
(1,0)	31	8	r2	r1	(1.47,2.12)	2.58	55.22
(-1,0)	2	29	r1	r2	(-2.29,1.18)	2.58	152.85
(-1,0)	8	31	r1	r2	(-1.47,-2.12)	2.58	-124.78
(-1,0)	22	11	r2	r1	(-1.47,-2.12)	2.58	-124.78
(-1,0)	24	17	r2	r1	(-2.29,1.18)	2.58	152.85
(0,1)	12	19	r1	r2	(-2.12,1.47)	2.58	145.22
(0,1)	25	14	r2	r1	(1.18,2.29)	2.58	62.85
(0,1)	34	7	r2	r1	(-2.12,1.47)	2.58	145.22
(0,-1)	7	34	r1	r2	(2.12,-1.47)	2.58	-34.78
(0,-1)	14	25	r1	r2	(-1.18,-2.29)	2.58	-117.15
(0,-1)	19	12	r2	r1	(2.12,-1.47)	2.58	-34.78
(0,-1)	28	5	r2	r1	(-1.18,-2.29)	2.58	-117.15
(0,1)	5	28	r1	r2	(1.18,2.29)	2.58	62.85
(0,0)	2	26	r1	r2	(0.35,2.59)	2.61	82.23
(0,0)	5	33	r1	r2	(2.59,-0.35)	2.61	-7.77
(0,0)	26	2	r2	r1	(-0.35,-2.59)	2.61	-97.77
(0,0)	33	5	r2	r1	(-2.59,0.35)	2.61	172.23
(0,0)	4	34	r1	r2	(2.12,1.53)	2.61	35.84
(0,0)	6	22	r1	r2	(-1.53,2.12)	2.61	125.84
(0,0)	13	31	r1	r2	(1.53,-2.12)	2.61	-54.16
(0,0)	14	20	r1	r2	(-2.59,0.35)	2.61	172.23
(0,0)	15	19	r1	r2	(-2.12,-1.53)	2.61	-144.16
(0,0)	17	27	r1	r2	(-0.35,-2.59)	2.61	-97.77
(0,0)	19	15	r2	r1	(2.12,1.53)	2.61	35.84
(0,0)	20	14	r2	r1	(2.59,-0.35)	2.61	-7.77
(0,0)	22	6	r2	r1	(1.53,-2.12)	2.61	-54.16
(0,0)	27	17	r2	r1	(0.35,2.59)	2.61	82.23
(0,0)	31	13	r2	r1	(-1.53,2.12)	2.61	125.84
(0,0)	34	4	r2	r1	(-2.12,-1.53)	2.61	-144.16
(-1,1)	5	32	r1	r2	(-1.94,1.76)	2.62	137.73
(-1,1)	21	14	r2	r1	(-1.94,1.76)	2.62	137.73
(-1,-1)	2	30	r1	r2	(-1.76,-1.94)	2.62	-132.27
(-1,-1)	23	17	r2	r1	(-1.76,-1.94)	2.62	-132.27
(1,1)	16	19	r1	r2	(0.88,2.47)	2.62	70.35
(1,1)	17	23	r1	r2	(1.76,1.94)	2.62	47.73
(1,1)	30	2	r2	r1	(1.76,1.94)	2.62	47.73
(1,1)	34	3	r2	r1	(0.88,2.47)	2.62	70.35
(-1,1)	9	31	r1	r2	(-2.47,0.88)	2.62	160.35
(-1,1)	22	10	r2	r1	(-2.47,0.88)	2.62	160.35
(-1,-1)	3	34	r1	r2	(-0.88,-2.47)	2.62	-109.65
(-1,-1)	19	16	r2	r1	(-0.88,-2.47)	2.62	-109.65
(1,-1)	10	22	r1	r2	(2.47,-0.88)	2.62	-19.65
(1,-1)	14	21	r1	r2	(1.94,-1.76)	2.62	-42.27
(1,-1)	31	9	r2	r1	(2.47,-0.88)	2.62	-19.65
(1,-1)	32	5	r2	r1	(1.94,-1.76)	2.62	-42.27
(0,0)	4	33	r1	r2	(2.59,0.65)	2.67	14.04
(0,0)	6	26	r1	r2	(-0.65,2.59)	2.67	104.04
(0,0)	26	6	r2	r1	(0.65,-2.59)	2.67	-75.96
(0,0)	33	4	r2	r1	(-2.59,-0.65)	2.67	-165.96
(0,0)	13	27	r1	r2	(0.65,-2.59)	2.67	-75.96
(0,0)	15	20	r1	r2	(-2.59,-0.65)	2.67	-165.96
(0,0)	20	15	r2	r1	(2.59,0.65)	2.67	14.04
(0,0)	27	13	r2	r1	(-0.65,2.59)	2.67	104.04
(0,0)	2	27	r1	r2	(2.65,0.41)	2.68	8.84
(0,0)	4	19	r1	r2	(0.88,-2.53)	2.68	-70.77
(0,0)	5	20	r1	r2	(0.41,-2.65)	2.68	-81.16
(0,0)	6	31	r1	r2	(2.53,0.88)	2.68	19.23
(0,0)	13	22	r1	r2	(-2.53,-0.88)	2.68	-160.77
(0,0)	14	33	r1	r2	(-0.41,2.65)	2.68	98.84
(0,0)	15	34	r1	r2	(-0.88,2.53)	2.68	109.23
(0,0)	17	26	r1	r2	(-2.65,-0.41)	2.68	-171.16
(0,0)	19	4	r2	r1	(-0.88,2.53)	2.68	109.23
(0,0)	20	5	r2	r1	(-0.41,2.65)	2.68	98.84
(0,0)	22	13	r2	r1	(2.53,0.88)	2.68	19.23
(0,0)	26	17	r2	r1	(2.65,0.41)	2.68	8.84
(0,0)	27	2	r2	r1	(-2.65,-0.41)	2.68	-171.16
(0,0)	31	6	r2	r1	(-2.53,-0.88)	2.68	-160.77
(0,0)	33	14	r2	r1	(0.41,-2.65)	2.68	-81.16
(0,0)	34	15	r2	r1	(0.88,-2.53)	2.68	-70.77
(0,0)	4	23	r1	r2	(1.76,-2.06)	2.71	-49.40
(0,0)	6	32	r1	r2	(2.06,1.76)	2.71	40.60
(0,0)	13	21	r1	r2	(-2.06,-1.76)	2.71	-139.40
(0,0)	15	30	r1	r2	(-1.76,2.06)	2.71	130.60
(0,0)	21	13	r2	r1	(2.06,1.76)	2.71	40.60
(0,0)	23	4	r2	r1	(-1.76,2.06)	2.71	130.60
(0,0)	30	15	r2	r1	(1.76,-2.06)	2.71	-49.40
(0,0)	32	6	r2	r1	(-2.06,-1.76)	2.71	-139.40
(0,0)	3	27	r1	r2	(2.65,-0.59)	2.71	-12.53
(0,0)	9	20	r1	r2	(-0.59,-2.65)	2.71	-102.53
(0,0)	10	33	r1	r2	(0.59,2.65)	2.71	77.47
(0,0)	16	26	r1	r2	(-2.65,0.59)	2.71	167.47
(0,0)	20	9	r2	r1	(0.59,2.65)	2.71	77.47
(0,0)	26	16	r2	r1	(2.65,-0.59)	2.71	-12.53
(0,0)	27	3	r2	r1	(-2.65,0.59)	2.71	167.47
(0,0)	33	10	r2	r1	(-0.59,-2.65)	2.71	-102.53
(1,0)	8	22	r1	r2	(2.47,1.12)	2.71	24.34
(1,0)	31	11	r2	r1	(2.47,1.12)	2.71	24.34
(-1,0)	11	31	r1	r2	(-2.47,-1.12)	2.71	-155.66
(-1,0)	22	8	r2	r1	(-2.47,-1.12)	2.71	-155.66
(0,1)	7	19	r1	r2	(-1.12,2.47)	2.71	114.34
(0,1)	34	12	r2	r1	(-1.12,2.47)	2.71	114.34
(0,-1)	12	34	r1	r2	(1.12,-2.47)	2.71	-65.66
(0,-1)	19	7	r2	r1	(1.12,-2.47)	2.71	-65.66
(1,0)	17	29	r1	r2	(2.71,0.18)	2.71	3.73
(1,0)	24	2	r2	r1	(2.71,0.18)	2.71	3.73
(-1,0)	2	24	r1	r2	(-2.71,-0.18)	2.71	-176.27
(-1,0)	29	17	r2	r1	(-2.71,-0.18)	2.71	-176.27
(0,1)	5	25	r1	r2	(-0.18,2.71)	2.71	93.73
(0,1)	28	14	r2	r1	(-0.18,2.71)	2.71	93.73
(0,-1)	14	28	r1	r2	(0.18,-2.71)	2.71	-86.27
(0,-1)	25	5	r2	r1	(0.18,-2.71)	2.71	-86.27
(1,1)	13	20	r1	r2	(1.41,2.35)	2.74	59.04
(1,-1)	15	26	r1	r2	(2.35,-1.41)	2.74	-30.96
(1,1)	33	6	r2	r1	(1.41,2.35)	2.74	59.04
(-1,1)	4	27	r1	r2	(-2.35,1.41)	2.74	149.04
(-1,1)	26	15	r2	r1	(-2.35,1.41)	2.74	149.04
(-1,-1)	6	33	r1	r2	(-1.41,-2.35)	2.74	-120.96
(-1,-1)	20	13	r2	r1	(-1.41,-2.35)	2.74	-120.96
(1,-1)	27	4	r2	r1	(2.35,-1.41)	2.74	-30.96
(0,0)	2	29	r1	r2	(1.71,2.18)	2.77	51.91
(0,0)	5	28	r1	r2	(2.18,-1.71)	2.77	-38.09
(0,0)	7	34	r1	r2	(1.12,2.53)	2.77	66.16
(0,0)	8	31	r1	r2	(2.53,-1.12)	2.77	-23.84
(0,0)	11	22	r1	r2	(-2.53,1.12)	2.77	156.16
(0,0)	12	19	r1	r2	(-1.12,-2.53)	2.77	-113.84
(0,0)	19	12	r2	r1	(1.12,2.53)	2.77	66.16
(0,0)	22	11	r2	r1	(2.53,-1.12)	2.77	-23.84
(0,0)	28	5	r2	r1	(-2.18,1.71)	2.77	141.91
(0,0)	29	2	r2	r1	(-1.71,-2.18)	2.77	-128.09
(0,0)	31	8	r2	r1	(-2.53,1.12)	2.77	156.16
(0,0)	34	7	r2	r1	(-1.12,-2.53)	2.77	-113.84
(1,0)	15	23	r1	r2	(2.76,-0.06)	2.77	-1.22
(1,0)	30	4	r2	r1	(2.76,-0.06)	2.77	-1.22
(-1,0)	4	30	r1	r2	(-2.76,0.06)	2.77	178.78
(-1,0)	9	33	r1	r2	(-2.41,-1.35)	2.77	-150.71
(-1,0)	20	10	r2	r1	(-2.41,-1.35)	2.77	-150.71
(-1,0)	23	15	r2	r1	(-2.76,0.06)	2.77	178.78
(0,1)	13	32	r1	r2	(0.06,2.76)	2.77	88.78
(0,1)	21	6	r2	r1	(0.06,2.76)	2.77	88.78
(0,-1)	3	26	r1	r2	(1.35,-2.41)	2.77	-60.71
(0,-1)	6	21	r1	r2	(-0.06,-2.76)	2.77	-91.22
(0,-1)	27	16	r2	r1	(1.35,-2.41)	2.77	-60.71
(0,-1)	32	13	r2	r1	(-0.06,-2.76)	2.77	-91.22
(0,0)	14	25	r1	r2	(-2.18,1.71)	2.77	141.91
(0,0)	17	24	r1	r2	(-1.71,-2.18)	2.77	-128.09
(0,0)	24	17	r2	r1	(1.71,2.18)	2.77	51.91
(0,0)	25	14	r2	r1	(2.18,-1.71)	2.77	-38.09
(1,0)	10	20	r1	r2	(2.41,1.35)	2.77	29.29
(1,0)	33	9	r2	r1	(2.41,1.35)	2.77	29.29
(0,1)	16	27	r1	r2	(-1.35,2.41)	2.77	119.29
(0,1)	26	3	r2	r1	(-1.35,2.41)	2.77	119.29
(0,0)	19	29	r2	r2	(0.82,2.71)	2.83	73.07
(0,0)	20	30	r2	r2	(0.82,2.71)	2.83	73.07
(0,0)	22	28	r2	r2	(2.71,-0.82)	2.83	-16.93
(0,0)	26	32	r2	r2	(2.71,-0.82)	2.83	-16.93
(0,0)	28	22	r2	r2	(-2.71,0.82)	2.83	163.07
(0,0)	29	19	r2	r2	(-0.82,-2.71)	2.83	-106.93
(0,0)	30	20	r2	r2	(-0.82,-2.71)	2.83	-106.93
(0,0)	32	26	r2	r2	(-2.71,0.82)	2.83	163.07
(1,0)	27	22	r2	r2	(0.82,2.71)	2.83	73.07
(1,0)	28	19	r2	r2	(2.71,-0.82)	2.83	-16.93
(1,0)	30	21	r2	r2	(2.71,-0.82)	2.83	-16.93
(1,0)	31	26	r2	r2	(0.82,2.71)	2.83	73.07
(1,0)	34	25	r2	r2	(2.71,-0.82)	2.83	-16.93
(-1,0)	20	29	r2	r2	(-2.71,0.82)	2.83	163.07
(-1,0)	24	33	r2	r2	(-2.71,0.82)	2.83	163.07
(-1,0)	26	31	r2	r2	(-0.82,-2.71)	2.83	-106.93
(0,1)	29	31	r2	r2	(0.82,2.71)	2.83	73.07
(0,1)	33	19	r2	r2	(-2.71,0.82)	2.83	163.07
(0,-1)	19	33	r2	r2	(2.71,-0.82)	2.83	-16.93
(0,-1)	27	25	r2	r2	(-0.82,-2.71)	2.83	-106.93
(0,-1)	28	26	r2	r2	(-0.82,-2.71)	2.83	-106.93
(1,1)	33	20	r2	r2	(0.82,2.71)	2.83	73.07
(1,-1)	27	26	r2	r2	(2.71,-0.82)	2.83	-16.93
(0,0)	1	11	r1	r1	(2.00,2.00)	2.83	45.00
(0,0)	1	25	r1	r2	(0.82,2.71)	2.83	73.07
(0,0)	2	12	r1	r1	(2.00,2.00)	2.83	45.00
(0,0)	3	13	r1	r1	(2.00,2.00)	2.83	45.00
(0,0)	4	10	r1	r1	(2.00,-2.00)	2.83	-45.00
(0,0)	5	11	r1	r1	(2.00,-2.00)	2.83	-45.00
(0,0)	6	16	r1	r1	(2.00,2.00)	2.83	45.00
(0,0)	7	17	r1	r1	(2.00,2.00)	2.83	45.00
(0,0)	8	14	r1	r1	(2.00,-2.00)	2.83	-45.00
(0,0)	9	15	r1	r1	(2.00,-2.00)	2.83	-45.00
(0,0)	10	4	r1	r1	(-2.00,2.00)	2.83	135.00
(0,0)	11	1	r1	r1	(-2.00,-2.00)	2.83	-135.00
(0,0)	11	5	r1	r1	(-2.00,2.00)	2.83	135.00
(0,0)	11	18	r1	r2	(-2.00,-2.00)	2.83	-135.00
(0,0)	12	2	r1	r1	(-2.00,-2.00)	2.83	-135.00
(0,0)	13	3	r1	r1	(-2.00,-2.00)	2.83	-135.00
(0,0)	14	8	r1	r1	(-2.00,2.00)	2.83	135.00
(0,0)	15	9	r1	r1	(-2.00,2.00)	2.83	135.00
(0,0)	16	6	r1	r1	(-2.00,-2.00)	2.83	-135.00
(0,0)	17	7	r1	r1	(-2.00,-2.00)	2.83	-135.00
(0,0)	18	11	r2	r1	(2.00,2.00)	2.83	45.00
(0,0)	18	25	r2	r2	(0.82,2.71)	2.83	73.07
(0,0)	21	27	r2	r2	(2.71,-0.82)	2.83	-16.93
(0,0)	23	33	r2	r2	(0.82,2.71)	2.83	73.07
(0,0)	24	34	r2	r2	(0.82,2.71)	2.83	73.07
(0,0)	25	1	r2	r1	(-0.82,-2.71)	2.83	-106.93
(0,0)	25	18	r2	r2	(-0.82,-2.71)	2.83	-106.93
(0,0)	25	31	r2	r2	(2.71,-0.82)	2.83	-16.93
(0,0)	27	21	r2	r2	(-2.71,0.82)	2.83	163.07
(0,0)	31	25	r2	r2	(-2.71,0.82)	2.83	163.07
(0,0)	33	23	r2	r2	(-0.82,-2.71)	2.83	-106.93
(0,0)	34	24	r2	r2	(-0.82,-2.71)	2.83	-106.93
(1,0)	10	3	r1	r1	(2.00,2.00)	2.83	45.00
(1,0)	11	4	r1	r1	(2.00,2.00)	2.83	45.00
(1,0)	12	1	r1	r1	(2.00,-2.00)	2.83	-45.00
(1,0)	12	5	r1	r1	(2.00,2.00)	2.83	45.00
(1,0)	12	18	r1	r2	(2.00,-2.00)	2.83	-45.00
(1,0)	13	2	r1	r1	(2.00,-2.00)	2.83	-45.00
(1,0)	14	7	r1	r1	(2.00,2.00)	2.83	45.00
(1,0)	15	8	r1	r1	(2.00,2.00)	2.83	45.00
(1,0)	16	9	r1	r1	(2.00,2.00)	2.83	45.00
(1,0)	17	6	r1	r1	(2.00,-2.00)	2.83	-45.00
(1,0)	24	1	r2	r1	(2.71,-0.82)	2.83	-16.93
(1,0)	24	18	r2	r2	(2.71,-0.82)	2.83	-16.93
(1,0)	29	20	r2	r2	(2.71,-0.82)	2.83	-16.93
(1,0)	32	23	r2	r2	(2.71,-0.82)	2.83	-16.93
(1,0)	33	24	r2	r2	(2.71,-0.82)	2.83	-16.93
(-1,0)	1	12	r1	r1	(-2.00,2.00)	2.83	135.00
(-1,0)	1	24	r1	r2	(-2.71,0.82)	2.83	163.07
(-1,0)	2	13	r1	r1	(-2.00,2.00)	2.83	135.00
(-1,0)	3	10	r1	r1	(-2.00,-2.00)	2.83	-135.00
(-1,0)	4	11	r1	r1	(-2.00,-2.00)	2.83	-135.00
(-1,0)	5	12	r1	r1	(-2.00,-2.00)	2.83	-135.00
(-1,0)	6	17	r1	r1	(-2.00,2.00)	2.83	135.00
(-1,0)	7	14	r1	r1	(-2.00,-2.00)	2.83	-135.00
(-1,0)	8	15	r1	r1	(-2.00,-2.00)	2.83	-135.00
(-1,0)	9	16	r1	r1	(-2.00,-2.00)	2.83	-135.00
(-1,0)	18	12	r2	r1	(-2.00,2.00)	2.83	135.00
(-1,0)	18	24	r2	r2	(-2.71,0.82)	2.83	163.07
(-1,0)	19	28	r2	r2	(-2.71,0.82)	2.83	163.07
(-1,0)	21	30	r2	r2	(-2.71,0.82)	2.83	163.07
(-1,0)	22	27	r2	r2	(-0.82,-2.71)	2.83	-106.93
(-1,0)	23	32	r2	r2	(-2.71,0.82)	2.83	163.07
(-1,0)	25	34	r2	r2	(-2.71,0.82)	2.83	163.07
(0,1)	4	14	r1	r1	(2.00,2.00)	2.83	45.00
(0,1)	5	15	r1	r1	(2.00,2.00)	2.83	45.00
(0,1)	7	1	r1	r1	(-2.00,2.00)	2.83	135.00
(0,1)	7	18	r1	r2	(-2.00,2.00)	2.83	135.00
(0,1)	8	2	r1	r1	(-2.00,2.00)	2.83	135.00
(0,1)	9	3	r1	r1	(-2.00,2.00)	2.83	135.00
(0,1)	12	6	r1	r1	(-2.00,2.00)	2.83	135.00
(0,1)	13	7	r1	r1	(-2.00,2.00)	2.83	135.00
(0,1)	16	10	r1	r1	(-2.00,2.00)	2.83	135.00
(0,1)	17	11	r1	r1	(-2.00,2.00)	2.83	135.00
(0,1)	21	23	r2	r2	(0.82,2.71)	2.83	73.07
(0,1)	22	24	r2	r2	(0.82,2.71)	2.83	73.07
(0,1)	25	27	r2	r2	(0.82,2.71)	2.83	73.07
(0,1)	29	1	r2	r1	(-2.71,0.82)	2.83	163.07
(0,1)	29	18	r2	r2	(-2.71,0.82)	2.83	163.07
(0,1)	30	32	r2	r2	(0.82,2.71)	2.83	73.07
(0,1)	34	20	r2	r2	(-2.71,0.82)	2.83	163.07
(0,-1)	1	7	r1	r1	(2.00,-2.00)	2.83	-45.00
(0,-1)	1	29	r1	r2	(2.71,-0.82)	2.83	-16.93
(0,-1)	2	8	r1	r1	(2.00,-2.00)	2.83	-45.00
(0,-1)	3	9	r1	r1	(2.00,-2.00)	2.83	-45.00
(0,-1)	6	12	r1	r1	(2.00,-2.00)	2.83	-45.00
(0,-1)	7	13	r1	r1	(2.00,-2.00)	2.83	-45.00
(0,-1)	10	16	r1	r1	(2.00,-2.00)	2.83	-45.00
(0,-1)	11	17	r1	r1	(2.00,-2.00)	2.83	-45.00
(0,-1)	14	4	r1	r1	(-2.00,-2.00)	2.83	-135.00
(0,-1)	15	5	r1	r1	(-2.00,-2.00)	2.83	-135.00
(0,-1)	18	7	r2	r1	(2.00,-2.00)	2.83	-45.00
(0,-1)	18	29	r2	r2	(2.71,-0.82)	2.83	-16.93
(0,-1)	20	34	r2	r2	(2.71,-0.82)	2.83	-16.93
(0,-1)	23	21	r2	r2	(-0.82,-2.71)	2.83	-106.93
(0,-1)	24	22	r2	r2	(-0.82,-2.71)	2.83	-106.93
(0,-1)	31	29	r2	r2	(-0.82,-2.71)	2.83	-106.93
(0,-1)	32	30	r2	r2	(-0.82,-2.71)	2.83	-106.93
(1,1)	8	1	r1	r1	(2.00,2.00)	2.83	45.00
(1,1)	8	18	r1	r2	(2.00,2.00)	2.83	45.00
(1,1)	9	2	r1	r1	(2.00,2.00)	2.83	45.00
(1,1)	13	6	r1	r1	(2.00,2.00)	2.83	45.00
(1,1)	17	10	r1	r1	(2.00,2.00)	2.83	45.00
(1,1)	28	1	r2	r1	(0.82,2.71)	2.83	73.07
(1,1)	28	18	r2	r2	(0.82,2.71)	2.83	73.07
(1,1)	32	19	r2	r2	(0.82,2.71)	2.83	73.07
(1,1)	34	21	r2	r2	(0.82,2.71)	2.83	73.07
(-1,1)	3	14	r1	r1	(-2.00,2.00)	2.83	135.00
(-1,1)	4	15	r1	r1	(-2.00,2.00)	2.83	135.00
(-1,1)	5	16	r1	r1	(-2.00,2.00)	2.83	135.00
(-1,1)	22	23	r2	r2	(-2.71,0.82)	2.83	163.07
(-1,1)	26	27	r2	r2	(-2.71,0.82)	2.83	163.07
(-1,1)	30	31	r2	r2	(-2.71,0.82)	2.83	163.07
(-1,-1)	1	8	r1	r1	(-2.00,-2.00)	2.83	-135.00
(-1,-1)	1	28	r1	r2	(-0.82,-2.71)	2.83	-106.93
(-1,-1)	2	9	r1	r1	(-2.00,-2.00)	2.83	-135.00
(-1,-1)	6	13	r1	r1	(-2.00,-2.00)	2.83	-135.00
(-1,-1)	10	17	r1	r1	(-2.00,-2.00)	2.83	-135.00
(-1,-1)	18	8	r2	r1	(-2.00,-2.00)	2.83	-135.00
(-1,-1)	18	28	r2	r2	(-0.82,-2.71)	2.83	-106.93
(-1,-1)	19	32	r2	r2	(-0.82,-2.71)	2.83	-106.93
(-1,-1)	20	33	r2	r2	(-0.82,-2.71)	2.83	-106.93
(-1,-1)	21	34	r2	r2	(-0.82,-2.71)	2.83	-106.93
(1,-1)	14	3	r1	r1	(2.00,-2.00)	2.83	-45.00
(1,-1)	15	4	r1	r1	(2.00,-2.00)	2.83	-45.00
(1,-1)	16	5	r1	r1	(2.00,-2.00)	2.83	-45.00
(1,-1)	23	22	r2	r2	(2.71,-0.82)	2.83	-16.93
(1,-1)	31	30	r2	r2	(2.71,-0.82)	2.83	-16.93
(0,1)	26	28	r2	r2	(0.82,2.71)	2.83	73.07
(1,0)	12	26	r1	r2	(2.35,1.59)	2.84	34.02
(1,0)	13	25	r1	r2	(2.82,-0.29)	2.84	-5.95
(-1,0)	6	28	r1	r2	(-2.82,0.29)	2.84	174.05
(-1,0)	25	13	r2	r1	(-2.82,0.29)	2.84	174.05
(0,-1)	15	29	r1	r2	(-0.29,-2.82)	2.84	-95.95
(0,-1)	24	4	r2	r1	(-0.29,-2.82)	2.84	-95.95
(1,0)	27	7	r2	r1	(2.35,1.59)	2.84	34.02
(-1,0)	7	27	r1	r2	(-2.35,-1.59)	2.84	-145.98
(-1,0)	26	12	r2	r1	(-2.35,-1.59)	2.84	-145.98
(0,1)	33	11	r2	r1	(-1.59,2.35)	2.84	124.02
(0,-1)	11	33	r1	r2	(1.59,-2.35)	2.84	-55.98
(0,-1)	20	8	r2	r1	(1.59,-2.35)	2.84	-55.98
(1,0)	28	6	r2	r1	(2.82,-0.29)	2.84	-5.95
(0,1)	29	15	r2	r1	(0.29,2.82)	2.84	84.05
(0,1)	4	24	r1	r2	(0.29,2.82)	2.84	84.05
(0,1)	8	20	r1	r2	(-1.59,2.35)	2.84	124.02
(1,0)	12	25	r1	r2	(2.82,0.71)	2.91	14.04
(-1,0)	7	28	r1	r2	(-2.82,-0.71)	2.91	-165.96
(-1,0)	25	12	r2	r1	(-2.82,-0.71)	2.91	-165.96
(0,-1)	11	29	r1	r2	(0.71,-2.82)	2.91	-75.96
(0,-1)	24	8	r2	r1	(0.71,-2.82)	2.91	-75.96
(1,0)	28	7	r2	r1	(2.82,0.71)	2.91	14.04
(0,1)	29	11	r2	r1	(-0.71,2.82)	2.91	104.04
(0,1)	8	24	r1	r2	(-0.71,2.82)	2.91	104.04
(1,0)	10	19	r1	r2	(2.88,0.47)	2.92	9.27
(0,1)	16	31	r1	r2	(-0.47,2.88)	2.92	99.27
(1,0)	15	26	r1	r2	(1.35,2.59)	2.92	62.40
(-1,0)	6	33	r1	r2	(-2.41,1.65)	2.92	145.67
(-1,0)	20	13	r2	r1	(-2.41,1.65)	2.92	145.67
(-1,0)	26	15	r2	r1	(-1.35,-2.59)	2.92	-117.60
(0,1)	33	6	r2	r1	(-2.59,1.35)	2.92	152.40
(0,-1)	6	33	r1	r2	(2.59,-1.35)	2.92	-27.60
(0,-1)	15	26	r1	r2	(-1.65,-2.41)	2.92	-124.33
(0,-1)	27	4	r2	r1	(-1.65,-2.41)	2.92	-124.33
(1,0)	13	20	r1	r2	(2.41,-1.65)	2.92	-34.33
(1,0)	14	23	r1	r2	(2.76,0.94)	2.92	18.80
(1,0)	27	4	r2	r1	(1.35,2.59)	2.92	62.40
(1,0)	30	5	r2	r1	(2.76,0.94)	2.92	18.80
(1,0)	33	6	r2	r1	(2.41,-1.65)	2.92	-34.33
(1,0)	34	9	r2	r1	(2.88,0.47)	2.92	9.27
(-1,0)	4	27	r1	r2	(-1.35,-2.59)	2.92	-117.60
(-1,0)	5	30	r1	r2	(-2.76,-0.94)	2.92	-161.20
(-1,0)	9	34	r1	r2	(-2.88,-0.47)	2.92	-170.73
(-1,0)	19	10	r2	r1	(-2.88,-0.47)	2.92	-170.73
(-1,0)	23	14	r2	r1	(-2.76,-0.94)	2.92	-161.20
(0,1)	4	27	r1	r2	(1.65,2.41)	2.92	55.67
(0,1)	13	20	r1	r2	(-2.59,1.35)	2.92	152.40
(0,1)	17	32	r1	r2	(-0.94,2.76)	2.92	108.80
(0,1)	21	2	r2	r1	(-0.94,2.76)	2.92	108.80
(0,1)	22	3	r2	r1	(-0.47,2.88)	2.92	99.27
(0,1)	26	15	r2	r1	(1.65,2.41)	2.92	55.67
(0,-1)	2	21	r1	r2	(0.94,-2.76)	2.92	-71.20
(0,-1)	3	22	r1	r2	(0.47,-2.88)	2.92	-80.73
(0,-1)	20	13	r2	r1	(2.59,-1.35)	2.92	-27.60
(0,-1)	31	16	r2	r1	(0.47,-2.88)	2.92	-80.73
(0,-1)	32	17	r2	r1	(0.94,-2.76)	2.92	-71.20
(1,0)	11	19	r1	r2	(2.88,-0.53)	2.93	-10.41
(0,1)	12	31	r1	r2	(0.53,2.88)	2.93	79.59
(1,0)	14	24	r1	r2	(2.29,1.82)	2.93	38.48
(1,0)	29	5	r2	r1	(2.29,1.82)	2.93	38.48
(1,0)	34	8	r2	r1	(2.88,-0.53)	2.93	-10.41
(-1,0)	5	29	r1	r2	(-2.29,-1.82)	2.93	-141.52
(-1,0)	8	34	r1	r2	(-2.88,0.53)	2.93	169.59
(-1,0)	19	11	r2	r1	(-2.88,0.53)	2.93	169.59
(-1,0)	24	14	r2	r1	(-2.29,-1.82)	2.93	-141.52
(0,1)	22	7	r2	r1	(0.53,2.88)	2.93	79.59
(0,1)	25	2	r2	r1	(-1.82,2.29)	2.93	128.48
(0,-1)	2	25	r1	r2	(1.82,-2.29)	2.93	-51.52
(0,-1)	7	22	r1	r2	(-0.53,-2.88)	2.93	-100.41
(0,-1)	28	17	r2	r1	(1.82,-2.29)	2.93	-51.52
(0,-1)	31	12	r2	r1	(-0.53,-2.88)	2.93	-100.41
(0,1)	17	28	r1	r2	(-1.82,2.29)	2.93	128.48
(1,0)	8	21	r1	r2	(2.94,0.24)	2.95	4.57
(1,0)	16	29	r1	r2	(2.71,1.18)	2.95	23.50
(1,0)	24	3	r2	r1	(2.71,1.18)	2.95	23.50
(1,0)	32	11	r2	r1	(2.94,0.24)	2.95	4.57
(-1,0)	3	24	r1	r2	(-2.71,-1.18)	2.95	-156.50
(-1,0)	11	32	r1	r2	(-2.94,-0.24)	2.95	-175.43
(-1,0)	21	8	r2	r1	(-2.94,-0.24)	2.95	-175.43
(-1,0)	29	16	r2	r1	(-2.71,-1.18)	2.95	-156.50
(0,1)	7	23	r1	r2	(-0.24,2.94)	2.95	94.57
(0,1)	9	25	r1	r2	(-1.18,2.71)	2.95	113.50
(0,1)	28	10	r2	r1	(-1.18,2.71)	2.95	113.50
(0,1)	30	12	r2	r1	(-0.24,2.94)	2.95	94.57
(0,-1)	10	28	r1	r2	(1.18,-2.71)	2.95	-66.50
(0,-1)	12	30	r1	r2	(0.24,-2.94)	2.95	-85.43
(0,-1)	23	7	r2	r1	(0.24,-2.94)	2.95	-85.43
(0,-1)	25	9	r2	r1	(1.18,-2.71)	2.95	-66.50
(1,0)	10	21	r1	r2	(1.94,2.24)	2.96	49.03
(1,0)	16	23	r1	r2	(2.76,-1.06)	2.96	-20.96
(1,0)	30	3	r2	r1	(2.76,-1.06)	2.96	-20.96
(-1,0)	3	30	r1	r2	(-2.76,1.06)	2.96	159.04
(-1,0)	23	16	r2	r1	(-2.76,1.06)	2.96	159.04
(0,1)	9	32	r1	r2	(1.06,2.76)	2.96	69.04
(0,1)	21	10	r2	r1	(1.06,2.76)	2.96	69.04
(0,-1)	10	21	r1	r2	(-1.06,-2.76)	2.96	-110.96
(0,-1)	32	9	r2	r1	(-1.06,-2.76)	2.96	-110.96
(1,0)	32	9	r2	r1	(1.94,2.24)	2.96	49.03
(-1,0)	9	32	r1	r2	(-1.94,-2.24)	2.96	-130.97
(-1,0)	21	10	r2	r1	(-1.94,-2.24)	2.96	-130.97
(0,1)	16	23	r1	r2	(-2.24,1.94)	2.96	139.03
(0,1)	30	3	r2	r1	(-2.24,1.94)	2.96	139.03
(0,-1)	3	30	r1	r2	(2.24,-1.94)	2.96	-40.97
(0,-1)	23	16	r2	r1	(2.24,-1.94)	2.96	-40.97
(0,0)	21	33	r2	r2	(2.65,1.41)	3.00	28.07
(0,0)	23	26	r2	r2	(-1.41,2.65)	3.00	118.07
(0,0)	26	23	r2	r2	(1.41,-2.65)	3.00	-61.93
(0,0)	33	21	r2	r2	(-2.65,-1.41)	3.00	-151.93
(1,0)	29	26	r2	r2	(2.65,1.41)	3.00	28.07
(1,0)	31	28	r2	r2	(2.65,1.41)	3.00	28.07
(0,1)	34	29	r2	r2	(-1.41,2.65)	3.00	118.07
(0,0)	1	4	r1	r1	(0.00,3.00)	3.00	90.00
(0,0)	1	27	r1	r2	(2.65,1.41)	3.00	28.07
(0,0)	2	5	r1	r1	(0.00,3.00)	3.00	90.00
(0,0)	2	14	r1	r1	(3.00,0.00)	3.00	0.00
(0,0)	3	15	r1	r1	(3.00,0.00)	3.00	0.00
(0,0)	4	1	r1	r1	(0.00,-3.00)	3.00	-90.00
(0,0)	4	16	r1	r1	(3.00,0.00)	3.00	0.00
(0,0)	4	18	r1	r2	(0.00,-3.00)	3.00	-90.00
(0,0)	5	2	r1	r1	(0.00,-3.00)	3.00	-90.00
(0,0)	5	17	r1	r1	(3.00,0.00)	3.00	0.00
(0,0)	6	9	r1	r1	(0.00,3.00)	3.00	90.00
(0,0)	9	6	r1	r1	(0.00,-3.00)	3.00	-90.00
(0,0)	10	13	r1	r1	(0.00,3.00)	3.00	90.00
(0,0)	13	10	r1	r1	(0.00,-3.00)	3.00	-90.00
(0,0)	14	2	r1	r1	(-3.00,0.00)	3.00	180.00
(0,0)	14	17	r1	r1	(0.00,3.00)	3.00	90.00
(0,0)	15	3	r1	r1	(-3.00,0.00)	3.00	180.00
(0,0)	16	4	r1	r1	(-3.00,0.00)	3.00	180.00
(0,0)	17	5	r1	r1	(-3.00,0.00)	3.00	180.00
(0,0)	17	14	r1	r1	(0.00,-3.00)	3.00	-90.00
(0,0)	18	4	r2	r1	(0.00,3.00)	3.00	90.00
(0,0)	18	27	r2	r2	(2.65,1.41)	3.00	28.07
(0,0)	19	22	r2	r2	(-1.41,2.65)	3.00	118.07
(0,0)	19	31	r2	r2	(2.65,1.41)	3.00	28.07
(0,0)	20	32	r2	r2	(2.65,1.41)	3.00	28.07
(0,0)	22	19	r2	r2	(1.41,-2.65)	3.00	-61.93
(0,0)	22	34	r2	r2	(2.65,1.41)	3.00	28.07
(0,0)	27	1	r2	r1	(-2.65,-1.41)	3.00	-151.93
(0,0)	27	18	r2	r2	(-2.65,-1.41)	3.00	-151.93
(0,0)	27	30	r2	r2	(-1.41,2.65)	3.00	118.07
(0,0)	30	27	r2	r2	(1.41,-2.65)	3.00	-61.93
(0,0)	31	19	r2	r2	(-2.65,-1.41)	3.00	-151.93
(0,0)	31	34	r2	r2	(-1.41,2.65)	3.00	118.07
(0,0)	32	20	r2	r2	(-2.65,-1.41)	3.00	-151.93
(0,0)	34	22	r2	r2	(-2.65,-1.41)	3.00	-151.93
(0,0)	34	31	r2	r2	(1.41,-2.65)	3.00	-61.93
(1,0)	6	1	r1	r1	(3.00,0.00)	3.00	0.00
(1,0)	6	18	r1	r2	(3.00,0.00)	3.00	0.00
(1,0)	7	2	r1	r1	(3.00,0.00)	3.00	0.00
(1,0)	8	3	r1	r1	(3.00,0.00)	3.00	0.00
(1,0)	9	4	r1	r1	(3.00,0.00)	3.00	0.00
(1,0)	11	6	r1	r1	(3.00,0.00)	3.00	0.00
(1,0)	12	7	r1	r1	(3.00,0.00)	3.00	0.00
(1,0)	13	8	r1	r1	(3.00,0.00)	3.00	0.00
(1,0)	15	10	r1	r1	(3.00,0.00)	3.00	0.00
(1,0)	16	11	r1	r1	(3.00,0.00)	3.00	0.00
(1,0)	17	12	r1	r1	(3.00,0.00)	3.00	0.00
(1,0)	24	21	r2	r2	(2.65,1.41)	3.00	28.07
(1,0)	25	22	r2	r2	(2.65,1.41)	3.00	28.07
(1,0)	27	24	r2	r2	(2.65,1.41)	3.00	28.07
(1,0)	28	25	r2	r2	(2.65,1.41)	3.00	28.07
(1,0)	33	1	r2	r1	(1.41,-2.65)	3.00	-61.93
(1,0)	33	18	r2	r2	(1.41,-2.65)	3.00	-61.93
(-1,0)	1	6	r1	r1	(-3.00,0.00)	3.00	180.00
(-1,0)	1	33	r1	r2	(-1.41,2.65)	3.00	118.07
(-1,0)	2	7	r1	r1	(-3.00,0.00)	3.00	180.00
(-1,0)	3	8	r1	r1	(-3.00,0.00)	3.00	180.00
(-1,0)	4	9	r1	r1	(-3.00,0.00)	3.00	180.00
(-1,0)	6	11	r1	r1	(-3.00,0.00)	3.00	180.00
(-1,0)	7	12	r1	r1	(-3.00,0.00)	3.00	180.00
(-1,0)	8	13	r1	r1	(-3.00,0.00)	3.00	180.00
(-1,0)	10	15	r1	r1	(-3.00,0.00)	3.00	180.00
(-1,0)	11	16	r1	r1	(-3.00,0.00)	3.00	180.00
(-1,0)	12	17	r1	r1	(-3.00,0.00)	3.00	180.00
(-1,0)	18	6	r2	r1	(-3.00,0.00)	3.00	180.00
(-1,0)	18	33	r2	r2	(-1.41,2.65)	3.00	118.07
(-1,0)	20	23	r2	r2	(-2.65,-1.41)	3.00	-151.93
(-1,0)	22	25	r2	r2	(-2.65,-1.41)	3.00	-151.93
(-1,0)	24	27	r2	r2	(-2.65,-1.41)	3.00	-151.93
(-1,0)	25	28	r2	r2	(-2.65,-1.41)	3.00	-151.93
(-1,0)	26	29	r2	r2	(-2.65,-1.41)	3.00	-151.93
(-1,0)	28	31	r2	r2	(-2.65,-1.41)	3.00	-151.93
(-1,0)	29	32	r2	r2	(-2.65,-1.41)	3.00	-151.93
(-1,0)	30	33	r2	r2	(-2.65,-1.41)	3.00	-151.93
(0,1)	3	6	r1	r1	(0.00,3.00)	3.00	90.00
(0,1)	4	7	r1	r1	(0.00,3.00)	3.00	90.00
(0,1)	5	8	r1	r1	(0.00,3.00)	3.00	90.00
(0,1)	7	10	r1	r1	(0.00,3.00)	3.00	90.00
(0,1)	8	11	r1	r1	(0.00,3.00)	3.00	90.00
(0,1)	9	12	r1	r1	(0.00,3.00)	3.00	90.00
(0,1)	11	14	r1	r1	(0.00,3.00)	3.00	90.00
(0,1)	12	15	r1	r1	(0.00,3.00)	3.00	90.00
(0,1)	13	1	r1	r1	(-3.00,0.00)	3.00	180.00
(0,1)	13	16	r1	r1	(0.00,3.00)	3.00	90.00
(0,1)	13	18	r1	r2	(-3.00,0.00)	3.00	180.00
(0,1)	20	1	r2	r1	(-1.41,2.65)	3.00	118.07
(0,1)	20	18	r2	r2	(-1.41,2.65)	3.00	118.07
(0,-1)	1	13	r1	r1	(3.00,0.00)	3.00	0.00
(0,-1)	1	20	r1	r2	(1.41,-2.65)	3.00	-61.93
(0,-1)	6	3	r1	r1	(0.00,-3.00)	3.00	-90.00
(0,-1)	7	4	r1	r1	(0.00,-3.00)	3.00	-90.00
(0,-1)	8	5	r1	r1	(0.00,-3.00)	3.00	-90.00
(0,-1)	10	7	r1	r1	(0.00,-3.00)	3.00	-90.00
(0,-1)	11	8	r1	r1	(0.00,-3.00)	3.00	-90.00
(0,-1)	12	9	r1	r1	(0.00,-3.00)	3.00	-90.00
(0,-1)	14	11	r1	r1	(0.00,-3.00)	3.00	-90.00
(0,-1)	15	12	r1	r1	(0.00,-3.00)	3.00	-90.00
(0,-1)	16	13	r1	r1	(0.00,-3.00)	3.00	-90.00
(0,-1)	18	13	r2	r1	(3.00,0.00)	3.00	0.00
(0,-1)	18	20	r2	r2	(1.41,-2.65)	3.00	-61.93
(0,-1)	19	24	r2	r2	(1.41,-2.65)	3.00	-61.93
(0,-1)	20	25	r2	r2	(1.41,-2.65)	3.00	-61.93
(0,-1)	21	26	r2	r2	(1.41,-2.65)	3.00	-61.93
(0,-1)	23	28	r2	r2	(1.41,-2.65)	3.00	-61.93
(0,-1)	24	29	r2	r2	(1.41,-2.65)	3.00	-61.93
(0,-1)	27	32	r2	r2	(1.41,-2.65)	3.00	-61.93
(0,-1)	28	33	r2	r2	(1.41,-2.65)	3.00	-61.93
(0,-1)	29	34	r2	r2	(1.41,-2.65)	3.00	-61.93
(1,1)	15	1	r1	r1	(0.00,3.00)	3.00	90.00
(1,1)	15	18	r1	r2	(0.00,3.00)	3.00	90.00
(1,1)	16	2	r1	r1	(0.00,3.00)	3.00	90.00
(1,1)	17	3	r1	r1	(0.00,3.00)	3.00	90.00
(1,1)	26	1	r2	r1	(2.65,1.41)	3.00	28.07
(1,1)	26	18	r2	r2	(2.65,1.41)	3.00	28.07
(1,1)	30	19	r2	r2	(2.65,1.41)	3.00	28.07
(1,1)	34	23	r2	r2	(2.65,1.41)	3.00	28.07
(-1,1)	5	10	r1	r1	(-3.00,0.00)	3.00	180.00
(-1,1)	9	14	r1	r1	(-3.00,0.00)	3.00	180.00
(-1,1)	22	32	r2	r2	(-1.41,2.65)	3.00	118.07
(-1,-1)	1	15	r1	r1	(0.00,-3.00)	3.00	-90.00
(-1,-1)	1	26	r1	r2	(-2.65,-1.41)	3.00	-151.93
(-1,-1)	2	16	r1	r1	(0.00,-3.00)	3.00	-90.00
(-1,-1)	3	17	r1	r1	(0.00,-3.00)	3.00	-90.00
(-1,-1)	18	15	r2	r1	(0.00,-3.00)	3.00	-90.00
(-1,-1)	18	26	r2	r2	(-2.65,-1.41)	3.00	-151.93
(-1,-1)	19	30	r2	r2	(-2.65,-1.41)	3.00	-151.93
(-1,-1)	23	34	r2	r2	(-2.65,-1.41)	3.00	-151.93
(1,-1)	10	5	r1	r1	(3.00,0.00)	3.00	0.00
(1,-1)	14	9	r1	r1	(3.00,0.00)	3.00	0.00
(1,-1)	31	21	r2	r2	(1.41,-2.65)	3.00	-61.93
(1,-1)	32	22	r2	r2	(1.41,-2.65)	3.00	-61.93
(1,0)	23	20	r2	r2	(2.65,1.41)	3.00	28.07
(1,0)	32	29	r2	r2	(2.65,1.41)	3.00	28.07
(1,0)	33	30	r2	r2	(2.65,1.41)	3.00	28.07
(-1,0)	21	24	r2	r2	(-2.65,-1.41)	3.00	-151.93
(0,1)	24	19	r2	r2	(-1.41,2.65)	3.00	118.07
(0,1)	25	20	r2	r2	(-1.41,2.65)	3.00	118.07
(0,1)	26	21	r2	r2	(-1.41,2.65)	3.00	118.07
(0,1)	28	23	r2	r2	(-1.41,2.65)	3.00	118.07
(0,1)	29	24	r2	r2	(-1.41,2.65)	3.00	118.07
(0,1)	30	25	r2	r2	(-1.41,2.65)	3.00	118.07
(0,1)	32	27	r2	r2	(-1.41,2.65)	3.00	118.07
(0,1)	33	28	r2	r2	(-1.41,2.65)	3.00	118.07
(0,-1)	25	30	r2	r2	(1.41,-2.65)	3.00	-61.93
(-1,1)	21	31	r2	r2	(-1.41,2.65)	3.00	118.07
(1,0)	9	21	r1	r2	(2.94,-0.76)	3.04	-14.57
(1,0)	16	30	r1	r2	(2.24,2.06)	3.04	42.65
(1,0)	23	3	r2	r1	(2.24,2.06)	3.04	42.65
(-1,0)	3	23	r1	r2	(-2.24,-2.06)	3.04	-137.35
(-1,0)	30	16	r2	r1	(-2.24,-2.06)	3.04	-137.35
(0,1)	9	21	r1	r2	(-2.06,2.24)	3.04	132.65
(0,1)	32	10	r2	r1	(-2.06,2.24)	3.04	132.65
(0,-1)	10	32	r1	r2	(2.06,-2.24)	3.04	-47.35
(0,-1)	21	9	r2	r1	(2.06,-2.24)	3.04	-47.35
(1,0)	32	10	r2	r1	(2.94,-0.76)	3.04	-14.57
(-1,0)	10	32	r1	r2	(-2.94,0.76)	3.04	165.43
(-1,0)	21	9	r2	r1	(-2.94,0.76)	3.04	165.43
(0,1)	3	23	r1	r2	(0.76,2.94)	3.04	75.43
(0,1)	30	16	r2	r1	(0.76,2.94)	3.04	75.43
(0,-1)	16	30	r1	r2	(-0.76,-2.94)	3.04	-104.57
(0,-1)	23	3	r2	r1	(-0.76,-2.94)	3.04	-104.57
(0,0)	3	33	r1	r2	(2.59,1.65)	3.07	32.47
(0,0)	4	32	r1	r2	(3.06,-0.24)	3.07	-4.40
(0,0)	6	30	r1	r2	(0.24,3.06)	3.07	85.60
(0,0)	9	27	r1	r2	(1.65,-2.59)	3.07	-57.53
(0,0)	10	26	r1	r2	(-1.65,2.59)	3.07	122.47
(0,0)	13	23	r1	r2	(-0.24,-3.06)	3.07	-94.40
(0,0)	15	21	r1	r2	(-3.06,0.24)	3.07	175.60
(0,0)	16	20	r1	r2	(-2.59,-1.65)	3.07	-147.53
(0,0)	20	16	r2	r1	(2.59,1.65)	3.07	32.47
(0,0)	21	15	r2	r1	(3.06,-0.24)	3.07	-4.40
(0,0)	23	13	r2	r1	(0.24,3.06)	3.07	85.60
(0,0)	26	10	r2	r1	(1.65,-2.59)	3.07	-57.53
(0,0)	27	9	r2	r1	(-1.65,2.59)	3.07	122.47
(0,0)	30	6	r2	r1	(-0.24,-3.06)	3.07	-94.40
(0,0)	32	4	r2	r1	(-3.06,0.24)	3.07	175.60
(0,0)	33	3	r2	r1	(-2.59,-1.65)	3.07	-147.53
(0,0)	6	33	r1	r2	(1.59,2.65)	3.09	59.04
(0,0)	15	26	r1	r2	(-2.65,1.59)	3.09	149.04
(0,0)	26	15	r2	r1	(2.65,-1.59)	3.09	-30.96
(0,0)	33	6	r2	r1	(-1.59,-2.65)	3.09	-120.96
(0,0)	4	27	r1	r2	(2.65,-1.59)	3.09	-30.96
(0,0)	13	20	r1	r2	(-1.59,-2.65)	3.09	-120.96
(0,0)	20	13	r2	r1	(1.59,2.65)	3.09	59.04
(0,0)	27	4	r2	r1	(-2.65,1.59)	3.09	149.04
(1,1)	17	24	r1	r2	(1.29,2.82)	3.11	65.38
(-1,1)	5	28	r1	r2	(-2.82,1.29)	3.11	155.38
(-1,1)	25	14	r2	r1	(-2.82,1.29)	3.11	155.38
(-1,-1)	2	29	r1	r2	(-1.29,-2.82)	3.11	-114.62
(-1,-1)	24	17	r2	r1	(-1.29,-2.82)	3.11	-114.62
(1,-1)	14	25	r1	r2	(2.82,-1.29)	3.11	-24.62
(1,1)	12	19	r1	r2	(1.88,2.47)	3.11	52.70
(1,1)	29	2	r2	r1	(1.29,2.82)	3.11	65.38
(1,1)	34	7	r2	r1	(1.88,2.47)	3.11	52.70
(-1,1)	8	31	r1	r2	(-2.47,1.88)	3.11	142.70
(-1,1)	22	11	r2	r1	(-2.47,1.88)	3.11	142.70
(-1,-1)	7	34	r1	r2	(-1.88,-2.47)	3.11	-127.30
(-1,-1)	19	12	r2	r1	(-1.88,-2.47)	3.11	-127.30
(1,-1)	11	22	r1	r2	(2.47,-1.88)	3.11	-37.30
(1,-1)	28	5	r2	r1	(2.82,-1.29)	3.11	-24.62
(1,-1)	31	8	r2	r1	(2.47,-1.88)	3.11	-37.30
(1,0)	14	22	r1	r2	(0.47,3.12)	3.15	81.42
(1,0)	17	19	r1	r2	(1.88,-2.53)	3.15	-53.34
(0,1)	5	31	r1	r2	(2.53,1.88)	3.15	36.66
(0,0)	3	32	r1	r2	(3.06,0.76)	3.15	14.04
(0,0)	9	23	r1	r2	(0.76,-3.06)	3.15	-75.96
(0,0)	10	30	r1	r2	(-0.76,3.06)	3.15	104.04
(0,0)	16	21	r1	r2	(-3.06,-0.76)	3.15	-165.96
(0,0)	21	16	r2	r1	(3.06,0.76)	3.15	14.04
(0,0)	23	9	r2	r1	(-0.76,3.06)	3.15	104.04
(0,0)	30	10	r2	r1	(0.76,-3.06)	3.15	-75.96
(0,0)	32	3	r2	r1	(-3.06,-0.76)	3.15	-165.96
(1,0)	31	5	r2	r1	(0.47,3.12)	3.15	81.42
(1,0)	34	2	r2	r1	(1.88,-2.53)	3.15	-53.34
(-1,0)	2	34	r1	r2	(-1.88,2.53)	3.15	126.66
(-1,0)	5	31	r1	r2	(-0.47,-3.12)	3.15	-98.58
(-1,0)	19	17	r2	r1	(-1.88,2.53)	3.15	126.66
(-1,0)	22	14	r2	r1	(-0.47,-3.12)	3.15	-98.58
(0,1)	17	19	r1	r2	(-3.12,0.47)	3.15	171.42
(0,1)	22	14	r2	r1	(2.53,1.88)	3.15	36.66
(0,1)	34	2	r2	r1	(-3.12,0.47)	3.15	171.42
(0,-1)	2	34	r1	r2	(3.12,-0.47)	3.15	-8.58
(0,-1)	14	22	r1	r2	(-2.53,-1.88)	3.15	-143.34
(0,-1)	19	17	r2	r1	(3.12,-0.47)	3.15	-8.58
(0,-1)	31	5	r2	r1	(-2.53,-1.88)	3.15	-143.34
(0,0)	19	26	r2	r2	(-0.53,3.12)	3.16	99.64
(0,0)	21	32	r2	r2	(3.12,0.53)	3.16	9.64
(0,0)	22	33	r2	r2	(3.12,0.53)	3.16	9.64
(0,0)	23	30	r2	r2	(-0.53,3.12)	3.16	99.64
(0,0)	26	19	r2	r2	(0.53,-3.12)	3.16	-80.36
(0,0)	30	23	r2	r2	(0.53,-3.12)	3.16	-80.36
(0,0)	32	21	r2	r2	(-3.12,-0.53)	3.16	-170.36
(0,0)	33	22	r2	r2	(-3.12,-0.53)	3.16	-170.36
(1,0)	23	19	r2	r2	(3.12,0.53)	3.16	9.64
(1,0)	25	21	r2	r2	(3.12,0.53)	3.16	9.64
(1,0)	29	25	r2	r2	(3.12,0.53)	3.16	9.64
(1,0)	30	26	r2	r2	(3.12,0.53)	3.16	9.64
(1,0)	31	27	r2	r2	(3.12,0.53)	3.16	9.64
(1,0)	32	28	r2	r2	(3.12,0.53)	3.16	9.64
(-1,0)	21	25	r2	r2	(-3.12,-0.53)	3.16	-170.36
(-1,0)	24	28	r2	r2	(-3.12,-0.53)	3.16	-170.36
(-1,0)	25	29	r2	r2	(-3.12,-0.53)	3.16	-170.36
(-1,0)	28	32	r2	r2	(-3.12,-0.53)	3.16	-170.36
(-1,0)	29	33	r2	r2	(-3.12,-0.53)	3.16	-170.36
(0,1)	30	29	r2	r2	(-0.53,3.12)	3.16	99.64
(0,1)	32	31	r2	r2	(-0.53,3.12)	3.16	99.64
(0,1)	34	33	r2	r2	(-0.53,3.12)	3.16	99.64
(0,-1)	23	24	r2	r2	(0.53,-3.12)	3.16	-80.36
(0,-1)	24	25	r2	r2	(0.53,-3.12)	3.16	-80.36
(0,-1)	27	28	r2	r2	(0.53,-3.12)	3.16	-80.36
(0,-1)	28	29	r2	r2	(0.53,-3.12)	3.16	-80.36
(0,-1)	29	30	r2	r2	(0.53,-3.12)	3.16	-80.36
(0,0)	1	8	r1	r1	(1.00,3.00)	3.16	71.57
(0,0)	1	14	r1	r1	(3.00,1.00)	3.16	18.43
(0,0)	1	22	r1	r2	(-0.53,3.12)	3.16	99.64
(0,0)	1	28	r1	r2	(2.18,2.29)	3.16	46.51
(0,0)	2	9	r1	r1	(1.00,3.00)	3.16	71.57
(0,0)	2	15	r1	r1	(3.00,1.00)	3.16	18.43
(0,0)	3	14	r1	r1	(3.00,-1.00)	3.16	-18.43
(0,0)	3	16	r1	r1	(3.00,1.00)	3.16	18.43
(0,0)	4	15	r1	r1	(3.00,-1.00)	3.16	-18.43
(0,0)	4	17	r1	r1	(3.00,1.00)	3.16	18.43
(0,0)	5	6	r1	r1	(1.00,-3.00)	3.16	-71.57
(0,0)	5	16	r1	r1	(3.00,-1.00)	3.16	-18.43
(0,0)	6	5	r1	r1	(-1.00,3.00)	3.16	108.43
(0,0)	6	13	r1	r1	(1.00,3.00)	3.16	71.57
(0,0)	8	1	r1	r1	(-1.00,-3.00)	3.16	-108.43
(0,0)	8	18	r1	r2	(-1.00,-3.00)	3.16	-108.43
(0,0)	9	2	r1	r1	(-1.00,-3.00)	3.16	-108.43
(0,0)	9	10	r1	r1	(1.00,-3.00)	3.16	-71.57
(0,0)	10	9	r1	r1	(-1.00,3.00)	3.16	108.43
(0,0)	10	17	r1	r1	(1.00,3.00)	3.16	71.57
(0,0)	13	6	r1	r1	(-1.00,-3.00)	3.16	-108.43
(0,0)	13	14	r1	r1	(1.00,-3.00)	3.16	-71.57
(0,0)	14	1	r1	r1	(-3.00,-1.00)	3.16	-161.57
(0,0)	14	3	r1	r1	(-3.00,1.00)	3.16	161.57
(0,0)	14	13	r1	r1	(-1.00,3.00)	3.16	108.43
(0,0)	14	18	r1	r2	(-3.00,-1.00)	3.16	-161.57
(0,0)	15	2	r1	r1	(-3.00,-1.00)	3.16	-161.57
(0,0)	15	4	r1	r1	(-3.00,1.00)	3.16	161.57
(0,0)	16	3	r1	r1	(-3.00,-1.00)	3.16	-161.57
(0,0)	16	5	r1	r1	(-3.00,1.00)	3.16	161.57
(0,0)	17	4	r1	r1	(-3.00,-1.00)	3.16	-161.57
(0,0)	17	10	r1	r1	(-1.00,-3.00)	3.16	-108.43
(0,0)	18	8	r2	r1	(1.00,3.00)	3.16	71.57
(0,0)	18	14	r2	r1	(3.00,1.00)	3.16	18.43
(0,0)	18	22	r2	r2	(-0.53,3.12)	3.16	99.64
(0,0)	18	28	r2	r2	(2.18,2.29)	3.16	46.51
(0,0)	19	32	r2	r2	(2.18,2.29)	3.16	46.51
(0,0)	20	31	r2	r2	(3.12,0.53)	3.16	9.64
(0,0)	20	33	r2	r2	(2.18,2.29)	3.16	46.51
(0,0)	21	34	r2	r2	(2.18,2.29)	3.16	46.51
(0,0)	22	1	r2	r1	(0.53,-3.12)	3.16	-80.36
(0,0)	22	18	r2	r2	(0.53,-3.12)	3.16	-80.36
(0,0)	22	23	r2	r2	(2.29,-2.18)	3.16	-43.49
(0,0)	23	22	r2	r2	(-2.29,2.18)	3.16	136.51
(0,0)	26	27	r2	r2	(2.29,-2.18)	3.16	-43.49
(0,0)	27	26	r2	r2	(-2.29,2.18)	3.16	136.51
(0,0)	27	34	r2	r2	(-0.53,3.12)	3.16	99.64
(0,0)	28	1	r2	r1	(-2.18,-2.29)	3.16	-133.49
(0,0)	28	18	r2	r2	(-2.18,-2.29)	3.16	-133.49
(0,0)	30	31	r2	r2	(2.29,-2.18)	3.16	-43.49
(0,0)	31	20	r2	r2	(-3.12,-0.53)	3.16	-170.36
(0,0)	31	30	r2	r2	(-2.29,2.18)	3.16	136.51
(0,0)	32	19	r2	r2	(-2.18,-2.29)	3.16	-133.49
(0,0)	33	20	r2	r2	(-2.18,-2.29)	3.16	-133.49
(0,0)	34	21	r2	r2	(-2.18,-2.29)	3.16	-133.49
(0,0)	34	27	r2	r2	(0.53,-3.12)	3.16	-80.36
(1,0)	6	2	r1	r1	(3.00,1.00)	3.16	18.43
(1,0)	7	1	r1	r1	(3.00,-1.00)	3.16	-18.43
(1,0)	7	3	r1	r1	(3.00,1.00)	3.16	18.43
(1,0)	7	18	r1	r2	(3.00,-1.00)	3.16	-18.43
(1,0)	8	2	r1	r1	(3.00,-1.00)	3.16	-18.43
(1,0)	8	4	r1	r1	(3.00,1.00)	3.16	18.43
(1,0)	9	3	r1	r1	(3.00,-1.00)	3.16	-18.43
(1,0)	9	5	r1	r1	(3.00,1.00)	3.16	18.43
(1,0)	10	6	r1	r1	(3.00,1.00)	3.16	18.43
(1,0)	11	7	r1	r1	(3.00,1.00)	3.16	18.43
(1,0)	12	6	r1	r1	(3.00,-1.00)	3.16	-18.43
(1,0)	12	8	r1	r1	(3.00,1.00)	3.16	18.43
(1,0)	13	7	r1	r1	(3.00,-1.00)	3.16	-18.43
(1,0)	13	9	r1	r1	(3.00,1.00)	3.16	18.43
(1,0)	14	4	r1	r1	(1.00,3.00)	3.16	71.57
(1,0)	14	10	r1	r1	(3.00,1.00)	3.16	18.43
(1,0)	15	5	r1	r1	(1.00,3.00)	3.16	71.57
(1,0)	15	11	r1	r1	(3.00,1.00)	3.16	18.43
(1,0)	16	10	r1	r1	(3.00,-1.00)	3.16	-18.43
(1,0)	16	12	r1	r1	(3.00,1.00)	3.16	18.43
(1,0)	17	1	r1	r1	(1.00,-3.00)	3.16	-71.57
(1,0)	17	11	r1	r1	(3.00,-1.00)	3.16	-18.43
(1,0)	17	13	r1	r1	(3.00,1.00)	3.16	18.43
(1,0)	17	18	r1	r2	(1.00,-3.00)	3.16	-71.57
(1,0)	19	1	r2	r1	(3.12,0.53)	3.16	9.64
(1,0)	19	18	r2	r2	(3.12,0.53)	3.16	9.64
(1,0)	23	21	r2	r2	(2.18,2.29)	3.16	46.51
(1,0)	24	20	r2	r2	(3.12,0.53)	3.16	9.64
(1,0)	24	22	r2	r2	(2.18,2.29)	3.16	46.51
(1,0)	26	22	r2	r2	(3.12,0.53)	3.16	9.64
(1,0)	27	23	r2	r2	(3.12,0.53)	3.16	9.64
(1,0)	27	25	r2	r2	(2.18,2.29)	3.16	46.51
(1,0)	28	24	r2	r2	(3.12,0.53)	3.16	9.64
(1,0)	28	26	r2	r2	(2.18,2.29)	3.16	46.51
(1,0)	29	1	r2	r1	(2.29,-2.18)	3.16	-43.49
(1,0)	29	18	r2	r2	(2.29,-2.18)	3.16	-43.49
(1,0)	32	30	r2	r2	(2.18,2.29)	3.16	46.51
(1,0)	33	19	r2	r2	(2.29,-2.18)	3.16	-43.49
(1,0)	33	29	r2	r2	(3.12,0.53)	3.16	9.64
(1,0)	34	20	r2	r2	(2.29,-2.18)	3.16	-43.49
(1,0)	34	30	r2	r2	(3.12,0.53)	3.16	9.64
(-1,0)	1	7	r1	r1	(-3.00,1.00)	3.16	161.57
(-1,0)	1	17	r1	r1	(-1.00,3.00)	3.16	108.43
(-1,0)	1	19	r1	r2	(-3.12,-0.53)	3.16	-170.36
(-1,0)	1	29	r1	r2	(-2.29,2.18)	3.16	136.51
(-1,0)	2	6	r1	r1	(-3.00,-1.00)	3.16	-161.57
(-1,0)	2	8	r1	r1	(-3.00,1.00)	3.16	161.57
(-1,0)	3	7	r1	r1	(-3.00,-1.00)	3.16	-161.57
(-1,0)	3	9	r1	r1	(-3.00,1.00)	3.16	161.57
(-1,0)	4	8	r1	r1	(-3.00,-1.00)	3.16	-161.57
(-1,0)	4	14	r1	r1	(-1.00,-3.00)	3.16	-108.43
(-1,0)	5	9	r1	r1	(-3.00,-1.00)	3.16	-161.57
(-1,0)	5	15	r1	r1	(-1.00,-3.00)	3.16	-108.43
(-1,0)	6	10	r1	r1	(-3.00,-1.00)	3.16	-161.57
(-1,0)	6	12	r1	r1	(-3.00,1.00)	3.16	161.57
(-1,0)	7	11	r1	r1	(-3.00,-1.00)	3.16	-161.57
(-1,0)	7	13	r1	r1	(-3.00,1.00)	3.16	161.57
(-1,0)	8	12	r1	r1	(-3.00,-1.00)	3.16	-161.57
(-1,0)	9	13	r1	r1	(-3.00,-1.00)	3.16	-161.57
(-1,0)	10	14	r1	r1	(-3.00,-1.00)	3.16	-161.57
(-1,0)	10	16	r1	r1	(-3.00,1.00)	3.16	161.57
(-1,0)	11	15	r1	r1	(-3.00,-1.00)	3.16	-161.57
(-1,0)	11	17	r1	r1	(-3.00,1.00)	3.16	161.57
(-1,0)	12	16	r1	r1	(-3.00,-1.00)	3.16	-161.57
(-1,0)	13	17	r1	r1	(-3.00,-1.00)	3.16	-161.57
(-1,0)	18	7	r2	r1	(-3.00,1.00)	3.16	161.57
(-1,0)	18	17	r2	r1	(-1.00,3.00)	3.16	108.43
(-1,0)	18	19	r2	r2	(-3.12,-0.53)	3.16	-170.36
(-1,0)	18	29	r2	r2	(-2.29,2.18)	3.16	136.51
(-1,0)	19	23	r2	r2	(-3.12,-0.53)	3.16	-170.36
(-1,0)	19	33	r2	r2	(-2.29,2.18)	3.16	136.51
(-1,0)	20	24	r2	r2	(-3.12,-0.53)	3.16	-170.36
(-1,0)	20	34	r2	r2	(-2.29,2.18)	3.16	136.51
(-1,0)	21	23	r2	r2	(-2.18,-2.29)	3.16	-133.49
(-1,0)	22	24	r2	r2	(-2.18,-2.29)	3.16	-133.49
(-1,0)	22	26	r2	r2	(-3.12,-0.53)	3.16	-170.36
(-1,0)	23	27	r2	r2	(-3.12,-0.53)	3.16	-170.36
(-1,0)	26	28	r2	r2	(-2.18,-2.29)	3.16	-133.49
(-1,0)	26	30	r2	r2	(-3.12,-0.53)	3.16	-170.36
(-1,0)	27	31	r2	r2	(-3.12,-0.53)	3.16	-170.36
(-1,0)	29	31	r2	r2	(-2.18,-2.29)	3.16	-133.49
(-1,0)	30	32	r2	r2	(-2.18,-2.29)	3.16	-133.49
(-1,0)	30	34	r2	r2	(-3.12,-0.53)	3.16	-170.36
(0,1)	2	1	r1	r1	(-1.00,3.00)	3.16	108.43
(0,1)	2	18	r1	r2	(-1.00,3.00)	3.16	108.43
(0,1)	3	2	r1	r1	(-1.00,3.00)	3.16	108.43
(0,1)	3	10	r1	r1	(1.00,3.00)	3.16	71.57
(0,1)	4	3	r1	r1	(-1.00,3.00)	3.16	108.43
(0,1)	4	11	r1	r1	(1.00,3.00)	3.16	71.57
(0,1)	5	4	r1	r1	(-1.00,3.00)	3.16	108.43
(0,1)	5	12	r1	r1	(1.00,3.00)	3.16	71.57
(0,1)	7	6	r1	r1	(-1.00,3.00)	3.16	108.43
(0,1)	7	14	r1	r1	(1.00,3.00)	3.16	71.57
(0,1)	8	7	r1	r1	(-1.00,3.00)	3.16	108.43
(0,1)	8	15	r1	r1	(1.00,3.00)	3.16	71.57
(0,1)	9	8	r1	r1	(-1.00,3.00)	3.16	108.43
(0,1)	9	16	r1	r1	(1.00,3.00)	3.16	71.57
(0,1)	11	10	r1	r1	(-1.00,3.00)	3.16	108.43
(0,1)	12	1	r1	r1	(-3.00,1.00)	3.16	161.57
(0,1)	12	11	r1	r1	(-1.00,3.00)	3.16	108.43
(0,1)	12	18	r1	r2	(-3.00,1.00)	3.16	161.57
(0,1)	13	2	r1	r1	(-3.00,1.00)	3.16	161.57
(0,1)	13	12	r1	r1	(-1.00,3.00)	3.16	108.43
(0,1)	15	14	r1	r1	(-1.00,3.00)	3.16	108.43
(0,1)	16	15	r1	r1	(-1.00,3.00)	3.16	108.43
(0,1)	17	6	r1	r1	(-3.00,1.00)	3.16	161.57
(0,1)	17	16	r1	r1	(-1.00,3.00)	3.16	108.43
(0,1)	20	19	r2	r2	(-0.53,3.12)	3.16	99.64
(0,1)	21	20	r2	r2	(-0.53,3.12)	3.16	99.64
(0,1)	22	21	r2	r2	(-0.53,3.12)	3.16	99.64
(0,1)	22	27	r2	r2	(2.18,2.29)	3.16	46.51
(0,1)	24	1	r2	r1	(-2.29,2.18)	3.16	136.51
(0,1)	24	18	r2	r2	(-2.29,2.18)	3.16	136.51
(0,1)	24	23	r2	r2	(-0.53,3.12)	3.16	99.64
(0,1)	25	24	r2	r2	(-0.53,3.12)	3.16	99.64
(0,1)	26	25	r2	r2	(-0.53,3.12)	3.16	99.64
(0,1)	26	31	r2	r2	(2.18,2.29)	3.16	46.51
(0,1)	28	19	r2	r2	(-2.29,2.18)	3.16	136.51
(0,1)	28	27	r2	r2	(-0.53,3.12)	3.16	99.64
(0,1)	30	21	r2	r2	(-2.29,2.18)	3.16	136.51
(0,1)	32	23	r2	r2	(-2.29,2.18)	3.16	136.51
(0,1)	33	32	r2	r2	(-0.53,3.12)	3.16	99.64
(0,1)	34	1	r2	r1	(-3.12,-0.53)	3.16	-170.36
(0,1)	34	18	r2	r2	(-3.12,-0.53)	3.16	-170.36
(0,1)	34	25	r2	r2	(-2.29,2.18)	3.16	136.51
(0,-1)	1	2	r1	r1	(1.00,-3.00)	3.16	-71.57
(0,-1)	1	12	r1	r1	(3.00,-1.00)	3.16	-18.43
(0,-1)	1	24	r1	r2	(2.29,-2.18)	3.16	-43.49
(0,-1)	1	34	r1	r2	(3.12,0.53)	3.16	9.64
(0,-1)	2	3	r1	r1	(1.00,-3.00)	3.16	-71.57
(0,-1)	2	13	r1	r1	(3.00,-1.00)	3.16	-18.43
(0,-1)	3	4	r1	r1	(1.00,-3.00)	3.16	-71.57
(0,-1)	4	5	r1	r1	(1.00,-3.00)	3.16	-71.57
(0,-1)	6	7	r1	r1	(1.00,-3.00)	3.16	-71.57
(0,-1)	6	17	r1	r1	(3.00,-1.00)	3.16	-18.43
(0,-1)	7	8	r1	r1	(1.00,-3.00)	3.16	-71.57
(0,-1)	8	9	r1	r1	(1.00,-3.00)	3.16	-71.57
(0,-1)	10	3	r1	r1	(-1.00,-3.00)	3.16	-108.43
(0,-1)	10	11	r1	r1	(1.00,-3.00)	3.16	-71.57
(0,-1)	11	4	r1	r1	(-1.00,-3.00)	3.16	-108.43
(0,-1)	11	12	r1	r1	(1.00,-3.00)	3.16	-71.57
(0,-1)	12	5	r1	r1	(-1.00,-3.00)	3.16	-108.43
(0,-1)	12	13	r1	r1	(1.00,-3.00)	3.16	-71.57
(0,-1)	14	7	r1	r1	(-1.00,-3.00)	3.16	-108.43
(0,-1)	14	15	r1	r1	(1.00,-3.00)	3.16	-71.57
(0,-1)	15	8	r1	r1	(-1.00,-3.00)	3.16	-108.43
(0,-1)	15	16	r1	r1	(1.00,-3.00)	3.16	-71.57
(0,-1)	16	9	r1	r1	(-1.00,-3.00)	3.16	-108.43
(0,-1)	16	17	r1	r1	(1.00,-3.00)	3.16	-71.57
(0,-1)	18	2	r2	r1	(1.00,-3.00)	3.16	-71.57
(0,-1)	18	12	r2	r1	(3.00,-1.00)	3.16	-18.43
(0,-1)	18	24	r2	r2	(2.29,-2.18)	3.16	-43.49
(0,-1)	18	34	r2	r2	(3.12,0.53)	3.16	9.64
(0,-1)	19	20	r2	r2	(0.53,-3.12)	3.16	-80.36
(0,-1)	19	28	r2	r2	(2.29,-2.18)	3.16	-43.49
(0,-1)	20	21	r2	r2	(0.53,-3.12)	3.16	-80.36
(0,-1)	21	22	r2	r2	(0.53,-3.12)	3.16	-80.36
(0,-1)	21	30	r2	r2	(2.29,-2.18)	3.16	-43.49
(0,-1)	23	32	r2	r2	(2.29,-2.18)	3.16	-43.49
(0,-1)	24	33	r2	r2	(2.29,-2.18)	3.16	-43.49
(0,-1)	25	26	r2	r2	(0.53,-3.12)	3.16	-80.36
(0,-1)	25	34	r2	r2	(2.29,-2.18)	3.16	-43.49
(0,-1)	27	22	r2	r2	(-2.18,-2.29)	3.16	-133.49
(0,-1)	31	26	r2	r2	(-2.18,-2.29)	3.16	-133.49
(0,-1)	31	32	r2	r2	(0.53,-3.12)	3.16	-80.36
(0,-1)	32	33	r2	r2	(0.53,-3.12)	3.16	-80.36
(0,-1)	33	34	r2	r2	(0.53,-3.12)	3.16	-80.36
(1,1)	5	1	r1	r1	(3.00,1.00)	3.16	18.43
(1,1)	5	18	r1	r2	(3.00,1.00)	3.16	18.43
(1,1)	11	1	r1	r1	(1.00,3.00)	3.16	71.57
(1,1)	11	18	r1	r2	(1.00,3.00)	3.16	71.57
(1,1)	12	2	r1	r1	(1.00,3.00)	3.16	71.57
(1,1)	13	3	r1	r1	(1.00,3.00)	3.16	71.57
(1,1)	16	6	r1	r1	(1.00,3.00)	3.16	71.57
(1,1)	17	7	r1	r1	(1.00,3.00)	3.16	71.57
(1,1)	25	1	r2	r1	(2.18,2.29)	3.16	46.51
(1,1)	25	18	r2	r2	(2.18,2.29)	3.16	46.51
(1,1)	30	20	r2	r2	(2.18,2.29)	3.16	46.51
(1,1)	31	1	r2	r1	(-0.53,3.12)	3.16	99.64
(1,1)	31	18	r2	r2	(-0.53,3.12)	3.16	99.64
(1,1)	34	24	r2	r2	(2.18,2.29)	3.16	46.51
(-1,1)	4	10	r1	r1	(-3.00,1.00)	3.16	161.57
(-1,1)	5	11	r1	r1	(-3.00,1.00)	3.16	161.57
(-1,1)	8	14	r1	r1	(-3.00,1.00)	3.16	161.57
(-1,1)	9	15	r1	r1	(-3.00,1.00)	3.16	161.57
(-1,1)	21	27	r2	r2	(-2.29,2.18)	3.16	136.51
(-1,1)	22	28	r2	r2	(-2.29,2.18)	3.16	136.51
(-1,1)	25	31	r2	r2	(-2.29,2.18)	3.16	136.51
(-1,1)	26	32	r2	r2	(-2.29,2.18)	3.16	136.51
(-1,-1)	1	5	r1	r1	(-3.00,-1.00)	3.16	-161.57
(-1,-1)	1	11	r1	r1	(-1.00,-3.00)	3.16	-108.43
(-1,-1)	1	25	r1	r2	(-2.18,-2.29)	3.16	-133.49
(-1,-1)	1	31	r1	r2	(0.53,-3.12)	3.16	-80.36
(-1,-1)	2	12	r1	r1	(-1.00,-3.00)	3.16	-108.43
(-1,-1)	3	13	r1	r1	(-1.00,-3.00)	3.16	-108.43
(-1,-1)	6	16	r1	r1	(-1.00,-3.00)	3.16	-108.43
(-1,-1)	7	17	r1	r1	(-1.00,-3.00)	3.16	-108.43
(-1,-1)	18	5	r2	r1	(-3.00,-1.00)	3.16	-161.57
(-1,-1)	18	11	r2	r1	(-1.00,-3.00)	3.16	-108.43
(-1,-1)	18	25	r2	r2	(-2.18,-2.29)	3.16	-133.49
(-1,-1)	18	31	r2	r2	(0.53,-3.12)	3.16	-80.36
(-1,-1)	19	29	r2	r2	(-2.18,-2.29)	3.16	-133.49
(-1,-1)	20	30	r2	r2	(-2.18,-2.29)	3.16	-133.49
(-1,-1)	23	33	r2	r2	(-2.18,-2.29)	3.16	-133.49
(-1,-1)	24	34	r2	r2	(-2.18,-2.29)	3.16	-133.49
(1,-1)	10	4	r1	r1	(3.00,-1.00)	3.16	-18.43
(1,-1)	11	5	r1	r1	(3.00,-1.00)	3.16	-18.43
(1,-1)	14	8	r1	r1	(3.00,-1.00)	3.16	-18.43
(1,-1)	15	9	r1	r1	(3.00,-1.00)	3.16	-18.43
(1,-1)	27	21	r2	r2	(2.29,-2.18)	3.16	-43.49
(1,-1)	28	22	r2	r2	(2.29,-2.18)	3.16	-43.49
(1,-1)	31	25	r2	r2	(2.29,-2.18)	3.16	-43.49
(1,-1)	32	26	r2	r2	(2.29,-2.18)	3.16	-43.49
(1,0)	31	29	r2	r2	(2.18,2.29)	3.16	46.51
(-1,0)	25	27	r2	r2	(-2.18,-2.29)	3.16	-133.49
(0,1)	29	20	r2	r2	(-2.29,2.18)	3.16	136.51
(0,1)	29	28	r2	r2	(-0.53,3.12)	3.16	99.64
(0,1)	33	24	r2	r2	(-2.29,2.18)	3.16	136.51
(0,-1)	20	29	r2	r2	(2.29,-2.18)	3.16	-43.49
(1,1)	29	19	r2	r2	(2.18,2.29)	3.16	46.51
(1,1)	33	23	r2	r2	(2.18,2.29)	3.16	46.51
(1,0)	16	28	r1	r2	(3.18,0.29)	3.19	5.29
(0,1)	9	29	r1	r2	(-0.29,3.18)	3.19	95.29
(1,0)	7	21	r1	r2	(2.94,1.24)	3.19	22.78
(-1,0)	3	25	r1	r2	(-3.18,-0.29)	3.19	-174.71
(-1,0)	28	16	r2	r1	(-3.18,-0.29)	3.19	-174.71
(0,-1)	10	24	r1	r2	(0.29,-3.18)	3.19	-84.71
(0,-1)	29	9	r2	r1	(0.29,-3.18)	3.19	-84.71
(1,0)	25	3	r2	r1	(3.18,0.29)	3.19	5.29
(0,1)	24	10	r2	r1	(-0.29,3.18)	3.19	95.29
(1,0)	32	12	r2	r1	(2.94,1.24)	3.19	22.78
(-1,0)	12	32	r1	r2	(-2.94,-1.24)	3.19	-157.22
(-1,0)	21	7	r2	r1	(-2.94,-1.24)	3.19	-157.22
(0,1)	11	23	r1	r2	(-1.24,2.94)	3.19	112.78
(0,1)	30	8	r2	r1	(-1.24,2.94)	3.19	112.78
(0,-1)	8	30	r1	r2	(1.24,-2.94)	3.19	-67.22
(0,-1)	23	11	r2	r1	(1.24,-2.94)	3.19	-67.22
(1,1)	9	19	r1	r2	(2.88,1.47)	3.24	27.03
(1,1)	17	21	r1	r2	(-0.06,3.24)	3.24	91.04
(1,1)	32	2	r2	r1	(-0.06,3.24)	3.24	91.04
(1,1)	34	10	r2	r1	(2.88,1.47)	3.24	27.03
(-1,1)	3	31	r1	r2	(-1.47,2.88)	3.24	117.03
(-1,1)	5	23	r1	r2	(-3.24,-0.06)	3.24	-178.96
(-1,1)	22	16	r2	r1	(-1.47,2.88)	3.24	117.03
(-1,1)	30	14	r2	r1	(-3.24,-0.06)	3.24	-178.96
(-1,-1)	2	32	r1	r2	(0.06,-3.24)	3.24	-88.96
(-1,-1)	10	34	r1	r2	(-2.88,-1.47)	3.24	-152.97
(-1,-1)	19	9	r2	r1	(-2.88,-1.47)	3.24	-152.97
(-1,-1)	21	17	r2	r1	(0.06,-3.24)	3.24	-88.96
(1,-1)	14	30	r1	r2	(3.24,0.06)	3.24	1.04
(1,-1)	16	22	r1	r2	(1.47,-2.88)	3.24	-62.97
(1,-1)	23	5	r2	r1	(3.24,0.06)	3.24	1.04
(1,-1)	31	3	r2	r1	(1.47,-2.88)	3.24	-62.97
(1,0)	17	28	r1	r2	(3.18,-0.71)	3.25	-12.53
(0,1)	5	29	r1	r2	(0.71,3.18)	3.25	77.47
(1,0)	7	22	r1	r2	(2.47,2.12)	3.25	40.60
(1,0)	25	2	r2	r1	(3.18,-0.71)	3.25	-12.53
(1,0)	31	12	r2	r1	(2.47,2.12)	3.25	40.60
(-1,0)	2	25	r1	r2	(-3.18,0.71)	3.25	167.47
(-1,0)	12	31	r1	r2	(-2.47,-2.12)	3.25	-139.40
(-1,0)	22	7	r2	r1	(-2.47,-2.12)	3.25	-139.40
(-1,0)	28	17	r2	r1	(-3.18,0.71)	3.25	167.47
(0,1)	11	19	r1	r2	(-2.12,2.47)	3.25	130.60
(0,1)	24	14	r2	r1	(0.71,3.18)	3.25	77.47
(0,1)	34	8	r2	r1	(-2.12,2.47)	3.25	130.60
(0,-1)	8	34	r1	r2	(2.12,-2.47)	3.25	-49.40
(0,-1)	14	24	r1	r2	(-0.71,-3.18)	3.25	-102.53
(0,-1)	19	11	r2	r1	(2.12,-2.47)	3.25	-49.40
(0,-1)	29	5	r2	r1	(-0.71,-3.18)	3.25	-102.53
(1,0)	12	19	r1	r2	(2.88,-1.53)	3.26	-27.95
(0,1)	8	31	r1	r2	(1.53,2.88)	3.26	62.05
(1,0)	34	7	r2	r1	(2.88,-1.53)	3.26	-27.95
(-1,0)	7	34	r1	r2	(-2.88,1.53)	3.26	152.05
(-1,0)	19	12	r2	r1	(-2.88,1.53)	3.26	152.05
(0,1)	22	11	r2	r1	(1.53,2.88)	3.26	62.05
(0,-1)	11	22	r1	r2	(-1.53,-2.88)	3.26	-117.95
(0,-1)	31	8	r2	r1	(-1.53,-2.88)	3.26	-117.95
(1,0)	14	25	r1	r2	(1.82,2.71)	3.26	56.02
(1,0)	28	5	r2	r1	(1.82,2.71)	3.26	56.02
(-1,0)	5	28	r1	r2	(-1.82,-2.71)	3.26	-123.98
(-1,0)	25	14	r2	r1	(-1.82,-2.71)	3.26	-123.98
(0,1)	29	2	r2	r1	(-2.71,1.82)	3.26	146.02
(0,-1)	2	29	r1	r2	(2.71,-1.82)	3.26	-33.98
(0,-1)	24	17	r2	r1	(2.71,-1.82)	3.26	-33.98
(0,1)	17	24	r1	r2	(-2.71,1.82)	3.26	146.02
(0,0)	2	30	r1	r2	(1.24,3.06)	3.30	68.01
(0,0)	3	34	r1	r2	(2.12,2.53)	3.30	50.06
(0,0)	5	32	r1	r2	(3.06,-1.24)	3.30	-21.99
(0,0)	9	31	r1	r2	(2.53,-2.12)	3.30	-39.94
(0,0)	10	22	r1	r2	(-2.53,2.12)	3.30	140.06
(0,0)	14	21	r1	r2	(-3.06,1.24)	3.30	158.01
(0,0)	16	19	r1	r2	(-2.12,-2.53)	3.30	-129.94
(0,0)	17	23	r1	r2	(-1.24,-3.06)	3.30	-111.99
(0,0)	19	16	r2	r1	(2.12,2.53)	3.30	50.06
(0,0)	21	14	r2	r1	(3.06,-1.24)	3.30	-21.99
(0,0)	22	10	r2	r1	(2.53,-2.12)	3.30	-39.94
(0,0)	23	17	r2	r1	(1.24,3.06)	3.30	68.01
(0,0)	30	2	r2	r1	(-1.24,-3.06)	3.30	-111.99
(0,0)	31	9	r2	r1	(-2.53,2.12)	3.30	140.06
(0,0)	32	5	r2	r1	(-3.06,1.24)	3.30	158.01
(0,0)	34	3	r2	r1	(-2.12,-2.53)	3.30	-129.94
(1,0)	11	25	r1	r2	(2.82,1.71)	3.30	31.14
(1,0)	12	24	r1	r2	(3.29,-0.18)	3.30	-3.07
(1,0)	29	7	r2	r1	(3.29,-0.18)	3.30	-3.07
(-1,0)	7	29	r1	r2	(-3.29,0.18)	3.30	176.93
(-1,0)	8	28	r1	r2	(-2.82,-1.71)	3.30	-148.86
(-1,0)	24	12	r2	r1	(-3.29,0.18)	3.30	176.93
(-1,0)	25	11	r2	r1	(-2.82,-1.71)	3.30	-148.86
(0,1)	25	11	r2	r1	(0.18,3.29)	3.30	86.93
(0,1)	29	7	r2	r1	(-1.71,2.82)	3.30	121.14
(0,-1)	7	29	r1	r2	(1.71,-2.82)	3.30	-58.86
(0,-1)	11	25	r1	r2	(-0.18,-3.29)	3.30	-93.07
(0,-1)	24	12	r2	r1	(1.71,-2.82)	3.30	-58.86
(0,-1)	28	8	r2	r1	(-0.18,-3.29)	3.30	-93.07
(1,0)	28	8	r2	r1	(2.82,1.71)	3.30	31.14
(0,1)	8	28	r1	r2	(0.18,3.29)	3.30	86.93
(0,1)	12	24	r1	r2	(-1.71,2.82)	3.30	121.14
(1,1)	9	20	r1	r2	(2.41,2.35)	3.37	44.29
(-1,-1)	10	33	r1	r2	(-2.41,-2.35)	3.37	-135.71
(-1,-1)	20	9	r2	r1	(-2.41,-2.35)	3.37	-135.71
(1,-1)	16	26	r1	r2	(2.35,-2.41)	3.37	-45.71
(1,-1)	27	3	r2	r1	(2.35,-2.41)	3.37	-45.71
(1,1)	13	21	r1	r2	(0.94,3.24)	3.37	73.78
(-1,-1)	6	32	r1	r2	(-0.94,-3.24)	3.37	-106.22
(-1,-1)	21	13	r2	r1	(-0.94,-3.24)	3.37	-106.22
(1,-1)	15	30	r1	r2	(3.24,-0.94)	3.37	-16.22
(1,-1)	23	4	r2	r1	(3.24,-0.94)	3.37	-16.22
(1,1)	32	6	r2	r1	(0.94,3.24)	3.37	73.78
(1,1)	33	10	r2	r1	(2.41,2.35)	3.37	44.29
(-1,1)	3	27	r1	r2	(-2.35,2.41)	3.37	134.29
(-1,1)	4	23	r1	r2	(-3.24,0.94)	3.37	163.78
(-1,1)	26	16	r2	r1	(-2.35,2.41)	3.37	134.29
(-1,1)	30	15	r2	r1	(-3.24,0.94)	3.37	163.78
(1,1)	16	20	r1	r2	(0.41,3.35)	3.38	83.00
(1,-1)	10	26	r1	r2	(3.35,-0.41)	3.38	-7.00
(1,1)	13	23	r1	r2	(2.76,1.94)	3.38	35.07
(1,1)	30	6	r2	r1	(2.76,1.94)	3.38	35.07
(1,1)	33	3	r2	r1	(0.41,3.35)	3.38	83.00
(-1,1)	4	32	r1	r2	(-1.94,2.76)	3.38	125.07
(-1,1)	9	27	r1	r2	(-3.35,0.41)	3.38	173.00
(-1,1)	21	15	r2	r1	(-1.94,2.76)	3.38	125.07
(-1,1)	26	10	r2	r1	(-3.35,0.41)	3.38	173.00
(-1,-1)	3	33	r1	r2	(-0.41,-3.35)	3.38	-97.00
(-1,-1)	6	30	r1	r2	(-2.76,-1.94)	3.38	-144.93
(-1,-1)	20	16	r2	r1	(-0.41,-3.35)	3.38	-97.00
(-1,-1)	23	13	r2	r1	(-2.76,-1.94)	3.38	-144.93
(1,-1)	15	21	r1	r2	(1.94,-2.76)	3.38	-54.93
(1,-1)	27	9	r2	r1	(3.35,-0.41)	3.38	-7.00
(1,-1)	32	4	r2	r1	(1.94,-2.76)	3.38	-54.93
(1,0)	11	24	r1	r2	(3.29,0.82)	3.40	14.04
(1,0)	29	8	r2	r1	(3.29,0.82)	3.40	14.04
(-1,0)	8	29	r1	r2	(-3.29,-0.82)	3.40	-165.96
(-1,0)	24	11	r2	r1	(-3.29,-0.82)	3.40	-165.96
(0,1)	25	7	r2	r1	(-0.82,3.29)	3.40	104.04
(0,-1)	7	25	r1	r2	(0.82,-3.29)	3.40	-75.96
(0,-1)	28	12	r2	r1	(0.82,-3.29)	3.40	-75.96
(0,1)	12	28	r1	r2	(-0.82,3.29)	3.40	104.04
(1,0)	9	26	r1	r2	(3.35,0.59)	3.40	9.95
(-1,0)	26	9	r2	r1	(-3.35,-0.59)	3.40	-170.05
(0,1)	33	16	r2	r1	(-0.59,3.35)	3.40	99.95
(0,-1)	16	33	r1	r2	(0.59,-3.35)	3.40	-80.05
(1,0)	13	30	r1	r2	(3.24,1.06)	3.40	18.12
(1,0)	23	6	r2	r1	(3.24,1.06)	3.40	18.12
(1,0)	27	10	r2	r1	(3.35,0.59)	3.40	9.95
(-1,0)	6	23	r1	r2	(-3.24,-1.06)	3.40	-161.88
(-1,0)	10	27	r1	r2	(-3.35,-0.59)	3.40	-170.05
(-1,0)	30	13	r2	r1	(-3.24,-1.06)	3.40	-161.88
(0,1)	4	21	r1	r2	(-1.06,3.24)	3.40	108.12
(0,1)	32	15	r2	r1	(-1.06,3.24)	3.40	108.12
(0,-1)	15	32	r1	r2	(1.06,-3.24)	3.40	-71.88
(0,-1)	20	3	r2	r1	(0.59,-3.35)	3.40	-80.05
(0,-1)	21	4	r2	r1	(1.06,-3.24)	3.40	-71.88
(0,1)	3	20	r1	r2	(-0.59,3.35)	3.40	99.95
(1,0)	15	28	r1	r2	(3.18,1.29)	3.43	22.17
(0,1)	13	29	r1	r2	(-1.29,3.18)	3.43	112.17
(-1,1)	9	32	r1	r2	(-2.94,1.76)	3.43	149.04
(1,0)	7	20	r1	r2	(3.41,0.35)	3.43	5.91
(1,0)	25	4	r2	r1	(3.18,1.29)	3.43	22.17
(1,0)	33	12	r2	r1	(3.41,0.35)	3.43	5.91
(-1,0)	4	25	r1	r2	(-3.18,-1.29)	3.43	-157.83
(-1,0)	12	33	r1	r2	(-3.41,-0.35)	3.43	-174.09
(-1,0)	20	7	r2	r1	(-3.41,-0.35)	3.43	-174.09
(-1,0)	28	15	r2	r1	(-3.18,-1.29)	3.43	-157.83
(0,1)	11	27	r1	r2	(-0.35,3.41)	3.43	95.91
(0,1)	24	6	r2	r1	(-1.29,3.18)	3.43	112.17
(0,1)	26	8	r2	r1	(-0.35,3.41)	3.43	95.91
(0,-1)	6	24	r1	r2	(1.29,-3.18)	3.43	-67.83
(0,-1)	8	26	r1	r2	(0.35,-3.41)	3.43	-84.09
(0,-1)	27	11	r2	r1	(0.35,-3.41)	3.43	-84.09
(0,-1)	29	13	r2	r1	(1.29,-3.18)	3.43	-67.83
(1,1)	16	23	r1	r2	(1.76,2.94)	3.43	59.04
(1,1)	30	3	r2	r1	(1.76,2.94)	3.43	59.04
(-1,1)	21	10	r2	r1	(-2.94,1.76)	3.43	149.04
(-1,-1)	3	30	r1	r2	(-1.76,-2.94)	3.43	-120.96
(-1,-1)	23	16	r2	r1	(-1.76,-2.94)	3.43	-120.96
(1,-1)	10	21	r1	r2	(2.94,-1.76)	3.43	-30.96
(1,-1)	32	9	r2	r1	(2.94,-1.76)	3.43	-30.96
(1,0)	10	22	r1	r2	(1.47,3.12)	3.45	64.75
(1,0)	17	23	r1	r2	(2.76,-2.06)	3.45	-36.67
(1,0)	30	2	r2	r1	(2.76,-2.06)	3.45	-36.67
(1,0)	31	9	r2	r1	(1.47,3.12)	3.45	64.75
(-1,0)	2	30	r1	r2	(-2.76,2.06)	3.45	143.33
(-1,0)	9	31	r1	r2	(-1.47,-3.12)	3.45	-115.25
(-1,0)	22	10	r2	r1	(-1.47,-3.12)	3.45	-115.25
(-1,0)	23	17	r2	r1	(-2.76,2.06)	3.45	143.33
(0,1)	5	32	r1	r2	(2.06,2.76)	3.45	53.33
(0,1)	16	19	r1	r2	(-3.12,1.47)	3.45	154.75
(0,1)	21	14	r2	r1	(2.06,2.76)	3.45	53.33
(0,1)	34	3	r2	r1	(-3.12,1.47)	3.45	154.75
(0,-1)	3	34	r1	r2	(3.12,-1.47)	3.45	-25.25
(0,-1)	14	21	r1	r2	(-2.06,-2.76)	3.45	-126.67
(0,-1)	19	16	r2	r1	(3.12,-1.47)	3.45	-25.25
(0,-1)	32	5	r2	r1	(-2.06,-2.76)	3.45	-126.67
(1,0)	17	34	r1	r2	(3.12,1.53)	3.47	26.13
(0,1)	5	22	r1	r2	(-1.53,3.12)	3.47	116.13
(1,0)	5	22	r1	r2	(3.47,0.12)	3.47	1.94
(1,0)	19	2	r2	r1	(3.12,1.53)	3.47	26.13
(1,0)	31	14	r2	r1	(3.47,0.12)	3.47	1.94
(-1,0)	2	19	r1	r2	(-3.12,-1.53)	3.47	-153.87
(-1,0)	11	33	r1	r2	(-3.41,0.65)	3.47	169.26
(-1,0)	14	31	r1	r2	(-3.47,-0.12)	3.47	-178.06
(-1,0)	20	8	r2	r1	(-3.41,0.65)	3.47	169.26
(-1,0)	22	5	r2	r1	(-3.47,-0.12)	3.47	-178.06
(-1,0)	29	15	r2	r1	(-2.71,-2.18)	3.47	-141.19
(-1,0)	34	17	r2	r1	(-3.12,-1.53)	3.47	-153.87
(0,1)	2	19	r1	r2	(-0.12,3.47)	3.47	91.94
(0,1)	13	25	r1	r2	(-2.18,2.71)	3.47	128.81
(0,1)	28	6	r2	r1	(-2.18,2.71)	3.47	128.81
(0,1)	31	14	r2	r1	(-1.53,3.12)	3.47	116.13
(0,1)	34	17	r2	r1	(-0.12,3.47)	3.47	91.94
(0,-1)	6	28	r1	r2	(2.18,-2.71)	3.47	-51.19
(0,-1)	12	26	r1	r2	(-0.65,-3.41)	3.47	-100.74
(0,-1)	14	31	r1	r2	(1.53,-3.12)	3.47	-63.87
(0,-1)	17	34	r1	r2	(0.12,-3.47)	3.47	-88.06
(0,-1)	19	2	r2	r1	(0.12,-3.47)	3.47	-88.06
(0,-1)	22	5	r2	r1	(1.53,-3.12)	3.47	-63.87
(0,-1)	27	7	r2	r1	(-0.65,-3.41)	3.47	-100.74
(1,0)	8	20	r1	r2	(3.41,-0.65)	3.47	-10.74
(1,0)	15	29	r1	r2	(2.71,2.18)	3.47	38.81
(1,0)	24	4	r2	r1	(2.71,2.18)	3.47	38.81
(1,0)	33	11	r2	r1	(3.41,-0.65)	3.47	-10.74
(-1,0)	4	24	r1	r2	(-2.71,-2.18)	3.47	-141.19
(0,1)	7	27	r1	r2	(0.65,3.41)	3.47	79.26
(0,1)	26	12	r2	r1	(0.65,3.41)	3.47	79.26
(0,-1)	25	13	r2	r1	(2.18,-2.71)	3.47	-51.19
(1,0)	11	26	r1	r2	(2.35,2.59)	3.50	47.73
(1,0)	13	24	r1	r2	(3.29,-1.18)	3.50	-19.65
(1,0)	29	6	r2	r1	(3.29,-1.18)	3.50	-19.65
(-1,0)	6	29	r1	r2	(-3.29,1.18)	3.50	160.35
(-1,0)	24	13	r2	r1	(-3.29,1.18)	3.50	160.35
(-1,0)	26	11	r2	r1	(-2.35,-2.59)	3.50	-132.27
(0,1)	25	15	r2	r1	(1.18,3.29)	3.50	70.35
(0,1)	33	7	r2	r1	(-2.59,2.35)	3.50	137.73
(0,-1)	7	33	r1	r2	(2.59,-2.35)	3.50	-42.27
(0,-1)	15	25	r1	r2	(-1.18,-3.29)	3.50	-109.65
(0,-1)	28	4	r2	r1	(-1.18,-3.29)	3.50	-109.65
(1,0)	27	8	r2	r1	(2.35,2.59)	3.50	47.73
(-1,0)	8	27	r1	r2	(-2.35,-2.59)	3.50	-132.27
(0,1)	12	20	r1	r2	(-2.59,2.35)	3.50	137.73
(0,-1)	20	12	r2	r1	(2.59,-2.35)	3.50	-42.27
(0,1)	4	28	r1	r2	(1.18,3.29)	3.50	70.35
(0,0)	2	32	r1	r2	(3.06,1.76)	3.53	29.98
(0,0)	3	31	r1	r2	(3.53,-0.12)	3.53	-1.91
(0,0)	5	23	r1	r2	(1.76,-3.06)	3.53	-60.02
(0,0)	9	19	r1	r2	(-0.12,-3.53)	3.53	-91.91
(0,0)	10	34	r1	r2	(0.12,3.53)	3.53	88.09
(0,0)	14	30	r1	r2	(-1.76,3.06)	3.53	119.98
(0,0)	16	22	r1	r2	(-3.53,0.12)	3.53	178.09
(0,0)	17	21	r1	r2	(-3.06,-1.76)	3.53	-150.02
(0,0)	19	9	r2	r1	(0.12,3.53)	3.53	88.09
(0,0)	21	17	r2	r1	(3.06,1.76)	3.53	29.98
(0,0)	22	16	r2	r1	(3.53,-0.12)	3.53	-1.91
(0,0)	23	5	r2	r1	(-1.76,3.06)	3.53	119.98
(0,0)	30	14	r2	r1	(1.76,-3.06)	3.53	-60.02
(0,0)	31	3	r2	r1	(-3.53,0.12)	3.53	178.09
(0,0)	32	2	r2	r1	(-3.06,-1.76)	3.53	-150.02
(0,0)	34	10	r2	r1	(-0.12,-3.53)	3.53	-91.91
(-1,1)	5	33	r1	r2	(-2.41,2.65)	3.58	132.34
(1,1)	17	27	r1	r2	(2.65,2.41)	3.58	42.34
(-1,1)	20	14	r2	r1	(-2.41,2.65)	3.58	132.34
(-1,-1)	2	26	r1	r2	(-2.65,-2.41)	3.58	-137.66
(-1,-1)	27	17	r2	r1	(-2.65,-2.41)	3.58	-137.66
(1,1)	15	19	r1	r2	(0.88,3.47)	3.58	75.74
(1,1)	26	2	r2	r1	(2.65,2.41)	3.58	42.34
(1,1)	34	4	r2	r1	(0.88,3.47)	3.58	75.74
(-1,1)	13	31	r1	r2	(-3.47,0.88)	3.58	165.74
(-1,1)	22	6	r2	r1	(-3.47,0.88)	3.58	165.74
(-1,-1)	4	34	r1	r2	(-0.88,-3.47)	3.58	-104.26
(-1,-1)	19	15	r2	r1	(-0.88,-3.47)	3.58	-104.26
(1,-1)	6	22	r1	r2	(3.47,-0.88)	3.58	-14.26
(1,-1)	14	20	r1	r2	(2.41,-2.65)	3.58	-47.66
(1,-1)	31	13	r2	r1	(3.47,-0.88)	3.58	-14.26
(1,-1)	33	5	r2	r1	(2.41,-2.65)	3.58	-47.66
(0,0)	1	26	r1	r2	(0.35,3.59)	3.61	84.38
(0,0)	18	26	r2	r2	(0.35,3.59)	3.61	84.38
(0,0)	19	30	r2	r2	(0.35,3.59)	3.61	84.38
(0,0)	21	31	r2	r2	(3.59,-0.35)	3.61	-5.62
(0,0)	22	32	r2	r2	(3.59,-0.35)	3.61	-5.62
(0,0)	23	34	r2	r2	(0.35,3.59)	3.61	84.38
(0,0)	26	1	r2	r1	(-0.35,-3.59)	3.61	-95.62
(0,0)	26	18	r2	r2	(-0.35,-3.59)	3.61	-95.62
(0,0)	30	19	r2	r2	(-0.35,-3.59)	3.61	-95.62
(0,0)	31	21	r2	r2	(-3.59,0.35)	3.61	174.38
(0,0)	32	22	r2	r2	(-3.59,0.35)	3.61	174.38
(0,0)	34	23	r2	r2	(-0.35,-3.59)	3.61	-95.62
(1,0)	23	22	r2	r2	(1.71,3.18)	3.61	61.76
(1,0)	24	19	r2	r2	(3.59,-0.35)	3.61	-5.62
(1,0)	26	21	r2	r2	(3.59,-0.35)	3.61	-5.62
(1,0)	29	19	r2	r2	(3.18,-1.71)	3.61	-28.24
(1,0)	29	24	r2	r2	(3.59,-0.35)	3.61	-5.62
(1,0)	30	25	r2	r2	(3.59,-0.35)	3.61	-5.62
(1,0)	32	27	r2	r2	(3.59,-0.35)	3.61	-5.62
(1,0)	33	28	r2	r2	(3.59,-0.35)	3.61	-5.62
(-1,0)	1	20	r1	r2	(-3.59,0.35)	3.61	174.38
(-1,0)	18	20	r2	r2	(-3.59,0.35)	3.61	174.38
(-1,0)	20	25	r2	r2	(-3.59,0.35)	3.61	174.38
(-1,0)	21	26	r2	r2	(-3.59,0.35)	3.61	174.38
(-1,0)	23	28	r2	r2	(-3.59,0.35)	3.61	174.38
(-1,0)	24	29	r2	r2	(-3.59,0.35)	3.61	174.38
(-1,0)	25	30	r2	r2	(-3.59,0.35)	3.61	174.38
(-1,0)	27	32	r2	r2	(-3.59,0.35)	3.61	174.38
(-1,0)	28	33	r2	r2	(-3.59,0.35)	3.61	174.38
(-1,0)	29	34	r2	r2	(-3.59,0.35)	3.61	174.38
(0,1)	25	31	r2	r2	(1.71,3.18)	3.61	61.76
(0,1)	26	29	r2	r2	(0.35,3.59)	3.61	84.38
(0,1)	28	31	r2	r2	(0.35,3.59)	3.61	84.38
(0,1)	30	33	r2	r2	(0.35,3.59)	3.61	84.38
(0,1)	33	1	r2	r1	(-3.59,0.35)	3.61	174.38
(0,1)	33	18	r2	r2	(-3.59,0.35)	3.61	174.38
(0,-1)	1	33	r1	r2	(3.59,-0.35)	3.61	-5.62
(0,-1)	18	33	r2	r2	(3.59,-0.35)	3.61	-5.62
(0,-1)	23	20	r2	r2	(-0.35,-3.59)	3.61	-95.62
(0,-1)	24	21	r2	r2	(-0.35,-3.59)	3.61	-95.62
(0,-1)	27	24	r2	r2	(-0.35,-3.59)	3.61	-95.62
(0,-1)	28	25	r2	r2	(-0.35,-3.59)	3.61	-95.62
(0,-1)	29	26	r2	r2	(-0.35,-3.59)	3.61	-95.62
(0,-1)	31	28	r2	r2	(-0.35,-3.59)	3.61	-95.62
(0,-1)	32	29	r2	r2	(-0.35,-3.59)	3.61	-95.62
(0,-1)	33	30	r2	r2	(-0.35,-3.59)	3.61	-95.62
(1,1)	32	20	r2	r2	(0.35,3.59)	3.61	84.38
(1,1)	34	22	r2	r2	(0.35,3.59)	3.61	84.38
(-1,1)	22	19	r2	r2	(-3.59,0.35)	3.61	174.38
(-1,-1)	1	27	r1	r2	(-0.35,-3.59)	3.61	-95.62
(-1,-1)	18	27	r2	r2	(-0.35,-3.59)	3.61	-95.62
(1,-1)	23	26	r2	r2	(3.59,-0.35)	3.61	-5.62
(1,-1)	31	29	r2	r2	(3.18,-1.71)	3.61	-28.24
(1,-1)	31	34	r2	r2	(3.59,-0.35)	3.61	-5.62
(0,0)	1	12	r1	r1	(2.00,3.00)	3.61	56.31
(0,0)	1	15	r1	r1	(3.00,2.00)	3.61	33.69
(0,0)	1	29	r1	r2	(1.71,3.18)	3.61	61.76
(0,0)	2	13	r1	r1	(2.00,3.00)	3.61	56.31
(0,0)	2	16	r1	r1	(3.00,2.00)	3.61	33.69
(0,0)	3	17	r1	r1	(3.00,2.00)	3.61	33.69
(0,0)	4	14	r1	r1	(3.00,-2.00)	3.61	-33.69
(0,0)	5	10	r1	r1	(2.00,-3.00)	3.61	-56.31
(0,0)	5	15	r1	r1	(3.00,-2.00)	3.61	-33.69
(0,0)	6	17	r1	r1	(2.00,3.00)	3.61	56.31
(0,0)	9	14	r1	r1	(2.00,-3.00)	3.61	-56.31
(0,0)	10	5	r1	r1	(-2.00,3.00)	3.61	123.69
(0,0)	12	1	r1	r1	(-2.00,-3.00)	3.61	-123.69
(0,0)	12	18	r1	r2	(-2.00,-3.00)	3.61	-123.69
(0,0)	13	2	r1	r1	(-2.00,-3.00)	3.61	-123.69
(0,0)	14	4	r1	r1	(-3.00,2.00)	3.61	146.31
(0,0)	14	9	r1	r1	(-2.00,3.00)	3.61	123.69
(0,0)	15	1	r1	r1	(-3.00,-2.00)	3.61	-146.31
(0,0)	15	5	r1	r1	(-3.00,2.00)	3.61	146.31
(0,0)	15	18	r1	r2	(-3.00,-2.00)	3.61	-146.31
(0,0)	16	2	r1	r1	(-3.00,-2.00)	3.61	-146.31
(0,0)	17	3	r1	r1	(-3.00,-2.00)	3.61	-146.31
(0,0)	17	6	r1	r1	(-2.00,-3.00)	3.61	-123.69
(0,0)	18	12	r2	r1	(2.00,3.00)	3.61	56.31
(0,0)	18	15	r2	r1	(3.00,2.00)	3.61	33.69
(0,0)	18	29	r2	r2	(1.71,3.18)	3.61	61.76
(0,0)	19	33	r2	r2	(1.71,3.18)	3.61	61.76
(0,0)	20	34	r2	r2	(1.71,3.18)	3.61	61.76
(0,0)	22	27	r2	r2	(3.18,-1.71)	3.61	-28.24
(0,0)	26	31	r2	r2	(3.18,-1.71)	3.61	-28.24
(0,0)	27	22	r2	r2	(-3.18,1.71)	3.61	151.76
(0,0)	29	1	r2	r1	(-1.71,-3.18)	3.61	-118.24
(0,0)	29	18	r2	r2	(-1.71,-3.18)	3.61	-118.24
(0,0)	31	26	r2	r2	(-3.18,1.71)	3.61	151.76
(0,0)	33	19	r2	r2	(-1.71,-3.18)	3.61	-118.24
(0,0)	34	20	r2	r2	(-1.71,-3.18)	3.61	-118.24
(1,0)	6	3	r1	r1	(3.00,2.00)	3.61	33.69
(1,0)	7	4	r1	r1	(3.00,2.00)	3.61	33.69
(1,0)	8	1	r1	r1	(3.00,-2.00)	3.61	-33.69
(1,0)	8	5	r1	r1	(3.00,2.00)	3.61	33.69
(1,0)	8	18	r1	r2	(3.00,-2.00)	3.61	-33.69
(1,0)	9	2	r1	r1	(3.00,-2.00)	3.61	-33.69
(1,0)	10	4	r1	r1	(2.00,3.00)	3.61	56.31
(1,0)	10	7	r1	r1	(3.00,2.00)	3.61	33.69
(1,0)	11	5	r1	r1	(2.00,3.00)	3.61	56.31
(1,0)	11	8	r1	r1	(3.00,2.00)	3.61	33.69
(1,0)	12	9	r1	r1	(3.00,2.00)	3.61	33.69
(1,0)	13	1	r1	r1	(2.00,-3.00)	3.61	-56.31
(1,0)	13	6	r1	r1	(3.00,-2.00)	3.61	-33.69
(1,0)	13	18	r1	r2	(2.00,-3.00)	3.61	-56.31
(1,0)	14	8	r1	r1	(2.00,3.00)	3.61	56.31
(1,0)	14	11	r1	r1	(3.00,2.00)	3.61	33.69
(1,0)	15	9	r1	r1	(2.00,3.00)	3.61	56.31
(1,0)	15	12	r1	r1	(3.00,2.00)	3.61	33.69
(1,0)	16	13	r1	r1	(3.00,2.00)	3.61	33.69
(1,0)	17	10	r1	r1	(3.00,-2.00)	3.61	-33.69
(1,0)	20	1	r2	r1	(3.59,-0.35)	3.61	-5.62
(1,0)	20	18	r2	r2	(3.59,-0.35)	3.61	-5.62
(1,0)	27	26	r2	r2	(1.71,3.18)	3.61	61.76
(1,0)	28	23	r2	r2	(3.59,-0.35)	3.61	-5.62
(1,0)	30	20	r2	r2	(3.18,-1.71)	3.61	-28.24
(1,0)	31	30	r2	r2	(1.71,3.18)	3.61	61.76
(1,0)	33	23	r2	r2	(3.18,-1.71)	3.61	-28.24
(1,0)	34	24	r2	r2	(3.18,-1.71)	3.61	-28.24
(1,0)	34	29	r2	r2	(3.59,-0.35)	3.61	-5.62
(-1,0)	1	8	r1	r1	(-3.00,2.00)	3.61	146.31
(-1,0)	1	13	r1	r1	(-2.00,3.00)	3.61	123.69
(-1,0)	1	25	r1	r2	(-3.18,1.71)	3.61	151.76
(-1,0)	2	9	r1	r1	(-3.00,2.00)	3.61	146.31
(-1,0)	3	6	r1	r1	(-3.00,-2.00)	3.61	-146.31
(-1,0)	4	7	r1	r1	(-3.00,-2.00)	3.61	-146.31
(-1,0)	4	10	r1	r1	(-2.00,-3.00)	3.61	-123.69
(-1,0)	5	8	r1	r1	(-3.00,-2.00)	3.61	-146.31
(-1,0)	5	11	r1	r1	(-2.00,-3.00)	3.61	-123.69
(-1,0)	6	13	r1	r1	(-3.00,2.00)	3.61	146.31
(-1,0)	7	10	r1	r1	(-3.00,-2.00)	3.61	-146.31
(-1,0)	8	11	r1	r1	(-3.00,-2.00)	3.61	-146.31
(-1,0)	8	14	r1	r1	(-2.00,-3.00)	3.61	-123.69
(-1,0)	9	12	r1	r1	(-3.00,-2.00)	3.61	-146.31
(-1,0)	9	15	r1	r1	(-2.00,-3.00)	3.61	-123.69
(-1,0)	10	17	r1	r1	(-3.00,2.00)	3.61	146.31
(-1,0)	11	14	r1	r1	(-3.00,-2.00)	3.61	-146.31
(-1,0)	12	15	r1	r1	(-3.00,-2.00)	3.61	-146.31
(-1,0)	13	16	r1	r1	(-3.00,-2.00)	3.61	-146.31
(-1,0)	18	8	r2	r1	(-3.00,2.00)	3.61	146.31
(-1,0)	18	13	r2	r1	(-2.00,3.00)	3.61	123.69
(-1,0)	18	25	r2	r2	(-3.18,1.71)	3.61	151.76
(-1,0)	19	24	r2	r2	(-3.59,0.35)	3.61	174.38
(-1,0)	19	29	r2	r2	(-3.18,1.71)	3.61	151.76
(-1,0)	20	30	r2	r2	(-3.18,1.71)	3.61	151.76
(-1,0)	23	33	r2	r2	(-3.18,1.71)	3.61	151.76
(-1,0)	24	34	r2	r2	(-3.18,1.71)	3.61	151.76
(-1,0)	26	27	r2	r2	(-1.71,-3.18)	3.61	-118.24
(-1,0)	30	31	r2	r2	(-1.71,-3.18)	3.61	-118.24
(0,1)	3	14	r1	r1	(2.00,3.00)	3.61	56.31
(0,1)	4	15	r1	r1	(2.00,3.00)	3.61	56.31
(0,1)	5	16	r1	r1	(2.00,3.00)	3.61	56.31
(0,1)	6	1	r1	r1	(-2.00,3.00)	3.61	123.69
(0,1)	6	18	r1	r2	(-2.00,3.00)	3.61	123.69
(0,1)	7	2	r1	r1	(-2.00,3.00)	3.61	123.69
(0,1)	8	3	r1	r1	(-2.00,3.00)	3.61	123.69
(0,1)	9	4	r1	r1	(-2.00,3.00)	3.61	123.69
(0,1)	11	1	r1	r1	(-3.00,2.00)	3.61	146.31
(0,1)	11	6	r1	r1	(-2.00,3.00)	3.61	123.69
(0,1)	11	18	r1	r2	(-3.00,2.00)	3.61	146.31
(0,1)	12	2	r1	r1	(-3.00,2.00)	3.61	146.31
(0,1)	12	7	r1	r1	(-2.00,3.00)	3.61	123.69
(0,1)	13	3	r1	r1	(-3.00,2.00)	3.61	146.31
(0,1)	13	8	r1	r1	(-2.00,3.00)	3.61	123.69
(0,1)	15	10	r1	r1	(-2.00,3.00)	3.61	123.69
(0,1)	16	6	r1	r1	(-3.00,2.00)	3.61	146.31
(0,1)	16	11	r1	r1	(-2.00,3.00)	3.61	123.69
(0,1)	17	7	r1	r1	(-3.00,2.00)	3.61	146.31
(0,1)	17	12	r1	r1	(-2.00,3.00)	3.61	123.69
(0,1)	20	23	r2	r2	(0.35,3.59)	3.61	84.38
(0,1)	21	27	r2	r2	(1.71,3.18)	3.61	61.76
(0,1)	22	25	r2	r2	(0.35,3.59)	3.61	84.38
(0,1)	26	32	r2	r2	(1.71,3.18)	3.61	61.76
(0,1)	28	1	r2	r1	(-3.18,1.71)	3.61	151.76
(0,1)	28	18	r2	r2	(-3.18,1.71)	3.61	151.76
(0,1)	29	32	r2	r2	(0.35,3.59)	3.61	84.38
(0,1)	32	19	r2	r2	(-3.18,1.71)	3.61	151.76
(0,1)	34	21	r2	r2	(-3.18,1.71)	3.61	151.76
(0,-1)	1	6	r1	r1	(2.00,-3.00)	3.61	-56.31
(0,-1)	1	11	r1	r1	(3.00,-2.00)	3.61	-33.69
(0,-1)	1	28	r1	r2	(3.18,-1.71)	3.61	-28.24
(0,-1)	2	7	r1	r1	(2.00,-3.00)	3.61	-56.31
(0,-1)	2	12	r1	r1	(3.00,-2.00)	3.61	-33.69
(0,-1)	3	8	r1	r1	(2.00,-3.00)	3.61	-56.31
(0,-1)	3	13	r1	r1	(3.00,-2.00)	3.61	-33.69
(0,-1)	4	9	r1	r1	(2.00,-3.00)	3.61	-56.31
(0,-1)	6	11	r1	r1	(2.00,-3.00)	3.61	-56.31
(0,-1)	6	16	r1	r1	(3.00,-2.00)	3.61	-33.69
(0,-1)	7	12	r1	r1	(2.00,-3.00)	3.61	-56.31
(0,-1)	7	17	r1	r1	(3.00,-2.00)	3.61	-33.69
(0,-1)	8	13	r1	r1	(2.00,-3.00)	3.61	-56.31
(0,-1)	10	15	r1	r1	(2.00,-3.00)	3.61	-56.31
(0,-1)	11	16	r1	r1	(2.00,-3.00)	3.61	-56.31
(0,-1)	12	17	r1	r1	(2.00,-3.00)	3.61	-56.31
(0,-1)	14	3	r1	r1	(-2.00,-3.00)	3.61	-123.69
(0,-1)	15	4	r1	r1	(-2.00,-3.00)	3.61	-123.69
(0,-1)	16	5	r1	r1	(-2.00,-3.00)	3.61	-123.69
(0,-1)	18	6	r2	r1	(2.00,-3.00)	3.61	-56.31
(0,-1)	18	11	r2	r1	(3.00,-2.00)	3.61	-33.69
(0,-1)	18	28	r2	r2	(3.18,-1.71)	3.61	-28.24
(0,-1)	19	32	r2	r2	(3.18,-1.71)	3.61	-28.24
(0,-1)	20	33	r2	r2	(3.18,-1.71)	3.61	-28.24
(0,-1)	25	22	r2	r2	(-0.35,-3.59)	3.61	-95.62
(0,-1)	27	21	r2	r2	(-1.71,-3.18)	3.61	-118.24
(0,-1)	28	22	r2	r2	(-1.71,-3.18)	3.61	-118.24
(0,-1)	31	25	r2	r2	(-1.71,-3.18)	3.61	-118.24
(0,-1)	32	26	r2	r2	(-1.71,-3.18)	3.61	-118.24
(1,1)	4	1	r1	r1	(3.00,2.00)	3.61	33.69
(1,1)	4	18	r1	r2	(3.00,2.00)	3.61	33.69
(1,1)	5	2	r1	r1	(3.00,2.00)	3.61	33.69
(1,1)	7	1	r1	r1	(2.00,3.00)	3.61	56.31
(1,1)	7	18	r1	r2	(2.00,3.00)	3.61	56.31
(1,1)	8	2	r1	r1	(2.00,3.00)	3.61	56.31
(1,1)	9	3	r1	r1	(2.00,3.00)	3.61	56.31
(1,1)	9	6	r1	r1	(3.00,2.00)	3.61	33.69
(1,1)	12	6	r1	r1	(2.00,3.00)	3.61	56.31
(1,1)	13	7	r1	r1	(2.00,3.00)	3.61	56.31
(1,1)	13	10	r1	r1	(3.00,2.00)	3.61	33.69
(1,1)	16	10	r1	r1	(2.00,3.00)	3.61	56.31
(1,1)	17	11	r1	r1	(2.00,3.00)	3.61	56.31
(1,1)	17	14	r1	r1	(3.00,2.00)	3.61	33.69
(1,1)	27	1	r2	r1	(0.35,3.59)	3.61	84.38
(1,1)	27	18	r2	r2	(0.35,3.59)	3.61	84.38
(1,1)	29	20	r2	r2	(1.71,3.18)	3.61	61.76
(1,1)	30	21	r2	r2	(1.71,3.18)	3.61	61.76
(1,1)	31	19	r2	r2	(0.35,3.59)	3.61	84.38
(1,1)	33	21	r2	r2	(0.35,3.59)	3.61	84.38
(1,1)	33	24	r2	r2	(1.71,3.18)	3.61	61.76
(1,1)	34	25	r2	r2	(1.71,3.18)	3.61	61.76
(-1,1)	2	14	r1	r1	(-2.00,3.00)	3.61	123.69
(-1,1)	3	10	r1	r1	(-3.00,2.00)	3.61	146.31
(-1,1)	3	15	r1	r1	(-2.00,3.00)	3.61	123.69
(-1,1)	4	11	r1	r1	(-3.00,2.00)	3.61	146.31
(-1,1)	4	16	r1	r1	(-2.00,3.00)	3.61	123.69
(-1,1)	5	12	r1	r1	(-3.00,2.00)	3.61	146.31
(-1,1)	5	17	r1	r1	(-2.00,3.00)	3.61	123.69
(-1,1)	7	14	r1	r1	(-3.00,2.00)	3.61	146.31
(-1,1)	8	15	r1	r1	(-3.00,2.00)	3.61	146.31
(-1,1)	9	16	r1	r1	(-3.00,2.00)	3.61	146.31
(-1,1)	22	24	r2	r2	(-3.18,1.71)	3.61	151.76
(-1,1)	26	28	r2	r2	(-3.18,1.71)	3.61	151.76
(-1,1)	30	32	r2	r2	(-3.18,1.71)	3.61	151.76
(-1,-1)	1	4	r1	r1	(-3.00,-2.00)	3.61	-146.31
(-1,-1)	1	7	r1	r1	(-2.00,-3.00)	3.61	-123.69
(-1,-1)	1	24	r1	r2	(-1.71,-3.18)	3.61	-118.24
(-1,-1)	2	5	r1	r1	(-3.00,-2.00)	3.61	-146.31
(-1,-1)	2	8	r1	r1	(-2.00,-3.00)	3.61	-123.69
(-1,-1)	3	9	r1	r1	(-2.00,-3.00)	3.61	-123.69
(-1,-1)	6	9	r1	r1	(-3.00,-2.00)	3.61	-146.31
(-1,-1)	6	12	r1	r1	(-2.00,-3.00)	3.61	-123.69
(-1,-1)	7	13	r1	r1	(-2.00,-3.00)	3.61	-123.69
(-1,-1)	10	13	r1	r1	(-3.00,-2.00)	3.61	-146.31
(-1,-1)	10	16	r1	r1	(-2.00,-3.00)	3.61	-123.69
(-1,-1)	11	17	r1	r1	(-2.00,-3.00)	3.61	-123.69
(-1,-1)	14	17	r1	r1	(-3.00,-2.00)	3.61	-146.31
(-1,-1)	18	4	r2	r1	(-3.00,-2.00)	3.61	-146.31
(-1,-1)	18	7	r2	r1	(-2.00,-3.00)	3.61	-123.69
(-1,-1)	18	24	r2	r2	(-1.71,-3.18)	3.61	-118.24
(-1,-1)	19	28	r2	r2	(-1.71,-3.18)	3.61	-118.24
(-1,-1)	19	31	r2	r2	(-0.35,-3.59)	3.61	-95.62
(-1,-1)	20	29	r2	r2	(-1.71,-3.18)	3.61	-118.24
(-1,-1)	20	32	r2	r2	(-0.35,-3.59)	3.61	-95.62
(-1,-1)	21	30	r2	r2	(-1.71,-3.18)	3.61	-118.24
(-1,-1)	21	33	r2	r2	(-0.35,-3.59)	3.61	-95.62
(-1,-1)	22	34	r2	r2	(-0.35,-3.59)	3.61	-95.62
(-1,-1)	23	32	r2	r2	(-1.71,-3.18)	3.61	-118.24
(-1,-1)	24	33	r2	r2	(-1.71,-3.18)	3.61	-118.24
(-1,-1)	25	34	r2	r2	(-1.71,-3.18)	3.61	-118.24
(1,-1)	10	3	r1	r1	(3.00,-2.00)	3.61	-33.69
(1,-1)	11	4	r1	r1	(3.00,-2.00)	3.61	-33.69
(1,-1)	12	5	r1	r1	(3.00,-2.00)	3.61	-33.69
(1,-1)	14	2	r1	r1	(2.00,-3.00)	3.61	-56.31
(1,-1)	14	7	r1	r1	(3.00,-2.00)	3.61	-33.69
(1,-1)	15	3	r1	r1	(2.00,-3.00)	3.61	-56.31
(1,-1)	15	8	r1	r1	(3.00,-2.00)	3.61	-33.69
(1,-1)	16	4	r1	r1	(2.00,-3.00)	3.61	-56.31
(1,-1)	16	9	r1	r1	(3.00,-2.00)	3.61	-33.69
(1,-1)	17	5	r1	r1	(2.00,-3.00)	3.61	-56.31
(1,-1)	19	22	r2	r2	(3.59,-0.35)	3.61	-5.62
(1,-1)	23	21	r2	r2	(3.18,-1.71)	3.61	-28.24
(1,-1)	24	22	r2	r2	(3.18,-1.71)	3.61	-28.24
(1,-1)	27	25	r2	r2	(3.18,-1.71)	3.61	-28.24
(1,-1)	27	30	r2	r2	(3.59,-0.35)	3.61	-5.62
(1,-1)	28	26	r2	r2	(3.18,-1.71)	3.61	-28.24
(1,-1)	32	30	r2	r2	(3.18,-1.71)	3.61	-28.24
(1,0)	25	1	r2	r1	(3.18,-1.71)	3.61	-28.24
(1,0)	25	18	r2	r2	(3.18,-1.71)	3.61	-28.24
(1,0)	25	20	r2	r2	(3.59,-0.35)	3.61	-5.62
(-1,0)	22	23	r2	r2	(-1.71,-3.18)	3.61	-118.24
(0,1)	21	24	r2	r2	(0.35,3.59)	3.61	84.38
(0,1)	22	28	r2	r2	(1.71,3.18)	3.61	61.76
(0,1)	24	27	r2	r2	(0.35,3.59)	3.61	84.38
(0,1)	25	28	r2	r2	(0.35,3.59)	3.61	84.38
(0,1)	33	20	r2	r2	(-3.18,1.71)	3.61	151.76
(0,-1)	21	34	r2	r2	(3.18,-1.71)	3.61	-28.24
(1,1)	24	1	r2	r1	(1.71,3.18)	3.61	61.76
(1,1)	24	18	r2	r2	(1.71,3.18)	3.61	61.76
(1,1)	28	19	r2	r2	(1.71,3.18)	3.61	61.76
(1,1)	32	23	r2	r2	(1.71,3.18)	3.61	61.76
(-1,1)	21	23	r2	r2	(-3.18,1.71)	3.61	151.76
(-1,1)	25	27	r2	r2	(-3.18,1.71)	3.61	151.76
(-1,1)	26	23	r2	r2	(-3.59,0.35)	3.61	174.38
(-1,1)	29	31	r2	r2	(-3.18,1.71)	3.61	151.76
(-1,1)	30	27	r2	r2	(-3.59,0.35)	3.61	174.38
(-1,1)	34	31	r2	r2	(-3.59,0.35)	3.61	174.38
(0,0)	2	31	r1	r2	(3.53,0.88)	3.64	14.04
(0,0)	5	19	r1	r2	(0.88,-3.53)	3.64	-75.96
(0,0)	14	34	r1	r2	(-0.88,3.53)	3.64	104.04
(0,0)	17	22	r1	r2	(-3.53,-0.88)	3.64	-165.96
(0,0)	19	5	r2	r1	(-0.88,3.53)	3.64	104.04
(0,0)	22	17	r2	r1	(3.53,0.88)	3.64	14.04
(0,0)	31	2	r2	r1	(-3.53,-0.88)	3.64	-165.96
(0,0)	34	14	r2	r1	(0.88,-3.53)	3.64	-75.96
(1,1)	12	20	r1	r2	(1.41,3.35)	3.64	67.17
(1,1)	13	24	r1	r2	(2.29,2.82)	3.64	50.91
(-1,1)	4	28	r1	r2	(-2.82,2.29)	3.64	140.91
(-1,1)	25	15	r2	r1	(-2.82,2.29)	3.64	140.91
(-1,-1)	6	29	r1	r2	(-2.29,-2.82)	3.64	-129.09
(-1,-1)	24	13	r2	r1	(-2.29,-2.82)	3.64	-129.09
(1,-1)	11	26	r1	r2	(3.35,-1.41)	3.64	-22.83
(1,-1)	15	25	r1	r2	(2.82,-2.29)	3.64	-39.09
(1,1)	29	6	r2	r1	(2.29,2.82)	3.64	50.91
(1,1)	33	7	r2	r1	(1.41,3.35)	3.64	67.17
(-1,1)	8	27	r1	r2	(-3.35,1.41)	3.64	157.17
(-1,1)	26	11	r2	r1	(-3.35,1.41)	3.64	157.17
(-1,-1)	7	33	r1	r2	(-1.41,-3.35)	3.64	-112.83
(-1,-1)	20	12	r2	r1	(-1.41,-3.35)	3.64	-112.83
(1,-1)	27	8	r2	r1	(3.35,-1.41)	3.64	-22.83
(1,-1)	28	4	r2	r1	(2.82,-2.29)	3.64	-39.09
(1,0)	17	33	r1	r2	(3.59,0.65)	3.65	10.22
(-1,0)	2	20	r1	r2	(-3.59,-0.65)	3.65	-169.78
(-1,0)	33	17	r2	r1	(-3.59,-0.65)	3.65	-169.78
(0,1)	5	26	r1	r2	(-0.65,3.59)	3.65	100.22
(0,-1)	14	27	r1	r2	(0.65,-3.59)	3.65	-79.78
(0,-1)	26	5	r2	r1	(0.65,-3.59)	3.65	-79.78
(1,0)	4	22	r1	r2	(3.47,1.12)	3.65	17.85
(1,0)	20	2	r2	r1	(3.59,0.65)	3.65	10.22
(1,0)	31	15	r2	r1	(3.47,1.12)	3.65	17.85
(-1,0)	15	31	r1	r2	(-3.47,-1.12)	3.65	-162.15
(-1,0)	22	4	r2	r1	(-3.47,-1.12)	3.65	-162.15
(0,1)	6	19	r1	r2	(-1.12,3.47)	3.65	107.85
(0,1)	27	14	r2	r1	(-0.65,3.59)	3.65	100.22
(0,1)	34	13	r2	r1	(-1.12,3.47)	3.65	107.85
(0,-1)	13	34	r1	r2	(1.12,-3.47)	3.65	-72.15
(0,-1)	19	6	r2	r1	(1.12,-3.47)	3.65	-72.15
(1,0)	15	27	r1	r2	(3.65,0.41)	3.67	6.44
(1,0)	26	4	r2	r1	(3.65,0.41)	3.67	6.44
(-1,0)	4	26	r1	r2	(-3.65,-0.41)	3.67	-173.56
(-1,0)	27	15	r2	r1	(-3.65,-0.41)	3.67	-173.56
(0,1)	13	33	r1	r2	(-0.41,3.65)	3.67	96.44
(0,1)	20	6	r2	r1	(-0.41,3.65)	3.67	96.44
(0,-1)	6	20	r1	r2	(0.41,-3.65)	3.67	-83.56
(0,-1)	33	13	r2	r1	(0.41,-3.65)	3.67	-83.56
(1,0)	6	20	r1	r2	(3.41,1.35)	3.67	21.63
(1,0)	33	13	r2	r1	(3.41,1.35)	3.67	21.63
(-1,0)	13	33	r1	r2	(-3.41,-1.35)	3.67	-158.37
(-1,0)	20	6	r2	r1	(-3.41,-1.35)	3.67	-158.37
(0,1)	15	27	r1	r2	(-1.35,3.41)	3.67	111.63
(0,1)	26	4	r2	r1	(-1.35,3.41)	3.67	111.63
(0,-1)	4	26	r1	r2	(1.35,-3.41)	3.67	-68.37
(0,-1)	27	15	r2	r1	(1.35,-3.41)	3.67	-68.37
(1,0)	6	21	r1	r2	(2.94,2.24)	3.69	37.23
(1,0)	16	27	r1	r2	(3.65,-0.59)	3.69	-9.16
(1,0)	26	3	r2	r1	(3.65,-0.59)	3.69	-9.16
(-1,0)	3	26	r1	r2	(-3.65,0.59)	3.69	170.84
(0,1)	9	33	r1	r2	(0.59,3.65)	3.69	80.84
(0,-1)	33	9	r2	r1	(-0.59,-3.65)	3.69	-99.16
(1,0)	32	13	r2	r1	(2.94,2.24)	3.69	37.23
(-1,0)	13	32	r1	r2	(-2.94,-2.24)	3.69	-142.77
(-1,0)	21	6	r2	r1	(-2.94,-2.24)	3.69	-142.77
(-1,0)	27	16	r2	r1	(-3.65,0.59)	3.69	170.84
(0,1)	15	23	r1	r2	(-2.24,2.94)	3.69	127.23
(0,1)	20	10	r2	r1	(0.59,3.65)	3.69	80.84
(0,1)	30	4	r2	r1	(-2.24,2.94)	3.69	127.23
(0,-1)	4	30	r1	r2	(2.24,-2.94)	3.69	-52.77
(0,-1)	10	20	r1	r2	(-0.59,-3.65)	3.69	-99.16
(0,-1)	23	15	r2	r1	(2.24,-2.94)	3.69	-52.77
(0,0)	2	33	r1	r2	(2.59,2.65)	3.70	45.64
(0,0)	4	31	r1	r2	(3.53,-1.12)	3.70	-17.57
(0,0)	6	34	r1	r2	(1.12,3.53)	3.70	72.43
(0,0)	13	19	r1	r2	(-1.12,-3.53)	3.70	-107.57
(0,0)	14	26	r1	r2	(-2.65,2.59)	3.70	135.64
(0,0)	15	22	r1	r2	(-3.53,1.12)	3.70	162.43
(0,0)	19	13	r2	r1	(1.12,3.53)	3.70	72.43
(0,0)	22	15	r2	r1	(3.53,-1.12)	3.70	-17.57
(0,0)	26	14	r2	r1	(2.65,-2.59)	3.70	-44.36
(0,0)	31	4	r2	r1	(-3.53,1.12)	3.70	162.43
(0,0)	33	2	r2	r1	(-2.59,-2.65)	3.70	-134.36
(0,0)	34	6	r2	r1	(-1.12,-3.53)	3.70	-107.57
(0,0)	5	27	r1	r2	(2.65,-2.59)	3.70	-44.36
(0,0)	17	20	r1	r2	(-2.59,-2.65)	3.70	-134.36
(0,0)	20	17	r2	r1	(2.59,2.65)	3.70	45.64
(0,0)	27	5	r2	r1	(-2.65,2.59)	3.70	135.64
(1,0)	8	26	r1	r2	(3.35,1.59)	3.71	25.35
(1,0)	13	29	r1	r2	(3.71,0.18)	3.71	2.73
(1,0)	24	6	r2	r1	(3.71,0.18)	3.71	2.73
(1,0)	27	11	r2	r1	(3.35,1.59)	3.71	25.35
(-1,0)	6	24	r1	r2	(-3.71,-0.18)	3.71	-177.27
(-1,0)	11	27	r1	r2	(-3.35,-1.59)	3.71	-154.65
(-1,0)	26	8	r2	r1	(-3.35,-1.59)	3.71	-154.65
(-1,0)	29	13	r2	r1	(-3.71,-0.18)	3.71	-177.27
(0,1)	4	25	r1	r2	(-0.18,3.71)	3.71	92.73
(0,1)	28	15	r2	r1	(-0.18,3.71)	3.71	92.73
(0,1)	33	12	r2	r1	(-1.59,3.35)	3.71	115.35
(0,-1)	12	33	r1	r2	(1.59,-3.35)	3.71	-64.65
(0,-1)	15	28	r1	r2	(0.18,-3.71)	3.71	-87.27
(0,-1)	20	7	r2	r1	(1.59,-3.35)	3.71	-64.65
(0,-1)	25	4	r2	r1	(0.18,-3.71)	3.71	-87.27
(0,1)	7	20	r1	r2	(-1.59,3.35)	3.71	115.35
(1,0)	10	24	r1	r2	(3.29,1.82)	3.77	28.97
(1,0)	29	9	r2	r1	(3.29,1.82)	3.77	28.97
(-1,0)	9	29	r1	r2	(-3.29,-1.82)	3.77	-151.03
(-1,0)	24	10	r2	r1	(-3.29,-1.82)	3.77	-151.03
(0,1)	25	3	r2	r1	(-1.82,3.29)	3.77	118.97
(0,-1)	3	25	r1	r2	(1.82,-3.29)	3.77	-61.03
(0,-1)	28	16	r2	r1	(1.82,-3.29)	3.77	-61.03
(1,0)	11	23	r1	r2	(3.76,-0.06)	3.77	-0.90
(1,0)	30	8	r2	r1	(3.76,-0.06)	3.77	-0.90
(-1,0)	8	30	r1	r2	(-3.76,0.06)	3.77	179.10
(-1,0)	23	11	r2	r1	(-3.76,0.06)	3.77	179.10
(0,1)	12	32	r1	r2	(0.06,3.76)	3.77	89.10
(0,1)	21	7	r2	r1	(0.06,3.76)	3.77	89.10
(0,-1)	7	21	r1	r2	(-0.06,-3.76)	3.77	-90.90
(0,-1)	32	12	r2	r1	(-0.06,-3.76)	3.77	-90.90
(0,1)	16	28	r1	r2	(-1.82,3.29)	3.77	118.97
(1,1)	9	21	r1	r2	(1.94,3.24)	3.77	59.04
(-1,-1)	10	32	r1	r2	(-1.94,-3.24)	3.77	-120.96
(-1,-1)	21	9	r2	r1	(-1.94,-3.24)	3.77	-120.96
(1,-1)	16	30	r1	r2	(3.24,-1.94)	3.77	-30.96
(1,-1)	23	3	r2	r1	(3.24,-1.94)	3.77	-30.96
(1,1)	32	10	r2	r1	(1.94,3.24)	3.77	59.04
(-1,1)	3	23	r1	r2	(-3.24,1.94)	3.77	149.04
(-1,1)	30	16	r2	r1	(-3.24,1.94)	3.77	149.04
(1,0)	15	30	r1	r2	(2.24,3.06)	3.79	53.84
(1,0)	23	4	r2	r1	(2.24,3.06)	3.79	53.84
(-1,0)	4	23	r1	r2	(-2.24,-3.06)	3.79	-126.16
(-1,0)	10	33	r1	r2	(-3.41,1.65)	3.79	154.23
(-1,0)	20	9	r2	r1	(-3.41,1.65)	3.79	154.23
(-1,0)	30	15	r2	r1	(-2.24,-3.06)	3.79	-126.16
(0,1)	13	21	r1	r2	(-3.06,2.24)	3.79	143.84
(0,1)	32	6	r2	r1	(-3.06,2.24)	3.79	143.84
(0,-1)	6	32	r1	r2	(3.06,-2.24)	3.79	-36.16
(0,-1)	16	26	r1	r2	(-1.65,-3.41)	3.79	-115.77
(0,-1)	21	13	r2	r1	(3.06,-2.24)	3.79	-36.16
(0,-1)	27	3	r2	r1	(-1.65,-3.41)	3.79	-115.77
(1,0)	9	20	r1	r2	(3.41,-1.65)	3.79	-25.77
(1,0)	33	10	r2	r1	(3.41,-1.65)	3.79	-25.77
(0,1)	3	27	r1	r2	(1.65,3.41)	3.79	64.23
(0,1)	26	16	r2	r1	(1.65,3.41)	3.79	64.23
(1,-1)	14	29	r1	r2	(3.71,-0.82)	3.80	-12.53
(-1,1)	5	24	r1	r2	(-3.71,0.82)	3.80	167.47
(1,1)	8	19	r1	r2	(2.88,2.47)	3.80	40.60
(1,1)	17	25	r1	r2	(0.82,3.71)	3.80	77.47
(1,1)	28	2	r2	r1	(0.82,3.71)	3.80	77.47
(1,1)	34	11	r2	r1	(2.88,2.47)	3.80	40.60
(-1,1)	7	31	r1	r2	(-2.47,2.88)	3.80	130.60
(-1,1)	22	12	r2	r1	(-2.47,2.88)	3.80	130.60
(-1,1)	29	14	r2	r1	(-3.71,0.82)	3.80	167.47
(-1,-1)	2	28	r1	r2	(-0.82,-3.71)	3.80	-102.53
(-1,-1)	11	34	r1	r2	(-2.88,-2.47)	3.80	-139.40
(-1,-1)	19	8	r2	r1	(-2.88,-2.47)	3.80	-139.40
(-1,-1)	25	17	r2	r1	(-0.82,-3.71)	3.80	-102.53
(1,-1)	12	22	r1	r2	(2.47,-2.88)	3.80	-49.40
(1,-1)	24	5	r2	r1	(3.71,-0.82)	3.80	-12.53
(1,-1)	31	7	r2	r1	(2.47,-2.88)	3.80	-49.40
(1,0)	13	19	r1	r2	(2.88,-2.53)	3.83	-41.27
(1,0)	14	26	r1	r2	(1.35,3.59)	3.83	69.34
(0,1)	4	31	r1	r2	(2.53,2.88)	3.83	48.73
(1,0)	9	25	r1	r2	(3.82,-0.29)	3.83	-4.40
(1,0)	34	6	r2	r1	(2.88,-2.53)	3.83	-41.27
(-1,0)	6	34	r1	r2	(-2.88,2.53)	3.83	138.73
(-1,0)	10	28	r1	r2	(-3.82,0.29)	3.83	175.60
(-1,0)	19	13	r2	r1	(-2.88,2.53)	3.83	138.73
(-1,0)	25	9	r2	r1	(-3.82,0.29)	3.83	175.60
(-1,0)	26	14	r2	r1	(-1.35,-3.59)	3.83	-110.66
(0,1)	22	15	r2	r1	(2.53,2.88)	3.83	48.73
(0,1)	33	2	r2	r1	(-3.59,1.35)	3.83	159.34
(0,-1)	2	33	r1	r2	(3.59,-1.35)	3.83	-20.66
(0,-1)	15	22	r1	r2	(-2.53,-2.88)	3.83	-131.27
(0,-1)	16	29	r1	r2	(-0.29,-3.82)	3.83	-94.40
(0,-1)	24	3	r2	r1	(-0.29,-3.82)	3.83	-94.40
(0,-1)	31	4	r2	r1	(-2.53,-2.88)	3.83	-131.27
(1,0)	12	30	r1	r2	(3.24,2.06)	3.83	32.47
(1,0)	23	7	r2	r1	(3.24,2.06)	3.83	32.47
(1,0)	27	5	r2	r1	(1.35,3.59)	3.83	69.34
(1,0)	28	10	r2	r1	(3.82,-0.29)	3.83	-4.40
(-1,0)	5	27	r1	r2	(-1.35,-3.59)	3.83	-110.66
(-1,0)	7	23	r1	r2	(-3.24,-2.06)	3.83	-147.53
(-1,0)	30	12	r2	r1	(-3.24,-2.06)	3.83	-147.53
(0,1)	8	21	r1	r2	(-2.06,3.24)	3.83	122.47
(0,1)	17	20	r1	r2	(-3.59,1.35)	3.83	159.34
(0,1)	29	16	r2	r1	(0.29,3.82)	3.83	85.60
(0,1)	32	11	r2	r1	(-2.06,3.24)	3.83	122.47
(0,-1)	11	32	r1	r2	(2.06,-3.24)	3.83	-57.53
(0,-1)	20	17	r2	r1	(3.59,-1.35)	3.83	-20.66
(0,-1)	21	8	r2	r1	(2.06,-3.24)	3.83	-57.53
(0,1)	3	24	r1	r2	(0.29,3.82)	3.83	85.60
(1,0)	10	23	r1	r2	(3.76,0.94)	3.88	14.04
(-1,0)	23	10	r2	r1	(-3.76,-0.94)	3.88	-165.96
(0,1)	21	3	r2	r1	(-0.94,3.76)	3.88	104.04
(0,-1)	3	21	r1	r2	(0.94,-3.76)	3.88	-75.96
(1,0)	30	9	r2	r1	(3.76,0.94)	3.88	14.04
(-1,0)	9	30	r1	r2	(-3.76,-0.94)	3.88	-165.96
(0,1)	16	32	r1	r2	(-0.94,3.76)	3.88	104.04
(0,-1)	32	16	r2	r1	(0.94,-3.76)	3.88	-75.96
(1,0)	8	25	r1	r2	(3.82,0.71)	3.89	10.46
(-1,0)	11	28	r1	r2	(-3.82,-0.71)	3.89	-169.54
(-1,0)	25	8	r2	r1	(-3.82,-0.71)	3.89	-169.54
(0,-1)	12	29	r1	r2	(0.71,-3.82)	3.89	-79.54
(0,-1)	24	7	r2	r1	(0.71,-3.82)	3.89	-79.54
(1,0)	12	29	r1	r2	(3.71,1.18)	3.89	17.61
(1,0)	24	7	r2	r1	(3.71,1.18)	3.89	17.61
(1,0)	28	11	r2	r1	(3.82,0.71)	3.89	10.46
(-1,0)	7	24	r1	r2	(-3.71,-1.18)	3.89	-162.39
(-1,0)	29	12	r2	r1	(-3.71,-1.18)	3.89	-162.39
(0,1)	8	25	r1	r2	(-1.18,3.71)	3.89	107.61
(0,1)	28	11	r2	r1	(-1.18,3.71)	3.89	107.61
(0,1)	29	12	r2	r1	(-0.71,3.82)	3.89	100.46
(0,-1)	11	28	r1	r2	(1.18,-3.71)	3.89	-72.39
(0,-1)	25	8	r2	r1	(1.18,-3.71)	3.89	-72.39
(0,1)	7	24	r1	r2	(-0.71,3.82)	3.89	100.46
(1,0)	6	19	r1	r2	(3.88,0.47)	3.91	6.91
(0,1)	15	31	r1	r2	(-0.47,3.88)	3.91	96.91
(1,0)	10	25	r1	r2	(2.82,2.71)	3.91	43.78
(1,0)	14	27	r1	r2	(3.65,1.41)	3.91	21.16
(1,0)	26	5	r2	r1	(3.65,1.41)	3.91	21.16
(1,0)	34	13	r2	r1	(3.88,0.47)	3.91	6.91
(-1,0)	5	26	r1	r2	(-3.65,-1.41)	3.91	-158.84
(-1,0)	9	28	r1	r2	(-2.82,-2.71)	3.91	-136.22
(-1,0)	13	34	r1	r2	(-3.88,-0.47)	3.91	-173.09
(-1,0)	19	6	r2	r1	(-3.88,-0.47)	3.91	-173.09
(-1,0)	25	10	r2	r1	(-2.82,-2.71)	3.91	-136.22
(-1,0)	27	14	r2	r1	(-3.65,-1.41)	3.91	-158.84
(0,1)	17	33	r1	r2	(-1.41,3.65)	3.91	111.16
(0,1)	20	2	r2	r1	(-1.41,3.65)	3.91	111.16
(0,1)	22	4	r2	r1	(-0.47,3.88)	3.91	96.91
(0,-1)	2	20	r1	r2	(1.41,-3.65)	3.91	-68.84
(0,-1)	3	29	r1	r2	(2.71,-2.82)	3.91	-46.22
(0,-1)	4	22	r1	r2	(0.47,-3.88)	3.91	-83.09
(0,-1)	24	16	r2	r1	(2.71,-2.82)	3.91	-46.22
(0,-1)	31	15	r2	r1	(0.47,-3.88)	3.91	-83.09
(0,-1)	33	17	r2	r1	(1.41,-3.65)	3.91	-68.84
(1,0)	12	23	r1	r2	(3.76,-1.06)	3.91	-15.71
(1,0)	28	9	r2	r1	(2.82,2.71)	3.91	43.78
(1,0)	30	7	r2	r1	(3.76,-1.06)	3.91	-15.71
(-1,0)	7	30	r1	r2	(-3.76,1.06)	3.91	164.29
(-1,0)	23	12	r2	r1	(-3.76,1.06)	3.91	164.29
(0,1)	8	32	r1	r2	(1.06,3.76)	3.91	74.29
(0,1)	21	11	r2	r1	(1.06,3.76)	3.91	74.29
(0,1)	29	3	r2	r1	(-2.71,2.82)	3.91	133.78
(0,-1)	11	21	r1	r2	(-1.06,-3.76)	3.91	-105.71
(0,-1)	32	8	r2	r1	(-1.06,-3.76)	3.91	-105.71
(0,1)	16	24	r1	r2	(-2.71,2.82)	3.91	133.78
(1,0)	7	19	r1	r2	(3.88,-0.53)	3.92	-7.77
(1,0)	14	28	r1	r2	(3.18,2.29)	3.92	35.84
(0,1)	11	31	r1	r2	(0.53,3.88)	3.92	82.23
(0,1)	17	29	r1	r2	(-2.29,3.18)	3.92	125.84
(1,0)	34	12	r2	r1	(3.88,-0.53)	3.92	-7.77
(-1,0)	5	25	r1	r2	(-3.18,-2.29)	3.92	-144.16
(-1,0)	12	34	r1	r2	(-3.88,0.53)	3.92	172.23
(-1,0)	19	7	r2	r1	(-3.88,0.53)	3.92	172.23
(-1,0)	28	14	r2	r1	(-3.18,-2.29)	3.92	-144.16
(0,1)	22	8	r2	r1	(0.53,3.88)	3.92	82.23
(0,-1)	2	24	r1	r2	(2.29,-3.18)	3.92	-54.16
(0,-1)	8	22	r1	r2	(-0.53,-3.88)	3.92	-97.77
(0,-1)	29	17	r2	r1	(2.29,-3.18)	3.92	-54.16
(0,-1)	31	11	r2	r1	(-0.53,-3.88)	3.92	-97.77
(1,0)	25	5	r2	r1	(3.18,2.29)	3.92	35.84
(0,1)	24	2	r2	r1	(-2.29,3.18)	3.92	125.84
(1,0)	16	33	r1	r2	(3.59,1.65)	3.95	24.66
(1,1)	17	28	r1	r2	(2.18,3.29)	3.95	56.55
(-1,1)	5	29	r1	r2	(-3.29,2.18)	3.95	146.55
(1,0)	4	21	r1	r2	(3.94,0.24)	3.95	3.42
(-1,0)	3	20	r1	r2	(-3.59,-1.65)	3.95	-155.34
(-1,0)	33	16	r2	r1	(-3.59,-1.65)	3.95	-155.34
(0,1)	9	26	r1	r2	(-1.65,3.59)	3.95	114.66
(0,-1)	10	27	r1	r2	(1.65,-3.59)	3.95	-65.34
(0,-1)	26	9	r2	r1	(1.65,-3.59)	3.95	-65.34
(-1,-1)	2	25	r1	r2	(-2.18,-3.29)	3.95	-123.45
(-1,-1)	28	17	r2	r1	(-2.18,-3.29)	3.95	-123.45
(1,-1)	14	24	r1	r2	(3.29,-2.18)	3.95	-33.45
(1,-1)	29	5	r2	r1	(3.29,-2.18)	3.95	-33.45
(1,0)	20	3	r2	r1	(3.59,1.65)	3.95	24.66
(1,0)	32	15	r2	r1	(3.94,0.24)	3.95	3.42
(-1,0)	15	32	r1	r2	(-3.94,-0.24)	3.95	-176.58
(-1,0)	21	4	r2	r1	(-3.94,-0.24)	3.95	-176.58
(0,1)	6	23	r1	r2	(-0.24,3.94)	3.95	93.42
(0,1)	27	10	r2	r1	(-1.65,3.59)	3.95	114.66
(0,1)	30	13	r2	r1	(-0.24,3.94)	3.95	93.42
(0,-1)	13	30	r1	r2	(0.24,-3.94)	3.95	-86.58
(0,-1)	23	6	r2	r1	(0.24,-3.94)	3.95	-86.58
(1,1)	11	19	r1	r2	(1.88,3.47)	3.95	61.53
(1,1)	25	2	r2	r1	(2.18,3.29)	3.95	56.55
(1,1)	34	8	r2	r1	(1.88,3.47)	3.95	61.53
(-1,1)	12	31	r1	r2	(-3.47,1.88)	3.95	151.53
(-1,1)	22	7	r2	r1	(-3.47,1.88)	3.95	151.53
(-1,1)	24	14	r2	r1	(-3.29,2.18)	3.95	146.55
(-1,-1)	8	34	r1	r2	(-1.88,-3.47)	3.95	-118.47
(-1,-1)	19	11	r2	r1	(-1.88,-3.47)	3.95	-118.47
(1,-1)	7	22	r1	r2	(3.47,-1.88)	3.95	-28.47
(1,-1)	31	12	r2	r1	(3.47,-1.88)	3.95	-28.47
(1,0)	6	22	r1	r2	(2.47,3.12)	3.98	51.60
(1,0)	17	27	r1	r2	(3.65,-1.59)	3.98	-23.53
(1,0)	26	2	r2	r1	(3.65,-1.59)	3.98	-23.53
(-1,0)	2	26	r1	r2	(-3.65,1.59)	3.98	156.47
(-1,0)	27	17	r2	r1	(-3.65,1.59)	3.98	156.47
(0,1)	5	33	r1	r2	(1.59,3.65)	3.98	66.47
(0,1)	20	14	r2	r1	(1.59,3.65)	3.98	66.47
(0,-1)	14	20	r1	r2	(-1.59,-3.65)	3.98	-113.53
(0,-1)	33	5	r2	r1	(-1.59,-3.65)	3.98	-113.53
(1,0)	31	13	r2	r1	(2.47,3.12)	3.98	51.60
(-1,0)	13	31	r1	r2	(-2.47,-3.12)	3.98	-128.40
(-1,0)	22	6	r2	r1	(-2.47,-3.12)	3.98	-128.40
(0,1)	15	19	r1	r2	(-3.12,2.47)	3.98	141.60
(0,1)	34	4	r2	r1	(-3.12,2.47)	3.98	141.60
(0,-1)	4	34	r1	r2	(3.12,-2.47)	3.98	-38.40
(0,-1)	19	15	r2	r1	(3.12,-2.47)	3.98	-38.40
(0,1)	33	29	r2	r2	(-1.88,3.53)	4.00	118.07
(1,0)	21	22	r2	r2	(3.53,1.88)	4.00	28.07
(1,0)	23	24	r2	r2	(3.53,1.88)	4.00	28.07
(1,0)	25	26	r2	r2	(3.53,1.88)	4.00	28.07
(1,0)	27	28	r2	r2	(3.53,1.88)	4.00	28.07
(1,0)	32	33	r2	r2	(3.53,1.88)	4.00	28.07
(-1,0)	26	25	r2	r2	(-3.53,-1.88)	4.00	-151.93
(0,1)	25	21	r2	r2	(-1.88,3.53)	4.00	118.07
(0,-1)	29	33	r2	r2	(1.88,-3.53)	4.00	-61.93
(1,1)	34	27	r2	r2	(3.53,1.88)	4.00	28.07
(-1,1)	21	32	r2	r2	(-1.88,3.53)	4.00	118.07
(-1,1)	22	33	r2	r2	(-1.88,3.53)	4.00	118.07
(0,0)	1	5	r1	r1	(0.00,4.00)	4.00	90.00
(0,0)	1	31	r1	r2	(3.53,1.88)	4.00	28.07
(0,0)	5	1	r1	r1	(0.00,-4.00)	4.00	-90.00
(0,0)	5	18	r1	r2	(0.00,-4.00)	4.00	-90.00
(0,0)	18	5	r2	r1	(0.00,4.00)	4.00	90.00
(0,0)	18	31	r2	r2	(3.53,1.88)	4.00	28.07
(0,0)	31	1	r2	r1	(-3.53,-1.88)	4.00	-151.93
(0,0)	31	18	r2	r2	(-3.53,-1.88)	4.00	-151.93
(1,0)	2	1	r1	r1	(4.00,0.00)	4.00	0.00
(1,0)	2	18	r1	r2	(4.00,0.00)	4.00	0.00
(1,0)	3	2	r1	r1	(4.00,0.00)	4.00	0.00
(1,0)	4	3	r1	r1	(4.00,0.00)	4.00	0.00
(1,0)	5	4	r1	r1	(4.00,0.00)	4.00	0.00
(1,0)	7	6	r1	r1	(4.00,0.00)	4.00	0.00
(1,0)	8	7	r1	r1	(4.00,0.00)	4.00	0.00
(1,0)	9	8	r1	r1	(4.00,0.00)	4.00	0.00
(1,0)	11	10	r1	r1	(4.00,0.00)	4.00	0.00
(1,0)	12	11	r1	r1	(4.00,0.00)	4.00	0.00
(1,0)	13	12	r1	r1	(4.00,0.00)	4.00	0.00
(1,0)	15	14	r1	r1	(4.00,0.00)	4.00	0.00
(1,0)	16	15	r1	r1	(4.00,0.00)	4.00	0.00
(1,0)	17	16	r1	r1	(4.00,0.00)	4.00	0.00
(1,0)	19	20	r2	r2	(3.53,1.88)	4.00	28.07
(1,0)	20	21	r2	r2	(3.53,1.88)	4.00	28.07
(1,0)	24	25	r2	r2	(3.53,1.88)	4.00	28.07
(1,0)	28	29	r2	r2	(3.53,1.88)	4.00	28.07
(1,0)	29	30	r2	r2	(3.53,1.88)	4.00	28.07
(1,0)	31	32	r2	r2	(3.53,1.88)	4.00	28.07
(1,0)	33	34	r2	r2	(3.53,1.88)	4.00	28.07
(1,0)	34	1	r2	r1	(1.88,-3.53)	4.00	-61.93
(1,0)	34	18	r2	r2	(1.88,-3.53)	4.00	-61.93
(-1,0)	1	2	r1	r1	(-4.00,0.00)	4.00	180.00
(-1,0)	1	34	r1	r2	(-1.88,3.53)	4.00	118.07
(-1,0)	2	3	r1	r1	(-4.00,0.00)	4.00	180.00
(-1,0)	3	4	r1	r1	(-4.00,0.00)	4.00	180.00
(-1,0)	4	5	r1	r1	(-4.00,0.00)	4.00	180.00
(-1,0)	6	7	r1	r1	(-4.00,0.00)	4.00	180.00
(-1,0)	7	8	r1	r1	(-4.00,0.00)	4.00	180.00
(-1,0)	8	9	r1	r1	(-4.00,0.00)	4.00	180.00
(-1,0)	10	11	r1	r1	(-4.00,0.00)	4.00	180.00
(-1,0)	11	12	r1	r1	(-4.00,0.00)	4.00	180.00
(-1,0)	12	13	r1	r1	(-4.00,0.00)	4.00	180.00
(-1,0)	14	15	r1	r1	(-4.00,0.00)	4.00	180.00
(-1,0)	15	16	r1	r1	(-4.00,0.00)	4.00	180.00
(-1,0)	16	17	r1	r1	(-4.00,0.00)	4.00	180.00
(-1,0)	18	2	r2	r1	(-4.00,0.00)	4.00	180.00
(-1,0)	18	34	r2	r2	(-1.88,3.53)	4.00	118.07
(-1,0)	20	19	r2	r2	(-3.53,-1.88)	4.00	-151.93
(-1,0)	21	20	r2	r2	(-3.53,-1.88)	4.00	-151.93
(-1,0)	22	21	r2	r2	(-3.53,-1.88)	4.00	-151.93
(-1,0)	24	23	r2	r2	(-3.53,-1.88)	4.00	-151.93
(-1,0)	25	24	r2	r2	(-3.53,-1.88)	4.00	-151.93
(-1,0)	28	27	r2	r2	(-3.53,-1.88)	4.00	-151.93
(-1,0)	29	28	r2	r2	(-3.53,-1.88)	4.00	-151.93
(-1,0)	30	29	r2	r2	(-3.53,-1.88)	4.00	-151.93
(-1,0)	32	31	r2	r2	(-3.53,-1.88)	4.00	-151.93
(-1,0)	33	32	r2	r2	(-3.53,-1.88)	4.00	-151.93
(-1,0)	34	33	r2	r2	(-3.53,-1.88)	4.00	-151.93
(0,1)	2	6	r1	r1	(0.00,4.00)	4.00	90.00
(0,1)	3	7	r1	r1	(0.00,4.00)	4.00	90.00
(0,1)	4	8	r1	r1	(0.00,4.00)	4.00	90.00
(0,1)	5	9	r1	r1	(0.00,4.00)	4.00	90.00
(0,1)	6	10	r1	r1	(0.00,4.00)	4.00	90.00
(0,1)	7	11	r1	r1	(0.00,4.00)	4.00	90.00
(0,1)	8	12	r1	r1	(0.00,4.00)	4.00	90.00
(0,1)	9	13	r1	r1	(0.00,4.00)	4.00	90.00
(0,1)	10	14	r1	r1	(0.00,4.00)	4.00	90.00
(0,1)	11	15	r1	r1	(0.00,4.00)	4.00	90.00
(0,1)	12	16	r1	r1	(0.00,4.00)	4.00	90.00
(0,1)	13	17	r1	r1	(0.00,4.00)	4.00	90.00
(0,1)	17	1	r1	r1	(-4.00,0.00)	4.00	180.00
(0,1)	17	18	r1	r2	(-4.00,0.00)	4.00	180.00
(0,1)	19	1	r2	r1	(-1.88,3.53)	4.00	118.07
(0,1)	19	18	r2	r2	(-1.88,3.53)	4.00	118.07
(0,1)	23	19	r2	r2	(-1.88,3.53)	4.00	118.07
(0,1)	26	22	r2	r2	(-1.88,3.53)	4.00	118.07
(0,1)	27	23	r2	r2	(-1.88,3.53)	4.00	118.07
(0,1)	29	25	r2	r2	(-1.88,3.53)	4.00	118.07
(0,1)	30	26	r2	r2	(-1.88,3.53)	4.00	118.07
(0,1)	31	27	r2	r2	(-1.88,3.53)	4.00	118.07
(0,1)	34	30	r2	r2	(-1.88,3.53)	4.00	118.07
(0,-1)	1	17	r1	r1	(4.00,0.00)	4.00	0.00
(0,-1)	1	19	r1	r2	(1.88,-3.53)	4.00	-61.93
(0,-1)	6	2	r1	r1	(0.00,-4.00)	4.00	-90.00
(0,-1)	7	3	r1	r1	(0.00,-4.00)	4.00	-90.00
(0,-1)	8	4	r1	r1	(0.00,-4.00)	4.00	-90.00
(0,-1)	9	5	r1	r1	(0.00,-4.00)	4.00	-90.00
(0,-1)	10	6	r1	r1	(0.00,-4.00)	4.00	-90.00
(0,-1)	11	7	r1	r1	(0.00,-4.00)	4.00	-90.00
(0,-1)	12	8	r1	r1	(0.00,-4.00)	4.00	-90.00
(0,-1)	13	9	r1	r1	(0.00,-4.00)	4.00	-90.00
(0,-1)	14	10	r1	r1	(0.00,-4.00)	4.00	-90.00
(0,-1)	15	11	r1	r1	(0.00,-4.00)	4.00	-90.00
(0,-1)	16	12	r1	r1	(0.00,-4.00)	4.00	-90.00
(0,-1)	17	13	r1	r1	(0.00,-4.00)	4.00	-90.00
(0,-1)	18	17	r2	r1	(4.00,0.00)	4.00	0.00
(0,-1)	18	19	r2	r2	(1.88,-3.53)	4.00	-61.93
(0,-1)	19	23	r2	r2	(1.88,-3.53)	4.00	-61.93
(0,-1)	20	24	r2	r2	(1.88,-3.53)	4.00	-61.93
(0,-1)	21	25	r2	r2	(1.88,-3.53)	4.00	-61.93
(0,-1)	22	26	r2	r2	(1.88,-3.53)	4.00	-61.93
(0,-1)	23	27	r2	r2	(1.88,-3.53)	4.00	-61.93
(0,-1)	24	28	r2	r2	(1.88,-3.53)	4.00	-61.93
(0,-1)	25	29	r2	r2	(1.88,-3.53)	4.00	-61.93
(0,-1)	26	30	r2	r2	(1.88,-3.53)	4.00	-61.93
(0,-1)	27	31	r2	r2	(1.88,-3.53)	4.00	-61.93
(0,-1)	28	32	r2	r2	(1.88,-3.53)	4.00	-61.93
(0,-1)	30	34	r2	r2	(1.88,-3.53)	4.00	-61.93
(1,1)	14	1	r1	r1	(0.00,4.00)	4.00	90.00
(1,1)	14	18	r1	r2	(0.00,4.00)	4.00	90.00
(1,1)	15	2	r1	r1	(0.00,4.00)	4.00	90.00
(1,1)	16	3	r1	r1	(0.00,4.00)	4.00	90.00
(1,1)	17	4	r1	r1	(0.00,4.00)	4.00	90.00
(1,1)	22	1	r2	r1	(3.53,1.88)	4.00	28.07
(1,1)	22	18	r2	r2	(3.53,1.88)	4.00	28.07
(1,1)	26	19	r2	r2	(3.53,1.88)	4.00	28.07
(1,1)	30	23	r2	r2	(3.53,1.88)	4.00	28.07
(-1,1)	5	6	r1	r1	(-4.00,0.00)	4.00	180.00
(-1,1)	9	10	r1	r1	(-4.00,0.00)	4.00	180.00
(-1,1)	13	14	r1	r1	(-4.00,0.00)	4.00	180.00
(-1,1)	20	31	r2	r2	(-1.88,3.53)	4.00	118.07
(-1,-1)	1	14	r1	r1	(0.00,-4.00)	4.00	-90.00
(-1,-1)	1	22	r1	r2	(-3.53,-1.88)	4.00	-151.93
(-1,-1)	2	15	r1	r1	(0.00,-4.00)	4.00	-90.00
(-1,-1)	3	16	r1	r1	(0.00,-4.00)	4.00	-90.00
(-1,-1)	4	17	r1	r1	(0.00,-4.00)	4.00	-90.00
(-1,-1)	18	14	r2	r1	(0.00,-4.00)	4.00	-90.00
(-1,-1)	18	22	r2	r2	(-3.53,-1.88)	4.00	-151.93
(-1,-1)	19	26	r2	r2	(-3.53,-1.88)	4.00	-151.93
(-1,-1)	23	30	r2	r2	(-3.53,-1.88)	4.00	-151.93
(-1,-1)	27	34	r2	r2	(-3.53,-1.88)	4.00	-151.93
(1,-1)	6	5	r1	r1	(4.00,0.00)	4.00	0.00
(1,-1)	10	9	r1	r1	(4.00,0.00)	4.00	0.00
(1,-1)	14	13	r1	r1	(4.00,0.00)	4.00	0.00
(1,-1)	31	20	r2	r2	(1.88,-3.53)	4.00	-61.93
(1,-1)	32	21	r2	r2	(1.88,-3.53)	4.00	-61.93
(1,-1)	33	22	r2	r2	(1.88,-3.53)	4.00	-61.93
(0,1)	24	20	r2	r2	(-1.88,3.53)	4.00	118.07
(0,1)	28	24	r2	r2	(-1.88,3.53)	4.00	118.07
(0,1)	32	28	r2	r2	(-1.88,3.53)	4.00	118.07
(1,0)	5	21	r1	r2	(3.94,-0.76)	4.01	-10.98
(1,0)	16	34	r1	r2	(3.12,2.53)	4.01	39.05
(1,0)	19	3	r2	r1	(3.12,2.53)	4.01	39.05
(-1,0)	3	19	r1	r2	(-3.12,-2.53)	4.01	-140.95
(-1,0)	34	16	r2	r1	(-3.12,-2.53)	4.01	-140.95
(0,1)	9	22	r1	r2	(-2.53,3.12)	4.01	129.05
(0,1)	31	10	r2	r1	(-2.53,3.12)	4.01	129.05
(0,-1)	10	31	r1	r2	(2.53,-3.12)	4.01	-50.95
(0,-1)	22	9	r2	r1	(2.53,-3.12)	4.01	-50.95
(1,0)	32	14	r2	r1	(3.94,-0.76)	4.01	-10.98
(-1,0)	14	32	r1	r2	(-3.94,0.76)	4.01	169.02
(-1,0)	21	5	r2	r1	(-3.94,0.76)	4.01	169.02
(0,1)	2	23	r1	r2	(0.76,3.94)	4.01	79.02
(0,1)	30	17	r2	r1	(0.76,3.94)	4.01	79.02
(0,-1)	17	30	r1	r2	(-0.76,-3.94)	4.01	-100.98
(0,-1)	23	2	r2	r1	(-0.76,-3.94)	4.01	-100.98
(1,1)	16	24	r1	r2	(1.29,3.82)	4.04	71.30
(-1,1)	9	28	r1	r2	(-3.82,1.29)	4.04	161.30
(-1,1)	25	10	r2	r1	(-3.82,1.29)	4.04	161.30
(-1,-1)	3	29	r1	r2	(-1.29,-3.82)	4.04	-108.70
(-1,-1)	24	16	r2	r1	(-1.29,-3.82)	4.04	-108.70
(1,-1)	10	25	r1	r2	(3.82,-1.29)	4.04	-18.70
(1,1)	12	23	r1	r2	(2.76,2.94)	4.04	46.77
(1,1)	29	3	r2	r1	(1.29,3.82)	4.04	71.30
(1,1)	30	7	r2	r1	(2.76,2.94)	4.04	46.77
(-1,1)	8	32	r1	r2	(-2.94,2.76)	4.04	136.77
(-1,1)	21	11	r2	r1	(-2.94,2.76)	4.04	136.77
(-1,-1)	7	30	r1	r2	(-2.76,-2.94)	4.04	-133.23
(-1,-1)	23	12	r2	r1	(-2.76,-2.94)	4.04	-133.23
(1,-1)	11	21	r1	r2	(2.94,-2.76)	4.04	-43.23
(1,-1)	28	9	r2	r1	(3.82,-1.29)	4.04	-18.70
(1,-1)	32	8	r2	r1	(2.94,-2.76)	4.04	-43.23
(1,0)	3	22	r1	r2	(3.47,2.12)	4.07	31.39
(1,0)	17	32	r1	r2	(4.06,-0.24)	4.07	-3.32
(1,0)	21	2	r2	r1	(4.06,-0.24)	4.07	-3.32
(1,0)	31	16	r2	r1	(3.47,2.12)	4.07	31.39
(-1,0)	2	21	r1	r2	(-4.06,0.24)	4.07	176.68
(-1,0)	16	31	r1	r2	(-3.47,-2.12)	4.07	-148.61
(-1,0)	22	3	r2	r1	(-3.47,-2.12)	4.07	-148.61
(-1,0)	32	17	r2	r1	(-4.06,0.24)	4.07	176.68
(0,1)	5	30	r1	r2	(0.24,4.06)	4.07	86.68
(0,1)	10	19	r1	r2	(-2.12,3.47)	4.07	121.39
(0,1)	23	14	r2	r1	(0.24,4.06)	4.07	86.68
(0,1)	34	9	r2	r1	(-2.12,3.47)	4.07	121.39
(0,-1)	9	34	r1	r2	(2.12,-3.47)	4.07	-58.61
(0,-1)	14	23	r1	r2	(-0.24,-4.06)	4.07	-93.32
(0,-1)	19	10	r2	r1	(2.12,-3.47)	4.07	-58.61
(0,-1)	30	5	r2	r1	(-0.24,-4.06)	4.07	-93.32
(0,0)	2	34	r1	r2	(2.12,3.53)	4.12	59.04
(0,0)	5	31	r1	r2	(3.53,-2.12)	4.12	-30.96
(0,0)	14	22	r1	r2	(-3.53,2.12)	4.12	149.04
(0,0)	17	19	r1	r2	(-2.12,-3.53)	4.12	-120.96
(0,0)	19	17	r2	r1	(2.12,3.53)	4.12	59.04
(0,0)	22	14	r2	r1	(3.53,-2.12)	4.12	-30.96
(0,0)	31	5	r2	r1	(-3.53,2.12)	4.12	149.04
(0,0)	34	2	r2	r1	(-2.12,-3.53)	4.12	-120.96
(1,0)	19	19	r2	r2	(4.00,1.00)	4.12	14.04
(1,0)	26	26	r2	r2	(4.00,1.00)	4.12	14.04
(1,0)	27	27	r2	r2	(4.00,1.00)	4.12	14.04
(1,0)	28	28	r2	r2	(4.00,1.00)	4.12	14.04
(1,0)	31	33	r2	r2	(3.06,2.76)	4.12	42.11
(1,0)	34	19	r2	r2	(2.76,-3.06)	4.12	-47.89
(1,0)	34	34	r2	r2	(4.00,1.00)	4.12	14.04
(-1,0)	20	20	r2	r2	(-4.00,-1.00)	4.12	-165.96
(-1,0)	33	33	r2	r2	(-4.00,-1.00)	4.12	-165.96
(0,1)	22	22	r2	r2	(-1.00,4.00)	4.12	104.04
(0,1)	22	31	r2	r2	(3.06,2.76)	4.12	42.11
(0,1)	29	29	r2	r2	(-1.00,4.00)	4.12	104.04
(0,1)	31	31	r2	r2	(-1.00,4.00)	4.12	104.04
(0,1)	33	33	r2	r2	(-1.00,4.00)	4.12	104.04
(0,-1)	26	26	r2	r2	(1.00,-4.00)	4.12	-75.96
(0,-1)	27	27	r2	r2	(1.00,-4.00)	4.12	-75.96
(1,1)	34	28	r2	r2	(3.06,2.76)	4.12	42.11
(-1,1)	22	29	r2	r2	(-2.76,3.06)	4.12	132.11
(0,0)	1	9	r1	r1	(1.00,4.00)	4.12	75.96
(0,0)	1	32	r1	r2	(3.06,2.76)	4.12	42.11
(0,0)	9	1	r1	r1	(-1.00,-4.00)	4.12	-104.04
(0,0)	9	18	r1	r2	(-1.00,-4.00)	4.12	-104.04
(0,0)	18	9	r2	r1	(1.00,4.00)	4.12	75.96
(0,0)	18	32	r2	r2	(3.06,2.76)	4.12	42.11
(0,0)	32	1	r2	r1	(-3.06,-2.76)	4.12	-137.89
(0,0)	32	18	r2	r2	(-3.06,-2.76)	4.12	-137.89
(1,0)	1	1	r1	r1	(4.00,1.00)	4.12	14.04
(1,0)	1	18	r1	r2	(4.00,1.00)	4.12	14.04
(1,0)	2	2	r1	r1	(4.00,1.00)	4.12	14.04
(1,0)	3	1	r1	r1	(4.00,-1.00)	4.12	-14.04
(1,0)	3	3	r1	r1	(4.00,1.00)	4.12	14.04
(1,0)	3	18	r1	r2	(4.00,-1.00)	4.12	-14.04
(1,0)	4	2	r1	r1	(4.00,-1.00)	4.12	-14.04
(1,0)	4	4	r1	r1	(4.00,1.00)	4.12	14.04
(1,0)	5	3	r1	r1	(4.00,-1.00)	4.12	-14.04
(1,0)	5	5	r1	r1	(4.00,1.00)	4.12	14.04
(1,0)	6	6	r1	r1	(4.00,1.00)	4.12	14.04
(1,0)	7	7	r1	r1	(4.00,1.00)	4.12	14.04
(1,0)	8	6	r1	r1	(4.00,-1.00)	4.12	-14.04
(1,0)	8	8	r1	r1	(4.00,1.00)	4.12	14.04
(1,0)	9	7	r1	r1	(4.00,-1.00)	4.12	-14.04
(1,0)	9	9	r1	r1	(4.00,1.00)	4.12	14.04
(1,0)	10	10	r1	r1	(4.00,1.00)	4.12	14.04
(1,0)	11	11	r1	r1	(4.00,1.00)	4.12	14.04
(1,0)	12	10	r1	r1	(4.00,-1.00)	4.12	-14.04
(1,0)	12	12	r1	r1	(4.00,1.00)	4.12	14.04
(1,0)	13	11	r1	r1	(4.00,-1.00)	4.12	-14.04
(1,0)	13	13	r1	r1	(4.00,1.00)	4.12	14.04
(1,0)	14	5	r1	r1	(1.00,4.00)	4.12	75.96
(1,0)	14	14	r1	r1	(4.00,1.00)	4.12	14.04
(1,0)	15	15	r1	r1	(4.00,1.00)	4.12	14.04
(1,0)	16	14	r1	r1	(4.00,-1.00)	4.12	-14.04
(1,0)	16	16	r1	r1	(4.00,1.00)	4.12	14.04
(1,0)	17	15	r1	r1	(4.00,-1.00)	4.12	-14.04
(1,0)	17	17	r1	r1	(4.00,1.00)	4.12	14.04
(1,0)	18	1	r2	r1	(4.00,1.00)	4.12	14.04
(1,0)	18	18	r2	r2	(4.00,1.00)	4.12	14.04
(1,0)	19	21	r2	r2	(3.06,2.76)	4.12	42.11
(1,0)	20	20	r2	r2	(4.00,1.00)	4.12	14.04
(1,0)	20	22	r2	r2	(3.06,2.76)	4.12	42.11
(1,0)	21	21	r2	r2	(4.00,1.00)	4.12	14.04
(1,0)	22	22	r2	r2	(4.00,1.00)	4.12	14.04
(1,0)	23	23	r2	r2	(4.00,1.00)	4.12	14.04
(1,0)	23	25	r2	r2	(3.06,2.76)	4.12	42.11
(1,0)	24	24	r2	r2	(4.00,1.00)	4.12	14.04
(1,0)	24	26	r2	r2	(3.06,2.76)	4.12	42.11
(1,0)	25	25	r2	r2	(4.00,1.00)	4.12	14.04
(1,0)	27	29	r2	r2	(3.06,2.76)	4.12	42.11
(1,0)	28	30	r2	r2	(3.06,2.76)	4.12	42.11
(1,0)	29	29	r2	r2	(4.00,1.00)	4.12	14.04
(1,0)	30	1	r2	r1	(2.76,-3.06)	4.12	-47.89
(1,0)	30	18	r2	r2	(2.76,-3.06)	4.12	-47.89
(1,0)	30	30	r2	r2	(4.00,1.00)	4.12	14.04
(1,0)	31	31	r2	r2	(4.00,1.00)	4.12	14.04
(1,0)	32	32	r2	r2	(4.00,1.00)	4.12	14.04
(1,0)	32	34	r2	r2	(3.06,2.76)	4.12	42.11
(1,0)	33	33	r2	r2	(4.00,1.00)	4.12	14.04
(-1,0)	1	1	r1	r1	(-4.00,-1.00)	4.12	-165.96
(-1,0)	1	3	r1	r1	(-4.00,1.00)	4.12	165.96
(-1,0)	1	18	r1	r2	(-4.00,-1.00)	4.12	-165.96
(-1,0)	1	30	r1	r2	(-2.76,3.06)	4.12	132.11
(-1,0)	2	2	r1	r1	(-4.00,-1.00)	4.12	-165.96
(-1,0)	2	4	r1	r1	(-4.00,1.00)	4.12	165.96
(-1,0)	3	3	r1	r1	(-4.00,-1.00)	4.12	-165.96
(-1,0)	3	5	r1	r1	(-4.00,1.00)	4.12	165.96
(-1,0)	4	4	r1	r1	(-4.00,-1.00)	4.12	-165.96
(-1,0)	5	5	r1	r1	(-4.00,-1.00)	4.12	-165.96
(-1,0)	5	14	r1	r1	(-1.00,-4.00)	4.12	-104.04
(-1,0)	6	6	r1	r1	(-4.00,-1.00)	4.12	-165.96
(-1,0)	6	8	r1	r1	(-4.00,1.00)	4.12	165.96
(-1,0)	7	7	r1	r1	(-4.00,-1.00)	4.12	-165.96
(-1,0)	7	9	r1	r1	(-4.00,1.00)	4.12	165.96
(-1,0)	8	8	r1	r1	(-4.00,-1.00)	4.12	-165.96
(-1,0)	9	9	r1	r1	(-4.00,-1.00)	4.12	-165.96
(-1,0)	10	10	r1	r1	(-4.00,-1.00)	4.12	-165.96
(-1,0)	10	12	r1	r1	(-4.00,1.00)	4.12	165.96
(-1,0)	11	11	r1	r1	(-4.00,-1.00)	4.12	-165.96
(-1,0)	11	13	r1	r1	(-4.00,1.00)	4.12	165.96
(-1,0)	12	12	r1	r1	(-4.00,-1.00)	4.12	-165.96
(-1,0)	13	13	r1	r1	(-4.00,-1.00)	4.12	-165.96
(-1,0)	14	14	r1	r1	(-4.00,-1.00)	4.12	-165.96
(-1,0)	14	16	r1	r1	(-4.00,1.00)	4.12	165.96
(-1,0)	15	15	r1	r1	(-4.00,-1.00)	4.12	-165.96
(-1,0)	15	17	r1	r1	(-4.00,1.00)	4.12	165.96
(-1,0)	16	16	r1	r1	(-4.00,-1.00)	4.12	-165.96
(-1,0)	17	17	r1	r1	(-4.00,-1.00)	4.12	-165.96
(-1,0)	18	1	r2	r1	(-4.00,-1.00)	4.12	-165.96
(-1,0)	18	3	r2	r1	(-4.00,1.00)	4.12	165.96
(-1,0)	18	18	r2	r2	(-4.00,-1.00)	4.12	-165.96
(-1,0)	18	30	r2	r2	(-2.76,3.06)	4.12	132.11
(-1,0)	19	19	r2	r2	(-4.00,-1.00)	4.12	-165.96
(-1,0)	19	34	r2	r2	(-2.76,3.06)	4.12	132.11
(-1,0)	21	19	r2	r2	(-3.06,-2.76)	4.12	-137.89
(-1,0)	21	21	r2	r2	(-4.00,-1.00)	4.12	-165.96
(-1,0)	22	20	r2	r2	(-3.06,-2.76)	4.12	-137.89
(-1,0)	22	22	r2	r2	(-4.00,-1.00)	4.12	-165.96
(-1,0)	23	23	r2	r2	(-4.00,-1.00)	4.12	-165.96
(-1,0)	24	24	r2	r2	(-4.00,-1.00)	4.12	-165.96
(-1,0)	25	23	r2	r2	(-3.06,-2.76)	4.12	-137.89
(-1,0)	25	25	r2	r2	(-4.00,-1.00)	4.12	-165.96
(-1,0)	26	24	r2	r2	(-3.06,-2.76)	4.12	-137.89
(-1,0)	26	26	r2	r2	(-4.00,-1.00)	4.12	-165.96
(-1,0)	27	27	r2	r2	(-4.00,-1.00)	4.12	-165.96
(-1,0)	28	28	r2	r2	(-4.00,-1.00)	4.12	-165.96
(-1,0)	29	27	r2	r2	(-3.06,-2.76)	4.12	-137.89
(-1,0)	29	29	r2	r2	(-4.00,-1.00)	4.12	-165.96
(-1,0)	30	28	r2	r2	(-3.06,-2.76)	4.12	-137.89
(-1,0)	30	30	r2	r2	(-4.00,-1.00)	4.12	-165.96
(-1,0)	31	31	r2	r2	(-4.00,-1.00)	4.12	-165.96
(-1,0)	32	32	r2	r2	(-4.00,-1.00)	4.12	-165.96
(-1,0)	33	31	r2	r2	(-3.06,-2.76)	4.12	-137.89
(-1,0)	34	32	r2	r2	(-3.06,-2.76)	4.12	-137.89
(-1,0)	34	34	r2	r2	(-4.00,-1.00)	4.12	-165.96
(0,1)	1	1	r1	r1	(-1.00,4.00)	4.12	104.04
(0,1)	1	18	r1	r2	(-1.00,4.00)	4.12	104.04
(0,1)	2	2	r1	r1	(-1.00,4.00)	4.12	104.04
(0,1)	2	10	r1	r1	(1.00,4.00)	4.12	75.96
(0,1)	3	3	r1	r1	(-1.00,4.00)	4.12	104.04
(0,1)	3	11	r1	r1	(1.00,4.00)	4.12	75.96
(0,1)	4	4	r1	r1	(-1.00,4.00)	4.12	104.04
(0,1)	4	12	r1	r1	(1.00,4.00)	4.12	75.96
(0,1)	5	5	r1	r1	(-1.00,4.00)	4.12	104.04
(0,1)	5	13	r1	r1	(1.00,4.00)	4.12	75.96
(0,1)	6	6	r1	r1	(-1.00,4.00)	4.12	104.04
(0,1)	6	14	r1	r1	(1.00,4.00)	4.12	75.96
(0,1)	7	7	r1	r1	(-1.00,4.00)	4.12	104.04
(0,1)	7	15	r1	r1	(1.00,4.00)	4.12	75.96
(0,1)	8	8	r1	r1	(-1.00,4.00)	4.12	104.04
(0,1)	8	16	r1	r1	(1.00,4.00)	4.12	75.96
(0,1)	9	9	r1	r1	(-1.00,4.00)	4.12	104.04
(0,1)	9	17	r1	r1	(1.00,4.00)	4.12	75.96
(0,1)	10	10	r1	r1	(-1.00,4.00)	4.12	104.04
(0,1)	11	11	r1	r1	(-1.00,4.00)	4.12	104.04
(0,1)	12	12	r1	r1	(-1.00,4.00)	4.12	104.04
(0,1)	13	13	r1	r1	(-1.00,4.00)	4.12	104.04
(0,1)	14	14	r1	r1	(-1.00,4.00)	4.12	104.04
(0,1)	15	15	r1	r1	(-1.00,4.00)	4.12	104.04
(0,1)	16	1	r1	r1	(-4.00,1.00)	4.12	165.96
(0,1)	16	16	r1	r1	(-1.00,4.00)	4.12	104.04
(0,1)	16	18	r1	r2	(-4.00,1.00)	4.12	165.96
(0,1)	17	2	r1	r1	(-4.00,1.00)	4.12	165.96
(0,1)	17	17	r1	r1	(-1.00,4.00)	4.12	104.04
(0,1)	18	1	r2	r1	(-1.00,4.00)	4.12	104.04
(0,1)	18	18	r2	r2	(-1.00,4.00)	4.12	104.04
(0,1)	19	19	r2	r2	(-1.00,4.00)	4.12	104.04
(0,1)	20	20	r2	r2	(-1.00,4.00)	4.12	104.04
(0,1)	21	21	r2	r2	(-1.00,4.00)	4.12	104.04
(0,1)	23	1	r2	r1	(-2.76,3.06)	4.12	132.11
(0,1)	23	18	r2	r2	(-2.76,3.06)	4.12	132.11
(0,1)	23	23	r2	r2	(-1.00,4.00)	4.12	104.04
(0,1)	25	25	r2	r2	(-1.00,4.00)	4.12	104.04
(0,1)	26	26	r2	r2	(-1.00,4.00)	4.12	104.04
(0,1)	27	19	r2	r2	(-2.76,3.06)	4.12	132.11
(0,1)	27	27	r2	r2	(-1.00,4.00)	4.12	104.04
(0,1)	28	20	r2	r2	(-2.76,3.06)	4.12	132.11
(0,1)	29	21	r2	r2	(-2.76,3.06)	4.12	132.11
(0,1)	30	22	r2	r2	(-2.76,3.06)	4.12	132.11
(0,1)	30	30	r2	r2	(-1.00,4.00)	4.12	104.04
(0,1)	31	23	r2	r2	(-2.76,3.06)	4.12	132.11
(0,1)	32	24	r2	r2	(-2.76,3.06)	4.12	132.11
(0,1)	32	32	r2	r2	(-1.00,4.00)	4.12	104.04
(0,1)	33	25	r2	r2	(-2.76,3.06)	4.12	132.11
(0,1)	34	26	r2	r2	(-2.76,3.06)	4.12	132.11
(0,1)	34	34	r2	r2	(-1.00,4.00)	4.12	104.04
(0,-1)	1	1	r1	r1	(1.00,-4.00)	4.12	-75.96
(0,-1)	1	16	r1	r1	(4.00,-1.00)	4.12	-14.04
(0,-1)	1	18	r1	r2	(1.00,-4.00)	4.12	-75.96
(0,-1)	1	23	r1	r2	(2.76,-3.06)	4.12	-47.89
(0,-1)	2	2	r1	r1	(1.00,-4.00)	4.12	-75.96
(0,-1)	2	17	r1	r1	(4.00,-1.00)	4.12	-14.04
(0,-1)	3	3	r1	r1	(1.00,-4.00)	4.12	-75.96
(0,-1)	4	4	r1	r1	(1.00,-4.00)	4.12	-75.96
(0,-1)	5	5	r1	r1	(1.00,-4.00)	4.12	-75.96
(0,-1)	6	6	r1	r1	(1.00,-4.00)	4.12	-75.96
(0,-1)	7	7	r1	r1	(1.00,-4.00)	4.12	-75.96
(0,-1)	8	8	r1	r1	(1.00,-4.00)	4.12	-75.96
(0,-1)	9	9	r1	r1	(1.00,-4.00)	4.12	-75.96
(0,-1)	10	2	r1	r1	(-1.00,-4.00)	4.12	-104.04
(0,-1)	10	10	r1	r1	(1.00,-4.00)	4.12	-75.96
(0,-1)	11	3	r1	r1	(-1.00,-4.00)	4.12	-104.04
(0,-1)	11	11	r1	r1	(1.00,-4.00)	4.12	-75.96
(0,-1)	12	4	r1	r1	(-1.00,-4.00)	4.12	-104.04
(0,-1)	12	12	r1	r1	(1.00,-4.00)	4.12	-75.96
(0,-1)	13	5	r1	r1	(-1.00,-4.00)	4.12	-104.04
(0,-1)	13	13	r1	r1	(1.00,-4.00)	4.12	-75.96
(0,-1)	14	6	r1	r1	(-1.00,-4.00)	4.12	-104.04
(0,-1)	14	14	r1	r1	(1.00,-4.00)	4.12	-75.96
(0,-1)	15	7	r1	r1	(-1.00,-4.00)	4.12	-104.04
(0,-1)	15	15	r1	r1	(1.00,-4.00)	4.12	-75.96
(0,-1)	16	8	r1	r1	(-1.00,-4.00)	4.12	-104.04
(0,-1)	16	16	r1	r1	(1.00,-4.00)	4.12	-75.96
(0,-1)	17	9	r1	r1	(-1.00,-4.00)	4.12	-104.04
(0,-1)	17	17	r1	r1	(1.00,-4.00)	4.12	-75.96
(0,-1)	18	1	r2	r1	(1.00,-4.00)	4.12	-75.96
(0,-1)	18	16	r2	r1	(4.00,-1.00)	4.12	-14.04
(0,-1)	18	18	r2	r2	(1.00,-4.00)	4.12	-75.96
(0,-1)	18	23	r2	r2	(2.76,-3.06)	4.12	-47.89
(0,-1)	19	19	r2	r2	(1.00,-4.00)	4.12	-75.96
(0,-1)	19	27	r2	r2	(2.76,-3.06)	4.12	-47.89
(0,-1)	20	20	r2	r2	(1.00,-4.00)	4.12	-75.96
(0,-1)	20	28	r2	r2	(2.76,-3.06)	4.12	-47.89
(0,-1)	21	21	r2	r2	(1.00,-4.00)	4.12	-75.96
(0,-1)	21	29	r2	r2	(2.76,-3.06)	4.12	-47.89
(0,-1)	22	22	r2	r2	(1.00,-4.00)	4.12	-75.96
(0,-1)	22	30	r2	r2	(2.76,-3.06)	4.12	-47.89
(0,-1)	23	23	r2	r2	(1.00,-4.00)	4.12	-75.96
(0,-1)	23	31	r2	r2	(2.76,-3.06)	4.12	-47.89
(0,-1)	24	24	r2	r2	(1.00,-4.00)	4.12	-75.96
(0,-1)	24	32	r2	r2	(2.76,-3.06)	4.12	-47.89
(0,-1)	25	25	r2	r2	(1.00,-4.00)	4.12	-75.96
(0,-1)	25	33	r2	r2	(2.76,-3.06)	4.12	-47.89
(0,-1)	26	34	r2	r2	(2.76,-3.06)	4.12	-47.89
(0,-1)	28	28	r2	r2	(1.00,-4.00)	4.12	-75.96
(0,-1)	29	29	r2	r2	(1.00,-4.00)	4.12	-75.96
(0,-1)	30	30	r2	r2	(1.00,-4.00)	4.12	-75.96
(0,-1)	31	22	r2	r2	(-3.06,-2.76)	4.12	-137.89
(0,-1)	31	31	r2	r2	(1.00,-4.00)	4.12	-75.96
(0,-1)	32	32	r2	r2	(1.00,-4.00)	4.12	-75.96
(0,-1)	33	33	r2	r2	(1.00,-4.00)	4.12	-75.96
(0,-1)	34	34	r2	r2	(1.00,-4.00)	4.12	-75.96
(1,1)	10	1	r1	r1	(1.00,4.00)	4.12	75.96
(1,1)	10	18	r1	r2	(1.00,4.00)	4.12	75.96
(1,1)	11	2	r1	r1	(1.00,4.00)	4.12	75.96
(1,1)	12	3	r1	r1	(1.00,4.00)	4.12	75.96
(1,1)	13	4	r1	r1	(1.00,4.00)	4.12	75.96
(1,1)	15	6	r1	r1	(1.00,4.00)	4.12	75.96
(1,1)	16	7	r1	r1	(1.00,4.00)	4.12	75.96
(1,1)	17	8	r1	r1	(1.00,4.00)	4.12	75.96
(1,1)	21	1	r2	r1	(3.06,2.76)	4.12	42.11
(1,1)	21	18	r2	r2	(3.06,2.76)	4.12	42.11
(1,1)	25	19	r2	r2	(3.06,2.76)	4.12	42.11
(1,1)	26	20	r2	r2	(3.06,2.76)	4.12	42.11
(1,1)	29	23	r2	r2	(3.06,2.76)	4.12	42.11
(1,1)	30	24	r2	r2	(3.06,2.76)	4.12	42.11
(1,1)	33	27	r2	r2	(3.06,2.76)	4.12	42.11
(-1,1)	4	6	r1	r1	(-4.00,1.00)	4.12	165.96
(-1,1)	5	7	r1	r1	(-4.00,1.00)	4.12	165.96
(-1,1)	8	10	r1	r1	(-4.00,1.00)	4.12	165.96
(-1,1)	9	11	r1	r1	(-4.00,1.00)	4.12	165.96
(-1,1)	12	14	r1	r1	(-4.00,1.00)	4.12	165.96
(-1,1)	13	15	r1	r1	(-4.00,1.00)	4.12	165.96
(-1,1)	20	27	r2	r2	(-2.76,3.06)	4.12	132.11
(-1,1)	21	28	r2	r2	(-2.76,3.06)	4.12	132.11
(-1,1)	24	31	r2	r2	(-2.76,3.06)	4.12	132.11
(-1,1)	25	32	r2	r2	(-2.76,3.06)	4.12	132.11
(-1,1)	26	33	r2	r2	(-2.76,3.06)	4.12	132.11
(-1,-1)	1	10	r1	r1	(-1.00,-4.00)	4.12	-104.04
(-1,-1)	1	21	r1	r2	(-3.06,-2.76)	4.12	-137.89
(-1,-1)	2	11	r1	r1	(-1.00,-4.00)	4.12	-104.04
(-1,-1)	3	12	r1	r1	(-1.00,-4.00)	4.12	-104.04
(-1,-1)	4	13	r1	r1	(-1.00,-4.00)	4.12	-104.04
(-1,-1)	6	15	r1	r1	(-1.00,-4.00)	4.12	-104.04
(-1,-1)	7	16	r1	r1	(-1.00,-4.00)	4.12	-104.04
(-1,-1)	8	17	r1	r1	(-1.00,-4.00)	4.12	-104.04
(-1,-1)	18	10	r2	r1	(-1.00,-4.00)	4.12	-104.04
(-1,-1)	18	21	r2	r2	(-3.06,-2.76)	4.12	-137.89
(-1,-1)	19	25	r2	r2	(-3.06,-2.76)	4.12	-137.89
(-1,-1)	20	26	r2	r2	(-3.06,-2.76)	4.12	-137.89
(-1,-1)	23	29	r2	r2	(-3.06,-2.76)	4.12	-137.89
(-1,-1)	24	30	r2	r2	(-3.06,-2.76)	4.12	-137.89
(-1,-1)	27	33	r2	r2	(-3.06,-2.76)	4.12	-137.89
(-1,-1)	28	34	r2	r2	(-3.06,-2.76)	4.12	-137.89
(1,-1)	6	4	r1	r1	(4.00,-1.00)	4.12	-14.04
(1,-1)	7	5	r1	r1	(4.00,-1.00)	4.12	-14.04
(1,-1)	10	8	r1	r1	(4.00,-1.00)	4.12	-14.04
(1,-1)	11	9	r1	r1	(4.00,-1.00)	4.12	-14.04
(1,-1)	14	12	r1	r1	(4.00,-1.00)	4.12	-14.04
(1,-1)	15	13	r1	r1	(4.00,-1.00)	4.12	-14.04
(1,-1)	27	20	r2	r2	(2.76,-3.06)	4.12	-47.89
(1,-1)	28	21	r2	r2	(2.76,-3.06)	4.12	-47.89
(1,-1)	29	22	r2	r2	(2.76,-3.06)	4.12	-47.89
(1,-1)	31	24	r2	r2	(2.76,-3.06)	4.12	-47.89
(1,-1)	32	25	r2	r2	(2.76,-3.06)	4.12	-47.89
(1,-1)	33	26	r2	r2	(2.76,-3.06)	4.12	-47.89
(0,1)	24	24	r2	r2	(-1.00,4.00)	4.12	104.04
(0,1)	28	28	r2	r2	(-1.00,4.00)	4.12	104.04
(1,-1)	15	29	r1	r2	(3.71,-1.82)	4.13	-26.20
(1,0)	3	21	r1	r2	(3.94,1.24)	4.13	17.40
(1,0)	16	32	r1	r2	(4.06,0.76)	4.13	10.67
(1,0)	21	3	r2	r1	(4.06,0.76)	4.13	10.67
(-1,0)	3	21	r1	r2	(-4.06,-0.76)	4.13	-169.33
(-1,0)	32	16	r2	r1	(-4.06,-0.76)	4.13	-169.33
(0,1)	9	30	r1	r2	(-0.76,4.06)	4.13	100.67
(0,1)	23	10	r2	r1	(-0.76,4.06)	4.13	100.67
(0,-1)	10	23	r1	r2	(0.76,-4.06)	4.13	-79.33
(0,-1)	30	9	r2	r1	(0.76,-4.06)	4.13	-79.33
(1,1)	8	20	r1	r2	(2.41,3.35)	4.13	54.27
(1,1)	13	25	r1	r2	(1.82,3.71)	4.13	63.80
(-1,1)	4	24	r1	r2	(-3.71,1.82)	4.13	153.80
(-1,-1)	6	28	r1	r2	(-1.82,-3.71)	4.13	-116.20
(-1,-1)	11	33	r1	r2	(-2.41,-3.35)	4.13	-125.73
(-1,-1)	20	8	r2	r1	(-2.41,-3.35)	4.13	-125.73
(-1,-1)	25	13	r2	r1	(-1.82,-3.71)	4.13	-116.20
(1,-1)	12	26	r1	r2	(3.35,-2.41)	4.13	-35.73
(1,-1)	24	4	r2	r1	(3.71,-1.82)	4.13	-26.20
(1,-1)	27	7	r2	r1	(3.35,-2.41)	4.13	-35.73
(1,0)	32	16	r2	r1	(3.94,1.24)	4.13	17.40
(-1,0)	16	32	r1	r2	(-3.94,-1.24)	4.13	-162.60
(-1,0)	21	3	r2	r1	(-3.94,-1.24)	4.13	-162.60
(0,1)	10	23	r1	r2	(-1.24,3.94)	4.13	107.40
(0,1)	30	9	r2	r1	(-1.24,3.94)	4.13	107.40
(0,-1)	9	30	r1	r2	(1.24,-3.94)	4.13	-72.60
(0,-1)	23	10	r2	r1	(1.24,-3.94)	4.13	-72.60
(1,1)	28	6	r2	r1	(1.82,3.71)	4.13	63.80
(1,1)	33	11	r2	r1	(2.41,3.35)	4.13	54.27
(-1,1)	7	27	r1	r2	(-3.35,2.41)	4.13	144.27
(-1,1)	26	12	r2	r1	(-3.35,2.41)	4.13	144.27
(-1,1)	29	15	r2	r1	(-3.71,1.82)	4.13	153.80
(1,1)	5	20	r1	r2	(3.41,2.35)	4.14	34.59
(1,1)	13	22	r1	r2	(0.47,4.12)	4.14	83.48
(1,1)	31	6	r2	r1	(0.47,4.12)	4.14	83.48
(-1,1)	4	19	r1	r2	(-4.12,0.47)	4.14	173.48
(-1,1)	34	15	r2	r1	(-4.12,0.47)	4.14	173.48
(-1,-1)	6	31	r1	r2	(-0.47,-4.12)	4.14	-96.52
(-1,-1)	14	33	r1	r2	(-3.41,-2.35)	4.14	-145.41
(-1,-1)	20	5	r2	r1	(-3.41,-2.35)	4.14	-145.41
(-1,-1)	22	13	r2	r1	(-0.47,-4.12)	4.14	-96.52
(1,-1)	15	34	r1	r2	(4.12,-0.47)	4.14	-6.52
(1,-1)	17	26	r1	r2	(2.35,-3.41)	4.14	-55.41
(1,-1)	19	4	r2	r1	(4.12,-0.47)	4.14	-6.52
(1,-1)	27	2	r2	r1	(2.35,-3.41)	4.14	-55.41
(1,1)	33	14	r2	r1	(3.41,2.35)	4.14	34.59
(-1,1)	2	27	r1	r2	(-2.35,3.41)	4.14	124.59
(-1,1)	26	17	r2	r1	(-2.35,3.41)	4.14	124.59
(1,1)	17	22	r1	r2	(-0.53,4.12)	4.15	97.33
(1,1)	31	2	r2	r1	(-0.53,4.12)	4.15	97.33
(-1,1)	5	19	r1	r2	(-4.12,-0.53)	4.15	-172.67
(-1,1)	34	14	r2	r1	(-4.12,-0.53)	4.15	-172.67
(-1,-1)	2	31	r1	r2	(0.53,-4.12)	4.15	-82.67
(-1,-1)	22	17	r2	r1	(0.53,-4.12)	4.15	-82.67
(1,-1)	14	34	r1	r2	(4.12,0.53)	4.15	7.33
(1,-1)	19	5	r2	r1	(4.12,0.53)	4.15	7.33
(1,1)	5	19	r1	r2	(3.88,1.47)	4.15	20.75
(1,1)	34	14	r2	r1	(3.88,1.47)	4.15	20.75
(-1,1)	2	31	r1	r2	(-1.47,3.88)	4.15	110.75
(-1,1)	22	17	r2	r1	(-1.47,3.88)	4.15	110.75
(-1,-1)	14	34	r1	r2	(-3.88,-1.47)	4.15	-159.25
(-1,-1)	19	5	r2	r1	(-3.88,-1.47)	4.15	-159.25
(1,-1)	17	22	r1	r2	(1.47,-3.88)	4.15	-69.25
(1,-1)	31	2	r2	r1	(1.47,-3.88)	4.15	-69.25
(1,0)	8	19	r1	r2	(3.88,-1.53)	4.17	-21.50
(1,0)	34	11	r2	r1	(3.88,-1.53)	4.17	-21.50
(-1,0)	11	34	r1	r2	(-3.88,1.53)	4.17	158.50
(-1,0)	19	8	r2	r1	(-3.88,1.53)	4.17	158.50
(0,1)	7	31	r1	r2	(1.53,3.88)	4.17	68.50
(0,1)	22	12	r2	r1	(1.53,3.88)	4.17	68.50
(0,-1)	12	22	r1	r2	(-1.53,-3.88)	4.17	-111.50
(0,-1)	31	7	r2	r1	(-1.53,-3.88)	4.17	-111.50
(1,0)	14	29	r1	r2	(2.71,3.18)	4.17	49.57
(1,0)	24	5	r2	r1	(2.71,3.18)	4.17	49.57
(-1,0)	5	24	r1	r2	(-2.71,-3.18)	4.17	-130.43
(-1,0)	29	14	r2	r1	(-2.71,-3.18)	4.17	-130.43
(0,1)	17	25	r1	r2	(-3.18,2.71)	4.17	139.57
(0,1)	28	2	r2	r1	(-3.18,2.71)	4.17	139.57
(0,-1)	2	28	r1	r2	(3.18,-2.71)	4.17	-40.43
(0,-1)	25	17	r2	r1	(3.18,-2.71)	4.17	-40.43
(1,0)	7	25	r1	r2	(3.82,1.71)	4.19	24.04
(1,0)	12	28	r1	r2	(4.18,0.29)	4.19	4.03
(-1,0)	7	25	r1	r2	(-4.18,-0.29)	4.19	-175.97
(-1,0)	12	28	r1	r2	(-3.82,-1.71)	4.19	-155.96
(-1,0)	25	7	r2	r1	(-3.82,-1.71)	4.19	-155.96
(-1,0)	28	12	r2	r1	(-4.18,-0.29)	4.19	-175.97
(0,1)	8	29	r1	r2	(-0.29,4.18)	4.19	94.03
(0,-1)	8	29	r1	r2	(1.71,-3.82)	4.19	-65.96
(0,-1)	11	24	r1	r2	(0.29,-4.18)	4.19	-85.97
(0,-1)	24	11	r2	r1	(1.71,-3.82)	4.19	-65.96
(0,-1)	29	8	r2	r1	(0.29,-4.18)	4.19	-85.97
(1,0)	25	7	r2	r1	(4.18,0.29)	4.19	4.03
(1,0)	28	12	r2	r1	(3.82,1.71)	4.19	24.04
(0,1)	11	24	r1	r2	(-1.71,3.82)	4.19	114.04
(0,1)	24	11	r2	r1	(-0.29,4.18)	4.19	94.03
(0,1)	29	8	r2	r1	(-1.71,3.82)	4.19	114.04
(1,0)	7	26	r1	r2	(3.35,2.59)	4.24	37.67
(1,0)	13	28	r1	r2	(4.18,-0.71)	4.24	-9.59
(-1,0)	6	25	r1	r2	(-4.18,0.71)	4.24	170.41
(-1,0)	28	13	r2	r1	(-4.18,0.71)	4.24	170.41
(0,1)	4	29	r1	r2	(0.71,4.18)	4.24	80.41
(0,-1)	15	24	r1	r2	(-0.71,-4.18)	4.24	-99.59
(0,-1)	29	4	r2	r1	(-0.71,-4.18)	4.24	-99.59
(1,0)	25	6	r2	r1	(4.18,-0.71)	4.24	-9.59
(1,0)	27	12	r2	r1	(3.35,2.59)	4.24	37.67
(-1,0)	12	27	r1	r2	(-3.35,-2.59)	4.24	-142.33
(-1,0)	26	7	r2	r1	(-3.35,-2.59)	4.24	-142.33
(0,1)	11	20	r1	r2	(-2.59,3.35)	4.24	127.67
(0,1)	24	15	r2	r1	(0.71,4.18)	4.24	80.41
(0,1)	33	8	r2	r1	(-2.59,3.35)	4.24	127.67
(0,-1)	8	33	r1	r2	(2.59,-3.35)	4.24	-52.33
(0,-1)	20	11	r2	r1	(2.59,-3.35)	4.24	-52.33
(1,1)	9	23	r1	r2	(3.76,1.94)	4.24	27.28
(1,1)	16	21	r1	r2	(-0.06,4.24)	4.24	90.80
(1,1)	30	10	r2	r1	(3.76,1.94)	4.24	27.28
(1,1)	32	3	r2	r1	(-0.06,4.24)	4.24	90.80
(-1,1)	3	32	r1	r2	(-1.94,3.76)	4.24	117.28
(-1,1)	9	23	r1	r2	(-4.24,-0.06)	4.24	-179.20
(-1,1)	21	16	r2	r1	(-1.94,3.76)	4.24	117.28
(-1,1)	30	10	r2	r1	(-4.24,-0.06)	4.24	-179.20
(-1,-1)	3	32	r1	r2	(0.06,-4.24)	4.24	-89.20
(-1,-1)	10	30	r1	r2	(-3.76,-1.94)	4.24	-152.72
(-1,-1)	21	16	r2	r1	(0.06,-4.24)	4.24	-89.20
(-1,-1)	23	9	r2	r1	(-3.76,-1.94)	4.24	-152.72
(1,-1)	10	30	r1	r2	(4.24,0.06)	4.24	0.80
(1,-1)	16	21	r1	r2	(1.94,-3.76)	4.24	-62.72
(1,-1)	23	9	r2	r1	(4.24,0.06)	4.24	0.80
(1,-1)	32	3	r2	r1	(1.94,-3.76)	4.24	-62.72
(0,0)	1	16	r1	r1	(3.00,3.00)	4.24	45.00
(0,0)	1	30	r1	r2	(1.24,4.06)	4.24	73.07
(0,0)	2	17	r1	r1	(3.00,3.00)	4.24	45.00
(0,0)	5	14	r1	r1	(3.00,-3.00)	4.24	-45.00
(0,0)	14	5	r1	r1	(-3.00,3.00)	4.24	135.00
(0,0)	16	1	r1	r1	(-3.00,-3.00)	4.24	-135.00
(0,0)	16	18	r1	r2	(-3.00,-3.00)	4.24	-135.00
(0,0)	17	2	r1	r1	(-3.00,-3.00)	4.24	-135.00
(0,0)	18	16	r2	r1	(3.00,3.00)	4.24	45.00
(0,0)	18	30	r2	r2	(1.24,4.06)	4.24	73.07
(0,0)	19	34	r2	r2	(1.24,4.06)	4.24	73.07
(0,0)	22	31	r2	r2	(4.06,-1.24)	4.24	-16.93
(0,0)	30	1	r2	r1	(-1.24,-4.06)	4.24	-106.93
(0,0)	30	18	r2	r2	(-1.24,-4.06)	4.24	-106.93
(0,0)	31	22	r2	r2	(-4.06,1.24)	4.24	163.07
(0,0)	34	19	r2	r2	(-1.24,-4.06)	4.24	-106.93
(1,0)	6	4	r1	r1	(3.00,3.00)	4.24	45.00
(1,0)	7	5	r1	r1	(3.00,3.00)	4.24	45.00
(1,0)	9	1	r1	r1	(3.00,-3.00)	4.24	-45.00
(1,0)	9	18	r1	r2	(3.00,-3.00)	4.24	-45.00
(1,0)	10	8	r1	r1	(3.00,3.00)	4.24	45.00
(1,0)	11	9	r1	r1	(3.00,3.00)	4.24	45.00
(1,0)	14	12	r1	r1	(3.00,3.00)	4.24	45.00
(1,0)	15	13	r1	r1	(3.00,3.00)	4.24	45.00
(1,0)	21	1	r2	r1	(4.06,-1.24)	4.24	-16.93
(1,0)	21	18	r2	r2	(4.06,-1.24)	4.24	-16.93
(1,0)	25	19	r2	r2	(4.06,-1.24)	4.24	-16.93
(1,0)	26	20	r2	r2	(4.06,-1.24)	4.24	-16.93
(1,0)	29	23	r2	r2	(4.06,-1.24)	4.24	-16.93
(1,0)	30	24	r2	r2	(4.06,-1.24)	4.24	-16.93
(1,0)	33	27	r2	r2	(4.06,-1.24)	4.24	-16.93
(1,0)	34	28	r2	r2	(4.06,-1.24)	4.24	-16.93
(-1,0)	1	9	r1	r1	(-3.00,3.00)	4.24	135.00
(-1,0)	1	21	r1	r2	(-4.06,1.24)	4.24	163.07
(-1,0)	4	6	r1	r1	(-3.00,-3.00)	4.24	-135.00
(-1,0)	5	7	r1	r1	(-3.00,-3.00)	4.24	-135.00
(-1,0)	8	10	r1	r1	(-3.00,-3.00)	4.24	-135.00
(-1,0)	9	11	r1	r1	(-3.00,-3.00)	4.24	-135.00
(-1,0)	12	14	r1	r1	(-3.00,-3.00)	4.24	-135.00
(-1,0)	13	15	r1	r1	(-3.00,-3.00)	4.24	-135.00
(-1,0)	18	9	r2	r1	(-3.00,3.00)	4.24	135.00
(-1,0)	18	21	r2	r2	(-4.06,1.24)	4.24	163.07
(-1,0)	19	25	r2	r2	(-4.06,1.24)	4.24	163.07
(-1,0)	20	26	r2	r2	(-4.06,1.24)	4.24	163.07
(-1,0)	23	29	r2	r2	(-4.06,1.24)	4.24	163.07
(-1,0)	24	30	r2	r2	(-4.06,1.24)	4.24	163.07
(-1,0)	27	33	r2	r2	(-4.06,1.24)	4.24	163.07
(-1,0)	28	34	r2	r2	(-4.06,1.24)	4.24	163.07
(0,1)	10	1	r1	r1	(-3.00,3.00)	4.24	135.00
(0,1)	10	18	r1	r2	(-3.00,3.00)	4.24	135.00
(0,1)	11	2	r1	r1	(-3.00,3.00)	4.24	135.00
(0,1)	12	3	r1	r1	(-3.00,3.00)	4.24	135.00
(0,1)	13	4	r1	r1	(-3.00,3.00)	4.24	135.00
(0,1)	15	6	r1	r1	(-3.00,3.00)	4.24	135.00
(0,1)	16	7	r1	r1	(-3.00,3.00)	4.24	135.00
(0,1)	17	8	r1	r1	(-3.00,3.00)	4.24	135.00
(0,1)	20	27	r2	r2	(1.24,4.06)	4.24	73.07
(0,1)	22	29	r2	r2	(1.24,4.06)	4.24	73.07
(0,1)	24	31	r2	r2	(1.24,4.06)	4.24	73.07
(0,1)	25	32	r2	r2	(1.24,4.06)	4.24	73.07
(0,1)	26	33	r2	r2	(1.24,4.06)	4.24	73.07
(0,1)	32	1	r2	r1	(-4.06,1.24)	4.24	163.07
(0,1)	32	18	r2	r2	(-4.06,1.24)	4.24	163.07
(0,-1)	1	10	r1	r1	(3.00,-3.00)	4.24	-45.00
(0,-1)	1	32	r1	r2	(4.06,-1.24)	4.24	-16.93
(0,-1)	2	11	r1	r1	(3.00,-3.00)	4.24	-45.00
(0,-1)	3	12	r1	r1	(3.00,-3.00)	4.24	-45.00
(0,-1)	4	13	r1	r1	(3.00,-3.00)	4.24	-45.00
(0,-1)	6	15	r1	r1	(3.00,-3.00)	4.24	-45.00
(0,-1)	7	16	r1	r1	(3.00,-3.00)	4.24	-45.00
(0,-1)	8	17	r1	r1	(3.00,-3.00)	4.24	-45.00
(0,-1)	18	10	r2	r1	(3.00,-3.00)	4.24	-45.00
(0,-1)	18	32	r2	r2	(4.06,-1.24)	4.24	-16.93
(0,-1)	27	20	r2	r2	(-1.24,-4.06)	4.24	-106.93
(0,-1)	28	21	r2	r2	(-1.24,-4.06)	4.24	-106.93
(0,-1)	29	22	r2	r2	(-1.24,-4.06)	4.24	-106.93
(0,-1)	31	24	r2	r2	(-1.24,-4.06)	4.24	-106.93
(0,-1)	32	25	r2	r2	(-1.24,-4.06)	4.24	-106.93
(0,-1)	33	26	r2	r2	(-1.24,-4.06)	4.24	-106.93
(1,1)	3	1	r1	r1	(3.00,3.00)	4.24	45.00
(1,1)	3	18	r1	r2	(3.00,3.00)	4.24	45.00
(1,1)	4	2	r1	r1	(3.00,3.00)	4.24	45.00
(1,1)	5	3	r1	r1	(3.00,3.00)	4.24	45.00
(1,1)	8	6	r1	r1	(3.00,3.00)	4.24	45.00
(1,1)	9	7	r1	r1	(3.00,3.00)	4.24	45.00
(1,1)	12	10	r1	r1	(3.00,3.00)	4.24	45.00
(1,1)	13	11	r1	r1	(3.00,3.00)	4.24	45.00
(1,1)	16	14	r1	r1	(3.00,3.00)	4.24	45.00
(1,1)	17	15	r1	r1	(3.00,3.00)	4.24	45.00
(1,1)	23	1	r2	r1	(1.24,4.06)	4.24	73.07
(1,1)	23	18	r2	r2	(1.24,4.06)	4.24	73.07
(1,1)	27	19	r2	r2	(1.24,4.06)	4.24	73.07
(1,1)	28	20	r2	r2	(1.24,4.06)	4.24	73.07
(1,1)	29	21	r2	r2	(1.24,4.06)	4.24	73.07
(1,1)	30	22	r2	r2	(1.24,4.06)	4.24	73.07
(1,1)	31	23	r2	r2	(1.24,4.06)	4.24	73.07
(1,1)	32	24	r2	r2	(1.24,4.06)	4.24	73.07
(1,1)	33	25	r2	r2	(1.24,4.06)	4.24	73.07
(1,1)	34	26	r2	r2	(1.24,4.06)	4.24	73.07
(-1,1)	2	10	r1	r1	(-3.00,3.00)	4.24	135.00
(-1,1)	3	11	r1	r1	(-3.00,3.00)	4.24	135.00
(-1,1)	4	12	r1	r1	(-3.00,3.00)	4.24	135.00
(-1,1)	5	13	r1	r1	(-3.00,3.00)	4.24	135.00
(-1,1)	6	14	r1	r1	(-3.00,3.00)	4.24	135.00
(-1,1)	7	15	r1	r1	(-3.00,3.00)	4.24	135.00
(-1,1)	8	16	r1	r1	(-3.00,3.00)	4.24	135.00
(-1,1)	9	17	r1	r1	(-3.00,3.00)	4.24	135.00
(-1,1)	21	19	r2	r2	(-4.06,1.24)	4.24	163.07
(-1,1)	22	20	r2	r2	(-4.06,1.24)	4.24	163.07
(-1,1)	25	23	r2	r2	(-4.06,1.24)	4.24	163.07
(-1,1)	26	24	r2	r2	(-4.06,1.24)	4.24	163.07
(-1,1)	29	27	r2	r2	(-4.06,1.24)	4.24	163.07
(-1,1)	30	28	r2	r2	(-4.06,1.24)	4.24	163.07
(-1,1)	33	31	r2	r2	(-4.06,1.24)	4.24	163.07
(-1,1)	34	32	r2	r2	(-4.06,1.24)	4.24	163.07
(-1,-1)	1	3	r1	r1	(-3.00,-3.00)	4.24	-135.00
(-1,-1)	1	23	r1	r2	(-1.24,-4.06)	4.24	-106.93
(-1,-1)	2	4	r1	r1	(-3.00,-3.00)	4.24	-135.00
(-1,-1)	3	5	r1	r1	(-3.00,-3.00)	4.24	-135.00
(-1,-1)	6	8	r1	r1	(-3.00,-3.00)	4.24	-135.00
(-1,-1)	7	9	r1	r1	(-3.00,-3.00)	4.24	-135.00
(-1,-1)	10	12	r1	r1	(-3.00,-3.00)	4.24	-135.00
(-1,-1)	11	13	r1	r1	(-3.00,-3.00)	4.24	-135.00
(-1,-1)	14	16	r1	r1	(-3.00,-3.00)	4.24	-135.00
(-1,-1)	15	17	r1	r1	(-3.00,-3.00)	4.24	-135.00
(-1,-1)	18	3	r2	r1	(-3.00,-3.00)	4.24	-135.00
(-1,-1)	18	23	r2	r2	(-1.24,-4.06)	4.24	-106.93
(-1,-1)	19	27	r2	r2	(-1.24,-4.06)	4.24	-106.93
(-1,-1)	20	28	r2	r2	(-1.24,-4.06)	4.24	-106.93
(-1,-1)	21	29	r2	r2	(-1.24,-4.06)	4.24	-106.93
(-1,-1)	22	30	r2	r2	(-1.24,-4.06)	4.24	-106.93
(-1,-1)	23	31	r2	r2	(-1.24,-4.06)	4.24	-106.93
(-1,-1)	24	32	r2	r2	(-1.24,-4.06)	4.24	-106.93
(-1,-1)	25	33	r2	r2	(-1.24,-4.06)	4.24	-106.93
(-1,-1)	26	34	r2	r2	(-1.24,-4.06)	4.24	-106.93
(1,-1)	10	2	r1	r1	(3.00,-3.00)	4.24	-45.00
(1,-1)	11	3	r1	r1	(3.00,-3.00)	4.24	-45.00
(1,-1)	12	4	r1	r1	(3.00,-3.00)	4.24	-45.00
(1,-1)	13	5	r1	r1	(3.00,-3.00)	4.24	-45.00
(1,-1)	14	6	r1	r1	(3.00,-3.00)	4.24	-45.00
(1,-1)	15	7	r1	r1	(3.00,-3.00)	4.24	-45.00
(1,-1)	16	8	r1	r1	(3.00,-3.00)	4.24	-45.00
(1,-1)	17	9	r1	r1	(3.00,-3.00)	4.24	-45.00
(1,-1)	19	21	r2	r2	(4.06,-1.24)	4.24	-16.93
(1,-1)	20	22	r2	r2	(4.06,-1.24)	4.24	-16.93
(1,-1)	23	25	r2	r2	(4.06,-1.24)	4.24	-16.93
(1,-1)	24	26	r2	r2	(4.06,-1.24)	4.24	-16.93
(1,-1)	27	29	r2	r2	(4.06,-1.24)	4.24	-16.93
(1,-1)	28	30	r2	r2	(4.06,-1.24)	4.24	-16.93
(1,-1)	31	33	r2	r2	(4.06,-1.24)	4.24	-16.93
(1,-1)	32	34	r2	r2	(4.06,-1.24)	4.24	-16.93
(0,1)	21	28	r2	r2	(1.24,4.06)	4.24	73.07
(1,0)	10	26	r1	r2	(2.35,3.59)	4.29	56.75
(1,0)	13	23	r1	r2	(3.76,-2.06)	4.29	-28.67
(1,0)	27	9	r2	r1	(2.35,3.59)	4.29	56.75
(1,0)	30	6	r2	r1	(3.76,-2.06)	4.29	-28.67
(-1,0)	6	30	r1	r2	(-3.76,2.06)	4.29	151.33
(-1,0)	9	27	r1	r2	(-2.35,-3.59)	4.29	-123.25
(-1,0)	23	13	r2	r1	(-3.76,2.06)	4.29	151.33
(-1,0)	26	10	r2	r1	(-2.35,-3.59)	4.29	-123.25
(0,1)	4	32	r1	r2	(2.06,3.76)	4.29	61.33
(0,1)	16	20	r1	r2	(-3.59,2.35)	4.29	146.75
(0,1)	21	15	r2	r1	(2.06,3.76)	4.29	61.33
(0,1)	33	3	r2	r1	(-3.59,2.35)	4.29	146.75
(0,-1)	3	33	r1	r2	(3.59,-2.35)	4.29	-33.25
(0,-1)	15	21	r1	r2	(-2.06,-3.76)	4.29	-118.67
(0,-1)	20	16	r2	r1	(3.59,-2.35)	4.29	-33.25
(0,-1)	32	4	r2	r1	(-2.06,-3.76)	4.29	-118.67
(1,0)	8	24	r1	r2	(4.29,-0.18)	4.30	-2.35
(1,0)	11	29	r1	r2	(3.71,2.18)	4.30	30.43
(1,0)	24	8	r2	r1	(3.71,2.18)	4.30	30.43
(1,0)	29	11	r2	r1	(4.29,-0.18)	4.30	-2.35
(-1,0)	8	24	r1	r2	(-3.71,-2.18)	4.30	-149.57
(-1,0)	11	29	r1	r2	(-4.29,0.18)	4.30	177.65
(-1,0)	24	8	r2	r1	(-4.29,0.18)	4.30	177.65
(-1,0)	29	11	r2	r1	(-3.71,-2.18)	4.30	-149.57
(0,1)	12	25	r1	r2	(-2.18,3.71)	4.30	120.43
(0,1)	25	12	r2	r1	(0.18,4.29)	4.30	87.65
(0,1)	28	7	r2	r1	(-2.18,3.71)	4.30	120.43
(0,-1)	7	28	r1	r2	(2.18,-3.71)	4.30	-59.57
(0,-1)	12	25	r1	r2	(-0.18,-4.29)	4.30	-92.35
(0,-1)	25	12	r2	r1	(2.18,-3.71)	4.30	-59.57
(0,-1)	28	7	r2	r1	(-0.18,-4.29)	4.30	-92.35
(0,1)	7	28	r1	r2	(0.18,4.29)	4.30	87.65
(1,1)	15	23	r1	r2	(1.76,3.94)	4.32	65.88
(1,1)	16	27	r1	r2	(2.65,3.41)	4.32	52.19
(1,1)	26	3	r2	r1	(2.65,3.41)	4.32	52.19
(1,1)	30	4	r2	r1	(1.76,3.94)	4.32	65.88
(-1,1)	9	33	r1	r2	(-3.41,2.65)	4.32	142.19
(-1,1)	13	32	r1	r2	(-3.94,1.76)	4.32	155.88
(-1,1)	20	10	r2	r1	(-3.41,2.65)	4.32	142.19
(-1,1)	21	6	r2	r1	(-3.94,1.76)	4.32	155.88
(-1,-1)	3	26	r1	r2	(-2.65,-3.41)	4.32	-127.81
(-1,-1)	4	30	r1	r2	(-1.76,-3.94)	4.32	-114.12
(-1,-1)	23	15	r2	r1	(-1.76,-3.94)	4.32	-114.12
(-1,-1)	27	16	r2	r1	(-2.65,-3.41)	4.32	-127.81
(1,-1)	6	21	r1	r2	(3.94,-1.76)	4.32	-24.12
(1,-1)	10	20	r1	r2	(3.41,-2.65)	4.32	-37.81
(1,-1)	32	13	r2	r1	(3.94,-1.76)	4.32	-24.12
(1,-1)	33	9	r2	r1	(3.41,-2.65)	4.32	-37.81
(1,1)	9	24	r1	r2	(3.29,2.82)	4.34	40.60
(1,1)	12	21	r1	r2	(0.94,4.24)	4.34	77.47
(1,1)	29	10	r2	r1	(3.29,2.82)	4.34	40.60
(1,1)	32	7	r2	r1	(0.94,4.24)	4.34	77.47
(-1,1)	3	28	r1	r2	(-2.82,3.29)	4.34	130.60
(-1,1)	8	23	r1	r2	(-4.24,0.94)	4.34	167.47
(-1,1)	25	16	r2	r1	(-2.82,3.29)	4.34	130.60
(-1,1)	30	11	r2	r1	(-4.24,0.94)	4.34	167.47
(-1,-1)	7	32	r1	r2	(-0.94,-4.24)	4.34	-102.53
(-1,-1)	10	29	r1	r2	(-3.29,-2.82)	4.34	-139.40
(-1,-1)	21	12	r2	r1	(-0.94,-4.24)	4.34	-102.53
(-1,-1)	24	9	r2	r1	(-3.29,-2.82)	4.34	-139.40
(1,-1)	11	30	r1	r2	(4.24,-0.94)	4.34	-12.53
(1,-1)	16	25	r1	r2	(2.82,-3.29)	4.34	-49.40
(1,-1)	23	8	r2	r1	(4.24,-0.94)	4.34	-12.53
(1,-1)	28	3	r2	r1	(2.82,-3.29)	4.34	-49.40
(1,0)	9	30	r1	r2	(4.24,1.06)	4.37	14.04
(1,0)	23	10	r2	r1	(4.24,1.06)	4.37	14.04
(-1,0)	10	23	r1	r2	(-4.24,-1.06)	4.37	-165.96
(-1,0)	30	9	r2	r1	(-4.24,-1.06)	4.37	-165.96
(0,1)	3	21	r1	r2	(-1.06,4.24)	4.37	104.04
(0,1)	32	16	r2	r1	(-1.06,4.24)	4.37	104.04
(0,-1)	16	32	r1	r2	(1.06,-4.24)	4.37	-75.96
(0,-1)	21	3	r2	r1	(1.06,-4.24)	4.37	-75.96
(1,0)	7	24	r1	r2	(4.29,0.82)	4.37	10.86
(1,0)	11	28	r1	r2	(4.18,1.29)	4.37	17.22
(1,0)	29	12	r2	r1	(4.29,0.82)	4.37	10.86
(-1,0)	8	25	r1	r2	(-4.18,-1.29)	4.37	-162.78
(-1,0)	12	29	r1	r2	(-4.29,-0.82)	4.37	-169.14
(-1,0)	24	7	r2	r1	(-4.29,-0.82)	4.37	-169.14
(-1,0)	28	11	r2	r1	(-4.18,-1.29)	4.37	-162.78
(0,1)	12	29	r1	r2	(-1.29,4.18)	4.37	107.22
(0,1)	25	8	r2	r1	(-0.82,4.29)	4.37	100.86
(0,-1)	7	24	r1	r2	(1.29,-4.18)	4.37	-72.78
(0,-1)	8	25	r1	r2	(0.82,-4.29)	4.37	-79.14
(0,-1)	28	11	r2	r1	(0.82,-4.29)	4.37	-79.14
(0,-1)	29	12	r2	r1	(1.29,-4.18)	4.37	-72.78
(1,1)	9	22	r1	r2	(1.47,4.12)	4.37	70.35
(1,1)	31	10	r2	r1	(1.47,4.12)	4.37	70.35
(-1,1)	3	19	r1	r2	(-4.12,1.47)	4.37	160.35
(-1,1)	4	33	r1	r2	(-2.41,3.65)	4.37	123.48
(-1,1)	34	16	r2	r1	(-4.12,1.47)	4.37	160.35
(-1,-1)	10	31	r1	r2	(-1.47,-4.12)	4.37	-109.65
(-1,-1)	22	9	r2	r1	(-1.47,-4.12)	4.37	-109.65
(1,-1)	16	34	r1	r2	(4.12,-1.47)	4.37	-19.65
(1,-1)	19	3	r2	r1	(4.12,-1.47)	4.37	-19.65
(1,0)	25	8	r2	r1	(4.18,1.29)	4.37	17.22
(0,1)	24	7	r2	r1	(-1.29,4.18)	4.37	107.22
(1,1)	5	21	r1	r2	(2.94,3.24)	4.37	47.73
(1,1)	13	27	r1	r2	(3.65,2.41)	4.37	33.48
(1,1)	15	20	r1	r2	(0.41,4.35)	4.37	84.60
(1,1)	26	6	r2	r1	(3.65,2.41)	4.37	33.48
(1,1)	32	14	r2	r1	(2.94,3.24)	4.37	47.73
(-1,1)	2	23	r1	r2	(-3.24,2.94)	4.37	137.73
(-1,1)	20	15	r2	r1	(-2.41,3.65)	4.37	123.48
(-1,1)	30	17	r2	r1	(-3.24,2.94)	4.37	137.73
(-1,-1)	6	26	r1	r2	(-3.65,-2.41)	4.37	-146.52
(-1,-1)	14	32	r1	r2	(-2.94,-3.24)	4.37	-132.27
(-1,-1)	21	5	r2	r1	(-2.94,-3.24)	4.37	-132.27
(-1,-1)	27	13	r2	r1	(-3.65,-2.41)	4.37	-146.52
(1,-1)	6	26	r1	r2	(4.35,-0.41)	4.37	-5.40
(1,-1)	15	20	r1	r2	(2.41,-3.65)	4.37	-56.52
(1,-1)	17	30	r1	r2	(3.24,-2.94)	4.37	-42.27
(1,-1)	23	2	r2	r1	(3.24,-2.94)	4.37	-42.27
(1,-1)	33	4	r2	r1	(2.41,-3.65)	4.37	-56.52
(0,1)	11	28	r1	r2	(-0.82,4.29)	4.37	100.86
(1,1)	33	4	r2	r1	(0.41,4.35)	4.37	84.60
(-1,1)	13	27	r1	r2	(-4.35,0.41)	4.37	174.60
(-1,1)	26	6	r2	r1	(-4.35,0.41)	4.37	174.60
(-1,-1)	4	33	r1	r2	(-0.41,-4.35)	4.37	-95.40
(-1,-1)	20	15	r2	r1	(-0.41,-4.35)	4.37	-95.40
(1,-1)	27	13	r2	r1	(4.35,-0.41)	4.37	-5.40
(1,0)	5	26	r1	r2	(4.35,0.59)	4.39	7.70
(1,0)	13	34	r1	r2	(4.12,1.53)	4.39	20.38
(1,0)	19	6	r2	r1	(4.12,1.53)	4.39	20.38
(-1,0)	6	19	r1	r2	(-4.12,-1.53)	4.39	-159.62
(-1,0)	34	13	r2	r1	(-4.12,-1.53)	4.39	-159.62
(0,1)	4	22	r1	r2	(-1.53,4.12)	4.39	110.38
(0,1)	31	15	r2	r1	(-1.53,4.12)	4.39	110.38
(0,-1)	15	31	r1	r2	(1.53,-4.12)	4.39	-69.62
(0,-1)	17	33	r1	r2	(0.59,-4.35)	4.39	-82.30
(0,-1)	22	4	r2	r1	(1.53,-4.12)	4.39	-69.62
(1,0)	27	14	r2	r1	(4.35,0.59)	4.39	7.70
(-1,0)	14	27	r1	r2	(-4.35,-0.59)	4.39	-172.30
(-1,0)	26	5	r2	r1	(-4.35,-0.59)	4.39	-172.30
(0,1)	2	20	r1	r2	(-0.59,4.35)	4.39	97.70
(0,1)	33	17	r2	r1	(-0.59,4.35)	4.39	97.70
(0,-1)	20	2	r2	r1	(0.59,-4.35)	4.39	-82.30
(1,0)	3	20	r1	r2	(4.41,0.35)	4.43	4.57
(1,0)	15	32	r1	r2	(4.06,1.76)	4.43	23.50
(1,0)	21	4	r2	r1	(4.06,1.76)	4.43	23.50
(1,0)	33	16	r2	r1	(4.41,0.35)	4.43	4.57
(-1,0)	4	21	r1	r2	(-4.06,-1.76)	4.43	-156.50
(-1,0)	16	33	r1	r2	(-4.41,-0.35)	4.43	-175.43
(-1,0)	20	3	r2	r1	(-4.41,-0.35)	4.43	-175.43
(-1,0)	32	15	r2	r1	(-4.06,-1.76)	4.43	-156.50
(0,1)	10	27	r1	r2	(-0.35,4.41)	4.43	94.57
(0,1)	13	30	r1	r2	(-1.76,4.06)	4.43	113.50
(0,1)	23	6	r2	r1	(-1.76,4.06)	4.43	113.50
(0,1)	26	9	r2	r1	(-0.35,4.41)	4.43	94.57
(0,-1)	6	23	r1	r2	(1.76,-4.06)	4.43	-66.50
(0,-1)	9	26	r1	r2	(0.35,-4.41)	4.43	-85.43
(0,-1)	27	10	r2	r1	(0.35,-4.41)	4.43	-85.43
(0,-1)	30	13	r2	r1	(1.76,-4.06)	4.43	-66.50
(1,0)	9	24	r1	r2	(4.29,-1.18)	4.45	-15.32
(1,0)	29	10	r2	r1	(4.29,-1.18)	4.45	-15.32
(-1,0)	10	29	r1	r2	(-4.29,1.18)	4.45	164.68
(-1,0)	24	9	r2	r1	(-4.29,1.18)	4.45	164.68
(0,1)	25	16	r2	r1	(1.18,4.29)	4.45	74.68
(0,-1)	16	25	r1	r2	(-1.18,-4.29)	4.45	-105.32
(0,-1)	28	3	r2	r1	(-1.18,-4.29)	4.45	-105.32
(1,0)	11	30	r1	r2	(3.24,3.06)	4.45	43.39
(1,0)	23	8	r2	r1	(3.24,3.06)	4.45	43.39
(-1,0)	8	23	r1	r2	(-3.24,-3.06)	4.45	-136.61
(-1,0)	30	11	r2	r1	(-3.24,-3.06)	4.45	-136.61
(0,1)	12	21	r1	r2	(-3.06,3.24)	4.45	133.39
(0,1)	32	7	r2	r1	(-3.06,3.24)	4.45	133.39
(0,-1)	7	32	r1	r2	(3.06,-3.24)	4.45	-46.61
(0,-1)	21	12	r2	r1	(3.06,-3.24)	4.45	-46.61
(0,1)	3	28	r1	r2	(1.18,4.29)	4.45	74.68
(1,0)	15	33	r1	r2	(3.59,2.65)	4.46	36.42
(-1,0)	4	20	r1	r2	(-3.59,-2.65)	4.46	-143.58
(-1,0)	33	15	r2	r1	(-3.59,-2.65)	4.46	-143.58
(0,1)	13	26	r1	r2	(-2.65,3.59)	4.46	126.42
(0,-1)	6	27	r1	r2	(2.65,-3.59)	4.46	-53.58
(0,-1)	26	13	r2	r1	(2.65,-3.59)	4.46	-53.58
(1,1)	12	24	r1	r2	(2.29,3.82)	4.46	59.04
(-1,1)	8	28	r1	r2	(-3.82,2.29)	4.46	149.04
(-1,1)	25	11	r2	r1	(-3.82,2.29)	4.46	149.04
(-1,-1)	7	29	r1	r2	(-2.29,-3.82)	4.46	-120.96
(-1,-1)	24	12	r2	r1	(-2.29,-3.82)	4.46	-120.96
(1,-1)	11	25	r1	r2	(3.82,-2.29)	4.46	-30.96
(1,0)	4	20	r1	r2	(4.41,-0.65)	4.46	-8.34
(1,0)	20	4	r2	r1	(3.59,2.65)	4.46	36.42
(1,0)	33	15	r2	r1	(4.41,-0.65)	4.46	-8.34
(-1,0)	15	33	r1	r2	(-4.41,0.65)	4.46	171.66
(-1,0)	20	4	r2	r1	(-4.41,0.65)	4.46	171.66
(0,1)	6	27	r1	r2	(0.65,4.41)	4.46	81.66
(0,1)	26	13	r2	r1	(0.65,4.41)	4.46	81.66
(0,1)	27	6	r2	r1	(-2.65,3.59)	4.46	126.42
(0,-1)	13	26	r1	r2	(-0.65,-4.41)	4.46	-98.34
(0,-1)	27	6	r2	r1	(-0.65,-4.41)	4.46	-98.34
(1,1)	29	7	r2	r1	(2.29,3.82)	4.46	59.04
(1,-1)	28	8	r2	r1	(3.82,-2.29)	4.46	-30.96
(0,0)	1	33	r1	r2	(2.59,3.65)	4.47	54.64
(0,0)	18	33	r2	r2	(2.59,3.65)	4.47	54.64
(0,0)	33	1	r2	r1	(-2.59,-3.65)	4.47	-125.36
(0,0)	33	18	r2	r2	(-2.59,-3.65)	4.47	-125.36
(1,0)	19	22	r2	r2	(2.59,3.65)	4.47	54.64
(1,0)	20	19	r2	r2	(4.47,0.12)	4.47	1.51
(1,0)	23	26	r2	r2	(2.59,3.65)	4.47	54.64
(1,0)	26	1	r2	r1	(3.65,-2.59)	4.47	-35.36
(1,0)	26	18	r2	r2	(3.65,-2.59)	4.47	-35.36
(1,0)	29	28	r2	r2	(4.47,0.12)	4.47	1.51
(1,0)	30	19	r2	r2	(3.65,-2.59)	4.47	-35.36
(1,0)	31	34	r2	r2	(2.59,3.65)	4.47	54.64
(1,0)	34	23	r2	r2	(3.65,-2.59)	4.47	-35.36
(-1,0)	1	26	r1	r2	(-3.65,2.59)	4.47	144.64
(-1,0)	18	26	r2	r2	(-3.65,2.59)	4.47	144.64
(-1,0)	19	30	r2	r2	(-3.65,2.59)	4.47	144.64
(-1,0)	23	34	r2	r2	(-3.65,2.59)	4.47	144.64
(-1,0)	26	23	r2	r2	(-2.59,-3.65)	4.47	-125.36
(0,1)	21	31	r2	r2	(2.59,3.65)	4.47	54.64
(0,1)	22	32	r2	r2	(2.59,3.65)	4.47	54.64
(0,1)	25	29	r2	r2	(-0.12,4.47)	4.47	91.51
(0,1)	33	21	r2	r2	(-3.65,2.59)	4.47	144.64
(0,1)	34	22	r2	r2	(-3.65,2.59)	4.47	144.64
(0,-1)	1	27	r1	r2	(3.65,-2.59)	4.47	-35.36
(0,-1)	18	27	r2	r2	(3.65,-2.59)	4.47	-35.36
(0,-1)	21	33	r2	r2	(3.65,-2.59)	4.47	-35.36
(0,-1)	31	21	r2	r2	(-2.59,-3.65)	4.47	-125.36
(0,-1)	32	22	r2	r2	(-2.59,-3.65)	4.47	-125.36
(1,1)	25	20	r2	r2	(2.59,3.65)	4.47	54.64
(1,1)	29	24	r2	r2	(2.59,3.65)	4.47	54.64
(1,1)	33	28	r2	r2	(2.59,3.65)	4.47	54.64
(1,1)	34	29	r2	r2	(2.59,3.65)	4.47	54.64
(-1,1)	21	24	r2	r2	(-3.65,2.59)	4.47	144.64
(-1,1)	22	25	r2	r2	(-3.65,2.59)	4.47	144.64
(-1,1)	25	28	r2	r2	(-3.65,2.59)	4.47	144.64
(-1,1)	26	29	r2	r2	(-3.65,2.59)	4.47	144.64
(-1,1)	29	32	r2	r2	(-3.65,2.59)	4.47	144.64
(-1,1)	30	33	r2	r2	(-3.65,2.59)	4.47	144.64
(-1,-1)	1	20	r1	r2	(-2.59,-3.65)	4.47	-125.36
(-1,-1)	18	20	r2	r2	(-2.59,-3.65)	4.47	-125.36
(-1,-1)	19	24	r2	r2	(-2.59,-3.65)	4.47	-125.36
(-1,-1)	20	25	r2	r2	(-2.59,-3.65)	4.47	-125.36
(-1,-1)	21	26	r2	r2	(-2.59,-3.65)	4.47	-125.36
(-1,-1)	24	29	r2	r2	(-2.59,-3.65)	4.47	-125.36
(-1,-1)	27	32	r2	r2	(-2.59,-3.65)	4.47	-125.36
(-1,-1)	28	33	r2	r2	(-2.59,-3.65)	4.47	-125.36
(-1,-1)	29	34	r2	r2	(-2.59,-3.65)	4.47	-125.36
(1,-1)	27	24	r2	r2	(3.65,-2.59)	4.47	-35.36
(1,-1)	28	25	r2	r2	(3.65,-2.59)	4.47	-35.36
(1,-1)	29	26	r2	r2	(3.65,-2.59)	4.47	-35.36
(1,-1)	31	28	r2	r2	(3.65,-2.59)	4.47	-35.36
(1,-1)	32	29	r2	r2	(3.65,-2.59)	4.47	-35.36
(0,0)	1	13	r1	r1	(2.00,4.00)	4.47	63.43
(0,0)	13	1	r1	r1	(-2.00,-4.00)	4.47	-116.57
(0,0)	13	18	r1	r2	(-2.00,-4.00)	4.47	-116.57
(0,0)	18	13	r2	r1	(2.00,4.00)	4.47	63.43
(1,0)	1	2	r1	r1	(4.00,2.00)	4.47	26.57
(1,0)	2	3	r1	r1	(4.00,2.00)	4.47	26.57
(1,0)	3	4	r1	r1	(4.00,2.00)	4.47	26.57
(1,0)	4	1	r1	r1	(4.00,-2.00)	4.47	-26.57
(1,0)	4	5	r1	r1	(4.00,2.00)	4.47	26.57
(1,0)	4	18	r1	r2	(4.00,-2.00)	4.47	-26.57
(1,0)	5	2	r1	r1	(4.00,-2.00)	4.47	-26.57
(1,0)	6	7	r1	r1	(4.00,2.00)	4.47	26.57
(1,0)	7	8	r1	r1	(4.00,2.00)	4.47	26.57
(1,0)	8	9	r1	r1	(4.00,2.00)	4.47	26.57
(1,0)	9	6	r1	r1	(4.00,-2.00)	4.47	-26.57
(1,0)	10	5	r1	r1	(2.00,4.00)	4.47	63.43
(1,0)	10	11	r1	r1	(4.00,2.00)	4.47	26.57
(1,0)	11	12	r1	r1	(4.00,2.00)	4.47	26.57
(1,0)	12	13	r1	r1	(4.00,2.00)	4.47	26.57
(1,0)	13	10	r1	r1	(4.00,-2.00)	4.47	-26.57
(1,0)	14	9	r1	r1	(2.00,4.00)	4.47	63.43
(1,0)	14	15	r1	r1	(4.00,2.00)	4.47	26.57
(1,0)	15	16	r1	r1	(4.00,2.00)	4.47	26.57
(1,0)	16	17	r1	r1	(4.00,2.00)	4.47	26.57
(1,0)	17	14	r1	r1	(4.00,-2.00)	4.47	-26.57
(1,0)	18	2	r2	r1	(4.00,2.00)	4.47	26.57
(1,0)	21	20	r2	r2	(4.47,0.12)	4.47	1.51
(1,0)	22	21	r2	r2	(4.47,0.12)	4.47	1.51
(1,0)	24	23	r2	r2	(4.47,0.12)	4.47	1.51
(1,0)	25	24	r2	r2	(4.47,0.12)	4.47	1.51
(1,0)	26	25	r2	r2	(4.47,0.12)	4.47	1.51
(1,0)	27	30	r2	r2	(2.59,3.65)	4.47	54.64
(1,0)	28	27	r2	r2	(4.47,0.12)	4.47	1.51
(1,0)	30	29	r2	r2	(4.47,0.12)	4.47	1.51
(1,0)	32	31	r2	r2	(4.47,0.12)	4.47	1.51
(1,0)	33	32	r2	r2	(4.47,0.12)	4.47	1.51
(1,0)	34	33	r2	r2	(4.47,0.12)	4.47	1.51
(-1,0)	1	4	r1	r1	(-4.00,2.00)	4.47	153.43
(-1,0)	2	1	r1	r1	(-4.00,-2.00)	4.47	-153.43
(-1,0)	2	5	r1	r1	(-4.00,2.00)	4.47	153.43
(-1,0)	2	18	r1	r2	(-4.00,-2.00)	4.47	-153.43
(-1,0)	3	2	r1	r1	(-4.00,-2.00)	4.47	-153.43
(-1,0)	4	3	r1	r1	(-4.00,-2.00)	4.47	-153.43
(-1,0)	5	4	r1	r1	(-4.00,-2.00)	4.47	-153.43
(-1,0)	5	10	r1	r1	(-2.00,-4.00)	4.47	-116.57
(-1,0)	6	9	r1	r1	(-4.00,2.00)	4.47	153.43
(-1,0)	7	6	r1	r1	(-4.00,-2.00)	4.47	-153.43
(-1,0)	8	7	r1	r1	(-4.00,-2.00)	4.47	-153.43
(-1,0)	9	8	r1	r1	(-4.00,-2.00)	4.47	-153.43
(-1,0)	9	14	r1	r1	(-2.00,-4.00)	4.47	-116.57
(-1,0)	10	13	r1	r1	(-4.00,2.00)	4.47	153.43
(-1,0)	11	10	r1	r1	(-4.00,-2.00)	4.47	-153.43
(-1,0)	12	11	r1	r1	(-4.00,-2.00)	4.47	-153.43
(-1,0)	13	12	r1	r1	(-4.00,-2.00)	4.47	-153.43
(-1,0)	14	17	r1	r1	(-4.00,2.00)	4.47	153.43
(-1,0)	15	14	r1	r1	(-4.00,-2.00)	4.47	-153.43
(-1,0)	16	15	r1	r1	(-4.00,-2.00)	4.47	-153.43
(-1,0)	17	16	r1	r1	(-4.00,-2.00)	4.47	-153.43
(-1,0)	18	4	r2	r1	(-4.00,2.00)	4.47	153.43
(-1,0)	19	20	r2	r2	(-4.47,-0.12)	4.47	-178.49
(-1,0)	20	21	r2	r2	(-4.47,-0.12)	4.47	-178.49
(-1,0)	21	22	r2	r2	(-4.47,-0.12)	4.47	-178.49
(-1,0)	22	19	r2	r2	(-2.59,-3.65)	4.47	-125.36
(-1,0)	23	24	r2	r2	(-4.47,-0.12)	4.47	-178.49
(-1,0)	24	25	r2	r2	(-4.47,-0.12)	4.47	-178.49
(-1,0)	25	26	r2	r2	(-4.47,-0.12)	4.47	-178.49
(-1,0)	27	28	r2	r2	(-4.47,-0.12)	4.47	-178.49
(-1,0)	28	29	r2	r2	(-4.47,-0.12)	4.47	-178.49
(-1,0)	29	30	r2	r2	(-4.47,-0.12)	4.47	-178.49
(-1,0)	30	27	r2	r2	(-2.59,-3.65)	4.47	-125.36
(-1,0)	31	32	r2	r2	(-4.47,-0.12)	4.47	-178.49
(-1,0)	32	33	r2	r2	(-4.47,-0.12)	4.47	-178.49
(-1,0)	33	34	r2	r2	(-4.47,-0.12)	4.47	-178.49
(-1,0)	34	31	r2	r2	(-2.59,-3.65)	4.47	-125.36
(0,1)	1	19	r1	r2	(-0.12,4.47)	4.47	91.51
(0,1)	2	14	r1	r1	(2.00,4.00)	4.47	63.43
(0,1)	3	15	r1	r1	(2.00,4.00)	4.47	63.43
(0,1)	4	16	r1	r1	(2.00,4.00)	4.47	63.43
(0,1)	5	17	r1	r1	(2.00,4.00)	4.47	63.43
(0,1)	6	2	r1	r1	(-2.00,4.00)	4.47	116.57
(0,1)	7	3	r1	r1	(-2.00,4.00)	4.47	116.57
(0,1)	8	4	r1	r1	(-2.00,4.00)	4.47	116.57
(0,1)	9	5	r1	r1	(-2.00,4.00)	4.47	116.57
(0,1)	10	6	r1	r1	(-2.00,4.00)	4.47	116.57
(0,1)	11	7	r1	r1	(-2.00,4.00)	4.47	116.57
(0,1)	12	8	r1	r1	(-2.00,4.00)	4.47	116.57
(0,1)	13	9	r1	r1	(-2.00,4.00)	4.47	116.57
(0,1)	14	10	r1	r1	(-2.00,4.00)	4.47	116.57
(0,1)	15	1	r1	r1	(-4.00,2.00)	4.47	153.43
(0,1)	15	11	r1	r1	(-2.00,4.00)	4.47	116.57
(0,1)	15	18	r1	r2	(-4.00,2.00)	4.47	153.43
(0,1)	16	2	r1	r1	(-4.00,2.00)	4.47	153.43
(0,1)	16	12	r1	r1	(-2.00,4.00)	4.47	116.57
(0,1)	17	3	r1	r1	(-4.00,2.00)	4.47	153.43
(0,1)	17	13	r1	r1	(-2.00,4.00)	4.47	116.57
(0,1)	18	19	r2	r2	(-0.12,4.47)	4.47	91.51
(0,1)	19	23	r2	r2	(-0.12,4.47)	4.47	91.51
(0,1)	20	24	r2	r2	(-0.12,4.47)	4.47	91.51
(0,1)	21	25	r2	r2	(-0.12,4.47)	4.47	91.51
(0,1)	22	26	r2	r2	(-0.12,4.47)	4.47	91.51
(0,1)	23	27	r2	r2	(-0.12,4.47)	4.47	91.51
(0,1)	26	30	r2	r2	(-0.12,4.47)	4.47	91.51
(0,1)	27	1	r2	r1	(-3.65,2.59)	4.47	144.64
(0,1)	27	18	r2	r2	(-3.65,2.59)	4.47	144.64
(0,1)	27	31	r2	r2	(-0.12,4.47)	4.47	91.51
(0,1)	28	32	r2	r2	(-0.12,4.47)	4.47	91.51
(0,1)	29	33	r2	r2	(-0.12,4.47)	4.47	91.51
(0,1)	30	34	r2	r2	(-0.12,4.47)	4.47	91.51
(0,1)	31	19	r2	r2	(-3.65,2.59)	4.47	144.64
(0,1)	32	20	r2	r2	(-3.65,2.59)	4.47	144.64
(0,-1)	1	15	r1	r1	(4.00,-2.00)	4.47	-26.57
(0,-1)	2	6	r1	r1	(2.00,-4.00)	4.47	-63.43
(0,-1)	2	16	r1	r1	(4.00,-2.00)	4.47	-26.57
(0,-1)	3	7	r1	r1	(2.00,-4.00)	4.47	-63.43
(0,-1)	3	17	r1	r1	(4.00,-2.00)	4.47	-26.57
(0,-1)	4	8	r1	r1	(2.00,-4.00)	4.47	-63.43
(0,-1)	5	9	r1	r1	(2.00,-4.00)	4.47	-63.43
(0,-1)	6	10	r1	r1	(2.00,-4.00)	4.47	-63.43
(0,-1)	7	11	r1	r1	(2.00,-4.00)	4.47	-63.43
(0,-1)	8	12	r1	r1	(2.00,-4.00)	4.47	-63.43
(0,-1)	9	13	r1	r1	(2.00,-4.00)	4.47	-63.43
(0,-1)	10	14	r1	r1	(2.00,-4.00)	4.47	-63.43
(0,-1)	11	15	r1	r1	(2.00,-4.00)	4.47	-63.43
(0,-1)	12	16	r1	r1	(2.00,-4.00)	4.47	-63.43
(0,-1)	13	17	r1	r1	(2.00,-4.00)	4.47	-63.43
(0,-1)	14	2	r1	r1	(-2.00,-4.00)	4.47	-116.57
(0,-1)	15	3	r1	r1	(-2.00,-4.00)	4.47	-116.57
(0,-1)	16	4	r1	r1	(-2.00,-4.00)	4.47	-116.57
(0,-1)	17	5	r1	r1	(-2.00,-4.00)	4.47	-116.57
(0,-1)	18	15	r2	r1	(4.00,-2.00)	4.47	-26.57
(0,-1)	19	1	r2	r1	(0.12,-4.47)	4.47	-88.49
(0,-1)	19	18	r2	r2	(0.12,-4.47)	4.47	-88.49
(0,-1)	19	31	r2	r2	(3.65,-2.59)	4.47	-35.36
(0,-1)	20	32	r2	r2	(3.65,-2.59)	4.47	-35.36
(0,-1)	22	34	r2	r2	(3.65,-2.59)	4.47	-35.36
(0,-1)	23	19	r2	r2	(0.12,-4.47)	4.47	-88.49
(0,-1)	24	20	r2	r2	(0.12,-4.47)	4.47	-88.49
(0,-1)	25	21	r2	r2	(0.12,-4.47)	4.47	-88.49
(0,-1)	26	22	r2	r2	(0.12,-4.47)	4.47	-88.49
(0,-1)	27	23	r2	r2	(0.12,-4.47)	4.47	-88.49
(0,-1)	28	24	r2	r2	(0.12,-4.47)	4.47	-88.49
(0,-1)	29	25	r2	r2	(0.12,-4.47)	4.47	-88.49
(0,-1)	30	26	r2	r2	(0.12,-4.47)	4.47	-88.49
(0,-1)	31	27	r2	r2	(0.12,-4.47)	4.47	-88.49
(0,-1)	32	28	r2	r2	(0.12,-4.47)	4.47	-88.49
(0,-1)	33	29	r2	r2	(0.12,-4.47)	4.47	-88.49
(0,-1)	34	30	r2	r2	(0.12,-4.47)	4.47	-88.49
(1,1)	5	6	r1	r1	(4.00,2.00)	4.47	26.57
(1,1)	6	1	r1	r1	(2.00,4.00)	4.47	63.43
(1,1)	6	18	r1	r2	(2.00,4.00)	4.47	63.43
(1,1)	7	2	r1	r1	(2.00,4.00)	4.47	63.43
(1,1)	8	3	r1	r1	(2.00,4.00)	4.47	63.43
(1,1)	9	4	r1	r1	(2.00,4.00)	4.47	63.43
(1,1)	9	10	r1	r1	(4.00,2.00)	4.47	26.57
(1,1)	11	6	r1	r1	(2.00,4.00)	4.47	63.43
(1,1)	12	7	r1	r1	(2.00,4.00)	4.47	63.43
(1,1)	13	8	r1	r1	(2.00,4.00)	4.47	63.43
(1,1)	13	14	r1	r1	(4.00,2.00)	4.47	26.57
(1,1)	15	10	r1	r1	(2.00,4.00)	4.47	63.43
(1,1)	16	11	r1	r1	(2.00,4.00)	4.47	63.43
(1,1)	17	12	r1	r1	(2.00,4.00)	4.47	63.43
(1,1)	20	1	r2	r1	(2.59,3.65)	4.47	54.64
(1,1)	20	18	r2	r2	(2.59,3.65)	4.47	54.64
(1,1)	24	19	r2	r2	(2.59,3.65)	4.47	54.64
(1,1)	26	21	r2	r2	(2.59,3.65)	4.47	54.64
(1,1)	28	23	r2	r2	(2.59,3.65)	4.47	54.64
(1,1)	30	25	r2	r2	(2.59,3.65)	4.47	54.64
(1,1)	31	20	r2	r2	(-0.12,4.47)	4.47	91.51
(1,1)	32	21	r2	r2	(-0.12,4.47)	4.47	91.51
(1,1)	32	27	r2	r2	(2.59,3.65)	4.47	54.64
(1,1)	33	22	r2	r2	(-0.12,4.47)	4.47	91.51
(-1,1)	1	14	r1	r1	(-2.00,4.00)	4.47	116.57
(-1,1)	2	15	r1	r1	(-2.00,4.00)	4.47	116.57
(-1,1)	3	6	r1	r1	(-4.00,2.00)	4.47	153.43
(-1,1)	3	16	r1	r1	(-2.00,4.00)	4.47	116.57
(-1,1)	4	7	r1	r1	(-4.00,2.00)	4.47	153.43
(-1,1)	4	17	r1	r1	(-2.00,4.00)	4.47	116.57
(-1,1)	5	8	r1	r1	(-4.00,2.00)	4.47	153.43
(-1,1)	7	10	r1	r1	(-4.00,2.00)	4.47	153.43
(-1,1)	8	11	r1	r1	(-4.00,2.00)	4.47	153.43
(-1,1)	9	12	r1	r1	(-4.00,2.00)	4.47	153.43
(-1,1)	11	14	r1	r1	(-4.00,2.00)	4.47	153.43
(-1,1)	12	15	r1	r1	(-4.00,2.00)	4.47	153.43
(-1,1)	13	16	r1	r1	(-4.00,2.00)	4.47	153.43
(-1,1)	18	14	r2	r1	(-2.00,4.00)	4.47	116.57
(-1,1)	20	23	r2	r2	(-3.65,2.59)	4.47	144.64
(-1,1)	22	1	r2	r1	(-4.47,-0.12)	4.47	-178.49
(-1,1)	22	18	r2	r2	(-4.47,-0.12)	4.47	-178.49
(-1,1)	24	27	r2	r2	(-3.65,2.59)	4.47	144.64
(-1,1)	26	19	r2	r2	(-4.47,-0.12)	4.47	-178.49
(-1,1)	28	31	r2	r2	(-3.65,2.59)	4.47	144.64
(-1,1)	30	23	r2	r2	(-4.47,-0.12)	4.47	-178.49
(-1,1)	34	27	r2	r2	(-4.47,-0.12)	4.47	-178.49
(-1,-1)	1	6	r1	r1	(-2.00,-4.00)	4.47	-116.57
(-1,-1)	2	7	r1	r1	(-2.00,-4.00)	4.47	-116.57
(-1,-1)	3	8	r1	r1	(-2.00,-4.00)	4.47	-116.57
(-1,-1)	4	9	r1	r1	(-2.00,-4.00)	4.47	-116.57
(-1,-1)	6	5	r1	r1	(-4.00,-2.00)	4.47	-153.43
(-1,-1)	6	11	r1	r1	(-2.00,-4.00)	4.47	-116.57
(-1,-1)	7	12	r1	r1	(-2.00,-4.00)	4.47	-116.57
(-1,-1)	8	13	r1	r1	(-2.00,-4.00)	4.47	-116.57
(-1,-1)	10	9	r1	r1	(-4.00,-2.00)	4.47	-153.43
(-1,-1)	10	15	r1	r1	(-2.00,-4.00)	4.47	-116.57
(-1,-1)	11	16	r1	r1	(-2.00,-4.00)	4.47	-116.57
(-1,-1)	12	17	r1	r1	(-2.00,-4.00)	4.47	-116.57
(-1,-1)	14	13	r1	r1	(-4.00,-2.00)	4.47	-153.43
(-1,-1)	18	6	r2	r1	(-2.00,-4.00)	4.47	-116.57
(-1,-1)	20	31	r2	r2	(0.12,-4.47)	4.47	-88.49
(-1,-1)	21	32	r2	r2	(0.12,-4.47)	4.47	-88.49
(-1,-1)	22	33	r2	r2	(0.12,-4.47)	4.47	-88.49
(-1,-1)	23	28	r2	r2	(-2.59,-3.65)	4.47	-125.36
(-1,-1)	25	30	r2	r2	(-2.59,-3.65)	4.47	-125.36
(1,-1)	1	22	r1	r2	(4.47,0.12)	4.47	1.51
(1,-1)	6	3	r1	r1	(4.00,-2.00)	4.47	-26.57
(1,-1)	7	4	r1	r1	(4.00,-2.00)	4.47	-26.57
(1,-1)	8	5	r1	r1	(4.00,-2.00)	4.47	-26.57
(1,-1)	10	7	r1	r1	(4.00,-2.00)	4.47	-26.57
(1,-1)	11	8	r1	r1	(4.00,-2.00)	4.47	-26.57
(1,-1)	12	9	r1	r1	(4.00,-2.00)	4.47	-26.57
(1,-1)	14	1	r1	r1	(2.00,-4.00)	4.47	-63.43
(1,-1)	14	11	r1	r1	(4.00,-2.00)	4.47	-26.57
(1,-1)	14	18	r1	r2	(2.00,-4.00)	4.47	-63.43
(1,-1)	15	2	r1	r1	(2.00,-4.00)	4.47	-63.43
(1,-1)	15	12	r1	r1	(4.00,-2.00)	4.47	-26.57
(1,-1)	16	3	r1	r1	(2.00,-4.00)	4.47	-63.43
(1,-1)	16	13	r1	r1	(4.00,-2.00)	4.47	-26.57
(1,-1)	17	4	r1	r1	(2.00,-4.00)	4.47	-63.43
(1,-1)	18	22	r2	r2	(4.47,0.12)	4.47	1.51
(1,-1)	19	26	r2	r2	(4.47,0.12)	4.47	1.51
(1,-1)	23	20	r2	r2	(3.65,-2.59)	4.47	-35.36
(1,-1)	23	30	r2	r2	(4.47,0.12)	4.47	1.51
(1,-1)	24	21	r2	r2	(3.65,-2.59)	4.47	-35.36
(1,-1)	25	22	r2	r2	(3.65,-2.59)	4.47	-35.36
(1,-1)	27	34	r2	r2	(4.47,0.12)	4.47	1.51
(1,-1)	33	30	r2	r2	(3.65,-2.59)	4.47	-35.36
(0,1)	24	28	r2	r2	(-0.12,4.47)	4.47	91.51
(1,1)	17	29	r1	r2	(1.71,4.18)	4.51	67.78
(-1,1)	5	25	r1	r2	(-4.18,1.71)	4.51	157.78
(1,1)	7	19	r1	r2	(2.88,3.47)	4.51	50.29
(1,1)	34	12	r2	r1	(2.88,3.47)	4.51	50.29
(-1,1)	22	8	r2	r1	(-3.47,2.88)	4.51	140.29
(-1,1)	28	14	r2	r1	(-4.18,1.71)	4.51	157.78
(-1,-1)	2	24	r1	r2	(-1.71,-4.18)	4.51	-112.22
(-1,-1)	12	34	r1	r2	(-2.88,-3.47)	4.51	-129.71
(-1,-1)	19	7	r2	r1	(-2.88,-3.47)	4.51	-129.71
(-1,-1)	29	17	r2	r1	(-1.71,-4.18)	4.51	-112.22
(1,-1)	8	22	r1	r2	(3.47,-2.88)	4.51	-39.71
(1,-1)	14	28	r1	r2	(4.18,-1.71)	4.51	-22.22
(1,-1)	31	11	r2	r1	(3.47,-2.88)	4.51	-39.71
(1,1)	24	2	r2	r1	(1.71,4.18)	4.51	67.78
(-1,1)	11	31	r1	r2	(-3.47,2.88)	4.51	140.29
(1,-1)	25	5	r2	r1	(4.18,-1.71)	4.51	-22.22
(1,0)	2	21	r1	r2	(3.94,2.24)	4.53	29.56
(1,0)	16	31	r1	r2	(4.53,-0.12)	4.53	-1.49
(1,0)	22	3	r2	r1	(4.53,-0.12)	4.53	-1.49
(-1,0)	3	22	r1	r2	(-4.53,0.12)	4.53	178.51
(-1,0)	31	16	r2	r1	(-4.53,0.12)	4.53	178.51
(0,1)	9	34	r1	r2	(0.12,4.53)	4.53	88.51
(0,1)	19	10	r2	r1	(0.12,4.53)	4.53	88.51
(0,-1)	10	19	r1	r2	(-0.12,-4.53)	4.53	-91.49
(0,-1)	34	9	r2	r1	(-0.12,-4.53)	4.53	-91.49
(1,0)	32	17	r2	r1	(3.94,2.24)	4.53	29.56
(-1,0)	17	32	r1	r2	(-3.94,-2.24)	4.53	-150.44
(-1,0)	21	2	r2	r1	(-3.94,-2.24)	4.53	-150.44
(0,1)	14	23	r1	r2	(-2.24,3.94)	4.53	119.56
(0,1)	30	5	r2	r1	(-2.24,3.94)	4.53	119.56
(0,-1)	5	30	r1	r2	(2.24,-3.94)	4.53	-60.44
(0,-1)	23	14	r2	r1	(2.24,-3.94)	4.53	-60.44
(1,1)	17	31	r1	r2	(3.53,2.88)	4.56	39.24
(1,1)	14	19	r1	r2	(0.88,4.47)	4.56	78.84
(1,1)	22	2	r2	r1	(3.53,2.88)	4.56	39.24
(1,1)	34	5	r2	r1	(0.88,4.47)	4.56	78.84
(-1,1)	5	34	r1	r2	(-2.88,3.53)	4.56	129.24
(-1,1)	17	31	r1	r2	(-4.47,0.88)	4.56	168.84
(-1,1)	19	14	r2	r1	(-2.88,3.53)	4.56	129.24
(-1,1)	22	2	r2	r1	(-4.47,0.88)	4.56	168.84
(-1,-1)	2	22	r1	r2	(-3.53,-2.88)	4.56	-140.76
(-1,-1)	5	34	r1	r2	(-0.88,-4.47)	4.56	-101.16
(-1,-1)	19	14	r2	r1	(-0.88,-4.47)	4.56	-101.16
(-1,-1)	31	17	r2	r1	(-3.53,-2.88)	4.56	-140.76
(1,-1)	2	22	r1	r2	(4.47,-0.88)	4.56	-11.16
(1,-1)	14	19	r1	r2	(2.88,-3.53)	4.56	-50.76
(1,-1)	31	17	r2	r1	(4.47,-0.88)	4.56	-11.16
(1,-1)	34	5	r2	r1	(2.88,-3.53)	4.56	-50.76
(1,1)	11	20	r1	r2	(1.41,4.35)	4.58	72.03
(1,1)	13	28	r1	r2	(3.18,3.29)	4.58	46.04
(1,1)	25	6	r2	r1	(3.18,3.29)	4.58	46.04
(-1,1)	4	29	r1	r2	(-3.29,3.18)	4.58	136.04
(-1,1)	24	15	r2	r1	(-3.29,3.18)	4.58	136.04
(-1,-1)	6	25	r1	r2	(-3.18,-3.29)	4.58	-133.96
(-1,-1)	28	13	r2	r1	(-3.18,-3.29)	4.58	-133.96
(1,-1)	7	26	r1	r2	(4.35,-1.41)	4.58	-17.97
(1,-1)	15	24	r1	r2	(3.29,-3.18)	4.58	-43.96
(1,-1)	29	4	r2	r1	(3.29,-3.18)	4.58	-43.96
(1,1)	33	8	r2	r1	(1.41,4.35)	4.58	72.03
(-1,1)	12	27	r1	r2	(-4.35,1.41)	4.58	162.03
(-1,1)	26	7	r2	r1	(-4.35,1.41)	4.58	162.03
(-1,-1)	8	33	r1	r2	(-1.41,-4.35)	4.58	-107.97
(-1,-1)	20	11	r2	r1	(-1.41,-4.35)	4.58	-107.97
(1,-1)	27	12	r2	r1	(4.35,-1.41)	4.58	-17.97
(1,1)	4	19	r1	r2	(3.88,2.47)	4.60	32.47
(1,1)	17	26	r1	r2	(0.35,4.59)	4.60	85.60
(1,1)	27	2	r2	r1	(0.35,4.59)	4.60	85.60
(1,1)	34	15	r2	r1	(3.88,2.47)	4.60	32.47
(-1,1)	5	20	r1	r2	(-4.59,0.35)	4.60	175.60
(-1,1)	22	13	r2	r1	(-2.47,3.88)	4.60	122.47
(-1,1)	33	14	r2	r1	(-4.59,0.35)	4.60	175.60
(-1,-1)	2	27	r1	r2	(-0.35,-4.59)	4.60	-94.40
(-1,-1)	15	34	r1	r2	(-3.88,-2.47)	4.60	-147.53
(-1,-1)	19	4	r2	r1	(-3.88,-2.47)	4.60	-147.53
(-1,-1)	26	17	r2	r1	(-0.35,-4.59)	4.60	-94.40
(1,-1)	13	22	r1	r2	(2.47,-3.88)	4.60	-57.53
(1,-1)	14	33	r1	r2	(4.59,-0.35)	4.60	-4.40
(1,-1)	20	5	r2	r1	(4.59,-0.35)	4.60	-4.40
(1,-1)	31	6	r2	r1	(2.47,-3.88)	4.60	-57.53
(-1,1)	6	31	r1	r2	(-2.47,3.88)	4.60	122.47
(1,0)	2	20	r1	r2	(4.41,1.35)	4.61	17.05
(1,0)	15	31	r1	r2	(4.53,0.88)	4.61	11.02
(1,0)	22	4	r2	r1	(4.53,0.88)	4.61	11.02
(1,0)	33	17	r2	r1	(4.41,1.35)	4.61	17.05
(-1,0)	4	22	r1	r2	(-4.53,-0.88)	4.61	-168.98
(-1,0)	17	33	r1	r2	(-4.41,-1.35)	4.61	-162.95
(-1,0)	20	2	r2	r1	(-4.41,-1.35)	4.61	-162.95
(-1,0)	31	15	r2	r1	(-4.53,-0.88)	4.61	-168.98
(0,1)	13	34	r1	r2	(-0.88,4.53)	4.61	101.02
(0,1)	14	27	r1	r2	(-1.35,4.41)	4.61	107.05
(0,1)	19	6	r2	r1	(-0.88,4.53)	4.61	101.02
(0,1)	26	5	r2	r1	(-1.35,4.41)	4.61	107.05
(0,-1)	5	26	r1	r2	(1.35,-4.41)	4.61	-72.95
(0,-1)	6	19	r1	r2	(0.88,-4.53)	4.61	-78.98
(0,-1)	27	14	r2	r1	(1.35,-4.41)	4.61	-72.95
(0,-1)	34	13	r2	r1	(0.88,-4.53)	4.61	-78.98
(1,0)	9	19	r1	r2	(3.88,-2.53)	4.63	-33.08
(0,1)	3	31	r1	r2	(2.53,3.88)	4.63	56.92
(1,0)	4	26	r1	r2	(4.35,1.59)	4.63	20.05
(1,0)	13	33	r1	r2	(4.59,0.65)	4.63	8.03
(1,0)	14	30	r1	r2	(2.24,4.06)	4.63	61.16
(1,0)	20	6	r2	r1	(4.59,0.65)	4.63	8.03
(1,0)	23	5	r2	r1	(2.24,4.06)	4.63	61.16
(1,0)	34	10	r2	r1	(3.88,-2.53)	4.63	-33.08
(-1,0)	5	23	r1	r2	(-2.24,-4.06)	4.63	-118.84
(-1,0)	6	20	r1	r2	(-4.59,-0.65)	4.63	-171.97
(-1,0)	10	34	r1	r2	(-3.88,2.53)	4.63	146.92
(-1,0)	19	9	r2	r1	(-3.88,2.53)	4.63	146.92
(-1,0)	30	14	r2	r1	(-2.24,-4.06)	4.63	-118.84
(-1,0)	33	13	r2	r1	(-4.59,-0.65)	4.63	-171.97
(0,1)	4	26	r1	r2	(-0.65,4.59)	4.63	98.03
(0,1)	17	21	r1	r2	(-4.06,2.24)	4.63	151.16
(0,1)	22	16	r2	r1	(2.53,3.88)	4.63	56.92
(0,1)	27	15	r2	r1	(-0.65,4.59)	4.63	98.03
(0,1)	32	2	r2	r1	(-4.06,2.24)	4.63	151.16
(0,-1)	2	32	r1	r2	(4.06,-2.24)	4.63	-28.84
(0,-1)	13	33	r1	r2	(1.59,-4.35)	4.63	-69.95
(0,-1)	15	27	r1	r2	(0.65,-4.59)	4.63	-81.97
(0,-1)	16	22	r1	r2	(-2.53,-3.88)	4.63	-123.08
(0,-1)	21	17	r2	r1	(4.06,-2.24)	4.63	-28.84
(0,-1)	26	4	r2	r1	(0.65,-4.59)	4.63	-81.97
(0,-1)	31	3	r2	r1	(-2.53,-3.88)	4.63	-123.08
(1,0)	27	15	r2	r1	(4.35,1.59)	4.63	20.05
(-1,0)	15	27	r1	r2	(-4.35,-1.59)	4.63	-159.95
(-1,0)	26	4	r2	r1	(-4.35,-1.59)	4.63	-159.95
(0,1)	6	20	r1	r2	(-1.59,4.35)	4.63	110.05
(0,1)	33	13	r2	r1	(-1.59,4.35)	4.63	110.05
(0,-1)	20	6	r2	r1	(1.59,-4.35)	4.63	-69.95
(1,-1)	16	29	r1	r2	(3.71,-2.82)	4.66	-37.30
(1,1)	8	21	r1	r2	(1.94,4.24)	4.66	65.38
(1,1)	9	25	r1	r2	(2.82,3.71)	4.66	52.70
(1,1)	32	11	r2	r1	(1.94,4.24)	4.66	65.38
(-1,1)	3	24	r1	r2	(-3.71,2.82)	4.66	142.70
(-1,1)	7	23	r1	r2	(-4.24,1.94)	4.66	155.38
(-1,1)	30	12	r2	r1	(-4.24,1.94)	4.66	155.38
(-1,-1)	10	28	r1	r2	(-2.82,-3.71)	4.66	-127.30
(-1,-1)	11	32	r1	r2	(-1.94,-4.24)	4.66	-114.62
(-1,-1)	21	8	r2	r1	(-1.94,-4.24)	4.66	-114.62
(-1,-1)	25	9	r2	r1	(-2.82,-3.71)	4.66	-127.30
(1,-1)	12	30	r1	r2	(4.24,-1.94)	4.66	-24.62
(1,-1)	23	7	r2	r1	(4.24,-1.94)	4.66	-24.62
(1,-1)	24	3	r2	r1	(3.71,-2.82)	4.66	-37.30
(1,1)	28	10	r2	r1	(2.82,3.71)	4.66	52.70
(-1,1)	29	16	r2	r1	(-3.71,2.82)	4.66	142.70
(1,0)	2	22	r1	r2	(3.47,3.12)	4.67	41.93
(1,0)	6	24	r1	r2	(4.29,1.82)	4.67	23.01
(1,0)	11	27	r1	r2	(4.65,0.41)	4.67	5.06
(1,0)	17	31	r1	r2	(4.53,-1.12)	4.67	-13.86
(1,0)	22	2	r2	r1	(4.53,-1.12)	4.67	-13.86
(1,0)	26	8	r2	r1	(4.65,0.41)	4.67	5.06
(1,0)	29	13	r2	r1	(4.29,1.82)	4.67	23.01
(1,0)	31	17	r2	r1	(3.47,3.12)	4.67	41.93
(-1,0)	2	22	r1	r2	(-4.53,1.12)	4.67	166.14
(-1,0)	8	26	r1	r2	(-4.65,-0.41)	4.67	-174.94
(-1,0)	13	29	r1	r2	(-4.29,-1.82)	4.67	-156.99
(-1,0)	17	31	r1	r2	(-3.47,-3.12)	4.67	-138.07
(-1,0)	22	2	r2	r1	(-3.47,-3.12)	4.67	-138.07
(-1,0)	24	6	r2	r1	(-4.29,-1.82)	4.67	-156.99
(-1,0)	27	11	r2	r1	(-4.65,-0.41)	4.67	-174.94
(-1,0)	31	17	r2	r1	(-4.53,1.12)	4.67	166.14
(0,1)	5	34	r1	r2	(1.12,4.53)	4.67	76.14
(0,1)	12	33	r1	r2	(-0.41,4.65)	4.67	95.06
(0,1)	14	19	r1	r2	(-3.12,3.47)	4.67	131.93
(0,1)	19	14	r2	r1	(1.12,4.53)	4.67	76.14
(0,1)	20	7	r2	r1	(-0.41,4.65)	4.67	95.06
(0,1)	25	4	r2	r1	(-1.82,4.29)	4.67	113.01
(0,1)	34	5	r2	r1	(-3.12,3.47)	4.67	131.93
(0,-1)	4	25	r1	r2	(1.82,-4.29)	4.67	-66.99
(0,-1)	5	34	r1	r2	(3.12,-3.47)	4.67	-48.07
(0,-1)	7	20	r1	r2	(0.41,-4.65)	4.67	-84.94
(0,-1)	14	19	r1	r2	(-1.12,-4.53)	4.67	-103.86
(0,-1)	19	14	r2	r1	(3.12,-3.47)	4.67	-48.07
(0,-1)	28	15	r2	r1	(1.82,-4.29)	4.67	-66.99
(0,-1)	33	12	r2	r1	(0.41,-4.65)	4.67	-84.94
(0,-1)	34	5	r2	r1	(-1.12,-4.53)	4.67	-103.86
(0,1)	15	28	r1	r2	(-1.82,4.29)	4.67	113.01
(1,0)	6	25	r1	r2	(3.82,2.71)	4.68	35.29
(1,0)	12	27	r1	r2	(4.65,-0.59)	4.68	-7.21
(1,0)	26	7	r2	r1	(4.65,-0.59)	4.68	-7.21
(-1,0)	7	26	r1	r2	(-4.65,0.59)	4.68	172.79
(-1,0)	13	28	r1	r2	(-3.82,-2.71)	4.68	-144.71
(-1,0)	25	6	r2	r1	(-3.82,-2.71)	4.68	-144.71
(-1,0)	27	12	r2	r1	(-4.65,0.59)	4.68	172.79
(0,1)	8	33	r1	r2	(0.59,4.65)	4.68	82.79
(0,1)	20	11	r2	r1	(0.59,4.65)	4.68	82.79
(0,-1)	4	29	r1	r2	(2.71,-3.82)	4.68	-54.71
(0,-1)	11	20	r1	r2	(-0.59,-4.65)	4.68	-97.21
(0,-1)	24	15	r2	r1	(2.71,-3.82)	4.68	-54.71
(0,-1)	33	8	r2	r1	(-0.59,-4.65)	4.68	-97.21
(1,0)	28	13	r2	r1	(3.82,2.71)	4.68	35.29
(0,1)	15	24	r1	r2	(-2.71,3.82)	4.68	125.29
(0,1)	29	4	r2	r1	(-2.71,3.82)	4.68	125.29
(1,0)	5	20	r1	r2	(4.41,-1.65)	4.71	-20.47
(1,0)	8	30	r1	r2	(4.24,2.06)	4.71	25.92
(1,0)	9	29	r1	r2	(4.71,0.18)	4.71	2.15
(1,0)	15	34	r1	r2	(3.12,3.53)	4.71	48.54
(1,0)	19	4	r2	r1	(3.12,3.53)	4.71	48.54
(1,0)	23	11	r2	r1	(4.24,2.06)	4.71	25.92
(1,0)	24	10	r2	r1	(4.71,0.18)	4.71	2.15
(1,0)	33	14	r2	r1	(4.41,-1.65)	4.71	-20.47
(-1,0)	4	19	r1	r2	(-3.12,-3.53)	4.71	-131.46
(-1,0)	10	24	r1	r2	(-4.71,-0.18)	4.71	-177.85
(-1,0)	11	23	r1	r2	(-4.24,-2.06)	4.71	-154.08
(-1,0)	14	33	r1	r2	(-4.41,1.65)	4.71	159.53
(-1,0)	20	5	r2	r1	(-4.41,1.65)	4.71	159.53
(-1,0)	29	9	r2	r1	(-4.71,-0.18)	4.71	-177.85
(-1,0)	30	8	r2	r1	(-4.24,-2.06)	4.71	-154.08
(-1,0)	34	15	r2	r1	(-3.12,-3.53)	4.71	-131.46
(0,1)	2	27	r1	r2	(1.65,4.41)	4.71	69.53
(0,1)	3	25	r1	r2	(-0.18,4.71)	4.71	92.15
(0,1)	7	21	r1	r2	(-2.06,4.24)	4.71	115.92
(0,1)	13	22	r1	r2	(-3.53,3.12)	4.71	138.54
(0,1)	26	17	r2	r1	(1.65,4.41)	4.71	69.53
(0,1)	28	16	r2	r1	(-0.18,4.71)	4.71	92.15
(0,1)	31	6	r2	r1	(-3.53,3.12)	4.71	138.54
(0,1)	32	12	r2	r1	(-2.06,4.24)	4.71	115.92
(0,-1)	6	31	r1	r2	(3.53,-3.12)	4.71	-41.46
(0,-1)	12	32	r1	r2	(2.06,-4.24)	4.71	-64.08
(0,-1)	16	28	r1	r2	(0.18,-4.71)	4.71	-87.85
(0,-1)	17	26	r1	r2	(-1.65,-4.41)	4.71	-110.47
(0,-1)	21	7	r2	r1	(2.06,-4.24)	4.71	-64.08
(0,-1)	22	13	r2	r1	(3.53,-3.12)	4.71	-41.46
(0,-1)	25	3	r2	r1	(0.18,-4.71)	4.71	-87.85
(0,-1)	27	2	r2	r1	(-1.65,-4.41)	4.71	-110.47
(1,0)	7	23	r1	r2	(4.76,-0.06)	4.77	-0.71
(1,0)	10	28	r1	r2	(4.18,2.29)	4.77	28.78
(1,0)	30	12	r2	r1	(4.76,-0.06)	4.77	-0.71
(-1,0)	9	25	r1	r2	(-4.18,-2.29)	4.77	-151.22
(-1,0)	12	30	r1	r2	(-4.76,0.06)	4.77	179.29
(-1,0)	23	7	r2	r1	(-4.76,0.06)	4.77	179.29
(-1,0)	28	10	r2	r1	(-4.18,-2.29)	4.77	-151.22
(0,1)	11	32	r1	r2	(0.06,4.76)	4.77	89.29
(0,1)	16	29	r1	r2	(-2.29,4.18)	4.77	118.78
(0,1)	21	8	r2	r1	(0.06,4.76)	4.77	89.29
(0,-1)	3	24	r1	r2	(2.29,-4.18)	4.77	-61.22
(0,-1)	8	21	r1	r2	(-0.06,-4.76)	4.77	-90.71
(0,-1)	29	16	r2	r1	(2.29,-4.18)	4.77	-61.22
(0,-1)	32	11	r2	r1	(-0.06,-4.76)	4.77	-90.71
(1,0)	25	9	r2	r1	(4.18,2.29)	4.77	28.78
(0,1)	24	3	r2	r1	(-2.29,4.18)	4.77	118.78
(-1,1)	7	32	r1	r2	(-2.94,3.76)	4.78	128.00
(-1,1)	9	24	r1	r2	(-4.71,0.82)	4.78	170.07
(1,-1)	10	29	r1	r2	(4.71,-0.82)	4.78	-9.93
(1,1)	8	23	r1	r2	(3.76,2.94)	4.78	38.00
(1,1)	16	25	r1	r2	(0.82,4.71)	4.78	80.07
(1,1)	28	3	r2	r1	(0.82,4.71)	4.78	80.07
(1,1)	30	11	r2	r1	(3.76,2.94)	4.78	38.00
(-1,1)	21	12	r2	r1	(-2.94,3.76)	4.78	128.00
(-1,1)	29	10	r2	r1	(-4.71,0.82)	4.78	170.07
(-1,-1)	3	28	r1	r2	(-0.82,-4.71)	4.78	-99.93
(-1,-1)	11	30	r1	r2	(-3.76,-2.94)	4.78	-142.00
(-1,-1)	23	8	r2	r1	(-3.76,-2.94)	4.78	-142.00
(-1,-1)	25	16	r2	r1	(-0.82,-4.71)	4.78	-99.93
(1,-1)	12	21	r1	r2	(2.94,-3.76)	4.78	-52.00
(1,-1)	24	9	r2	r1	(4.71,-0.82)	4.78	-9.93
(1,-1)	32	7	r2	r1	(2.94,-3.76)	4.78	-52.00
(1,1)	4	20	r1	r2	(3.41,3.35)	4.78	44.50
(1,1)	13	26	r1	r2	(1.35,4.59)	4.78	73.57
(1,1)	27	6	r2	r1	(1.35,4.59)	4.78	73.57
(1,1)	33	15	r2	r1	(3.41,3.35)	4.78	44.50
(-1,1)	4	20	r1	r2	(-4.59,1.35)	4.78	163.57
(-1,1)	6	27	r1	r2	(-3.35,3.41)	4.78	134.50
(-1,1)	26	13	r2	r1	(-3.35,3.41)	4.78	134.50
(-1,1)	33	15	r2	r1	(-4.59,1.35)	4.78	163.57
(-1,-1)	6	27	r1	r2	(-1.35,-4.59)	4.78	-106.43
(-1,-1)	15	33	r1	r2	(-3.41,-3.35)	4.78	-135.50
(-1,-1)	20	4	r2	r1	(-3.41,-3.35)	4.78	-135.50
(-1,-1)	26	13	r2	r1	(-1.35,-4.59)	4.78	-106.43
(1,-1)	13	26	r1	r2	(3.35,-3.41)	4.78	-45.50
(1,-1)	15	33	r1	r2	(4.59,-1.35)	4.78	-16.43
(1,-1)	20	4	r2	r1	(4.59,-1.35)	4.78	-16.43
(1,-1)	27	6	r2	r1	(3.35,-3.41)	4.78	-45.50
(1,1)	5	22	r1	r2	(2.47,4.12)	4.80	59.04
(1,1)	31	14	r2	r1	(2.47,4.12)	4.80	59.04
(-1,1)	2	19	r1	r2	(-4.12,2.47)	4.80	149.04
(-1,1)	34	17	r2	r1	(-4.12,2.47)	4.80	149.04
(-1,-1)	14	31	r1	r2	(-2.47,-4.12)	4.80	-120.96
(-1,-1)	22	5	r2	r1	(-2.47,-4.12)	4.80	-120.96
(1,-1)	17	34	r1	r2	(4.12,-2.47)	4.80	-30.96
(1,-1)	19	2	r2	r1	(4.12,-2.47)	4.80	-30.96
(1,1)	16	28	r1	r2	(2.18,4.29)	4.81	63.12
(1,1)	25	3	r2	r1	(2.18,4.29)	4.81	63.12
(-1,1)	9	29	r1	r2	(-4.29,2.18)	4.81	153.12
(-1,1)	12	32	r1	r2	(-3.94,2.76)	4.81	144.95
(-1,1)	24	10	r2	r1	(-4.29,2.18)	4.81	153.12
(-1,-1)	3	25	r1	r2	(-2.18,-4.29)	4.81	-116.88
(-1,-1)	28	16	r2	r1	(-2.18,-4.29)	4.81	-116.88
(1,-1)	10	24	r1	r2	(4.29,-2.18)	4.81	-26.88
(1,-1)	29	9	r2	r1	(4.29,-2.18)	4.81	-26.88
(1,1)	11	23	r1	r2	(2.76,3.94)	4.81	54.95
(1,1)	30	8	r2	r1	(2.76,3.94)	4.81	54.95
(-1,1)	21	7	r2	r1	(-3.94,2.76)	4.81	144.95
(-1,-1)	8	30	r1	r2	(-2.76,-3.94)	4.81	-125.05
(-1,-1)	23	11	r2	r1	(-2.76,-3.94)	4.81	-125.05
(1,-1)	7	21	r1	r2	(3.94,-2.76)	4.81	-35.05
(1,-1)	32	12	r2	r1	(3.94,-2.76)	4.81	-35.05
(1,0)	5	25	r1	r2	(4.82,-0.29)	4.83	-3.49
(1,0)	12	34	r1	r2	(4.12,2.53)	4.83	31.56
(1,0)	19	7	r2	r1	(4.12,2.53)	4.83	31.56
(-1,0)	7	19	r1	r2	(-4.12,-2.53)	4.83	-148.44
(-1,0)	14	28	r1	r2	(-4.82,0.29)	4.83	176.51
(-1,0)	25	5	r2	r1	(-4.82,0.29)	4.83	176.51
(-1,0)	34	12	r2	r1	(-4.12,-2.53)	4.83	-148.44
(0,1)	8	22	r1	r2	(-2.53,4.12)	4.83	121.56
(0,1)	31	11	r2	r1	(-2.53,4.12)	4.83	121.56
(0,-1)	11	31	r1	r2	(2.53,-4.12)	4.83	-58.44
(0,-1)	17	29	r1	r2	(-0.29,-4.82)	4.83	-93.49
(0,-1)	22	8	r2	r1	(2.53,-4.12)	4.83	-58.44
(0,-1)	24	2	r2	r1	(-0.29,-4.82)	4.83	-93.49
(1,0)	28	14	r2	r1	(4.82,-0.29)	4.83	-3.49
(0,1)	2	24	r1	r2	(0.29,4.82)	4.83	86.51
(0,1)	29	17	r2	r1	(0.29,4.82)	4.83	86.51
(1,0)	8	29	r1	r2	(4.71,1.18)	4.85	14.04
(1,0)	24	11	r2	r1	(4.71,1.18)	4.85	14.04
(-1,0)	11	24	r1	r2	(-4.71,-1.18)	4.85	-165.96
(-1,0)	29	8	r2	r1	(-4.71,-1.18)	4.85	-165.96
(0,1)	7	25	r1	r2	(-1.18,4.71)	4.85	104.04
(0,1)	28	12	r2	r1	(-1.18,4.71)	4.85	104.04
(0,-1)	12	28	r1	r2	(1.18,-4.71)	4.85	-75.96
(0,-1)	25	7	r2	r1	(1.18,-4.71)	4.85	-75.96
(1,1)	10	19	r1	r2	(1.88,4.47)	4.85	67.17
(1,1)	17	32	r1	r2	(3.06,3.76)	4.85	50.91
(1,1)	21	2	r2	r1	(3.06,3.76)	4.85	50.91
(1,1)	34	9	r2	r1	(1.88,4.47)	4.85	67.17
(-1,1)	5	30	r1	r2	(-3.76,3.06)	4.85	140.91
(-1,1)	16	31	r1	r2	(-4.47,1.88)	4.85	157.17
(-1,1)	22	3	r2	r1	(-4.47,1.88)	4.85	157.17
(-1,1)	23	14	r2	r1	(-3.76,3.06)	4.85	140.91
(-1,-1)	2	21	r1	r2	(-3.06,-3.76)	4.85	-129.09
(-1,-1)	9	34	r1	r2	(-1.88,-4.47)	4.85	-112.83
(-1,-1)	19	10	r2	r1	(-1.88,-4.47)	4.85	-112.83
(-1,-1)	32	17	r2	r1	(-3.06,-3.76)	4.85	-129.09
(1,-1)	3	22	r1	r2	(4.47,-1.88)	4.85	-22.83
(1,-1)	14	23	r1	r2	(3.76,-3.06)	4.85	-39.09
(1,-1)	30	5	r2	r1	(3.76,-3.06)	4.85	-39.09
(1,-1)	31	16	r2	r1	(4.47,-1.88)	4.85	-22.83
(1,0)	10	27	r1	r2	(4.65,1.41)	4.86	16.90
(-1,0)	27	10	r2	r1	(-4.65,-1.41)	4.86	-163.10
(0,1)	16	33	r1	r2	(-1.41,4.65)	4.86	106.90
(0,1)	20	3	r2	r1	(-1.41,4.65)	4.86	106.90
(0,-1)	3	20	r1	r2	(1.41,-4.65)	4.86	-73.10
(1,0)	6	23	r1	r2	(4.76,0.94)	4.86	11.17
(1,0)	26	9	r2	r1	(4.65,1.41)	4.86	16.90
(1,0)	30	13	r2	r1	(4.76,0.94)	4.86	11.17
(-1,0)	9	26	r1	r2	(-4.65,-1.41)	4.86	-163.10
(-1,0)	13	30	r1	r2	(-4.76,-0.94)	4.86	-168.83
(-1,0)	23	6	r2	r1	(-4.76,-0.94)	4.86	-168.83
(0,1)	15	32	r1	r2	(-0.94,4.76)	4.86	101.17
(0,1)	21	4	r2	r1	(-0.94,4.76)	4.86	101.17
(0,-1)	4	21	r1	r2	(0.94,-4.76)	4.86	-78.83
(0,-1)	32	15	r2	r1	(0.94,-4.76)	4.86	-78.83
(0,-1)	33	16	r2	r1	(1.41,-4.65)	4.86	-73.10
(1,0)	4	25	r1	r2	(4.82,0.71)	4.87	8.33
(1,0)	12	33	r1	r2	(4.59,1.65)	4.87	19.75
(1,0)	20	7	r2	r1	(4.59,1.65)	4.87	19.75
(-1,0)	7	20	r1	r2	(-4.59,-1.65)	4.87	-160.25
(-1,0)	15	28	r1	r2	(-4.82,-0.71)	4.87	-171.67
(-1,0)	25	4	r2	r1	(-4.82,-0.71)	4.87	-171.67
(-1,0)	33	12	r2	r1	(-4.59,-1.65)	4.87	-160.25
(0,1)	8	26	r1	r2	(-1.65,4.59)	4.87	109.75
(0,1)	27	11	r2	r1	(-1.65,4.59)	4.87	109.75
(0,-1)	11	27	r1	r2	(1.65,-4.59)	4.87	-70.25
(0,-1)	13	29	r1	r2	(0.71,-4.82)	4.87	-81.67
(0,-1)	24	6	r2	r1	(0.71,-4.82)	4.87	-81.67
(0,-1)	26	8	r2	r1	(1.65,-4.59)	4.87	-70.25
(1,0)	28	15	r2	r1	(4.82,0.71)	4.87	8.33
(0,1)	6	24	r1	r2	(-0.71,4.82)	4.87	98.33
(0,1)	29	13	r2	r1	(-0.71,4.82)	4.87	98.33
(1,0)	8	23	r1	r2	(4.76,-1.06)	4.88	-12.53
(1,0)	30	11	r2	r1	(4.76,-1.06)	4.88	-12.53
(-1,0)	11	30	r1	r2	(-4.76,1.06)	4.88	167.47
(-1,0)	23	8	r2	r1	(-4.76,1.06)	4.88	167.47
(-1,0)	29	10	r2	r1	(-3.71,-3.18)	4.88	-139.40
(0,1)	7	32	r1	r2	(1.06,4.76)	4.88	77.47
(0,1)	16	25	r1	r2	(-3.18,3.71)	4.88	130.60
(0,1)	21	12	r2	r1	(1.06,4.76)	4.88	77.47
(0,1)	28	3	r2	r1	(-3.18,3.71)	4.88	130.60
(0,-1)	3	28	r1	r2	(3.18,-3.71)	4.88	-49.40
(0,-1)	12	21	r1	r2	(-1.06,-4.76)	4.88	-102.53
(0,-1)	32	7	r2	r1	(-1.06,-4.76)	4.88	-102.53
(1,0)	10	29	r1	r2	(3.71,3.18)	4.88	40.60
(1,0)	24	9	r2	r1	(3.71,3.18)	4.88	40.60
(-1,0)	9	24	r1	r2	(-3.71,-3.18)	4.88	-139.40
(0,-1)	25	16	r2	r1	(3.18,-3.71)	4.88	-49.40
(1,0)	2	19	r1	r2	(4.88,0.47)	4.90	5.51
(1,0)	14	31	r1	r2	(4.53,1.88)	4.90	22.57
(1,0)	22	5	r2	r1	(4.53,1.88)	4.90	22.57
(-1,0)	5	22	r1	r2	(-4.53,-1.88)	4.90	-157.43
(-1,0)	31	14	r2	r1	(-4.53,-1.88)	4.90	-157.43
(0,1)	14	31	r1	r2	(-0.47,4.88)	4.90	95.51
(0,1)	17	34	r1	r2	(-1.88,4.53)	4.90	112.57
(0,1)	19	2	r2	r1	(-1.88,4.53)	4.90	112.57
(0,-1)	2	19	r1	r2	(1.88,-4.53)	4.90	-67.43
(0,-1)	34	17	r2	r1	(1.88,-4.53)	4.90	-67.43
(1,0)	34	17	r2	r1	(4.88,0.47)	4.90	5.51
(-1,0)	17	34	r1	r2	(-4.88,-0.47)	4.90	-174.49
(-1,0)	19	2	r2	r1	(-4.88,-0.47)	4.90	-174.49
(0,1)	22	5	r2	r1	(-0.47,4.88)	4.90	95.51
(0,-1)	5	22	r1	r2	(0.47,-4.88)	4.90	-84.49
(0,-1)	31	14	r2	r1	(0.47,-4.88)	4.90	-84.49
(1,0)	6	26	r1	r2	(3.35,3.59)	4.91	46.94
(1,0)	3	19	r1	r2	(4.88,-0.53)	4.91	-6.19
(1,0)	13	27	r1	r2	(4.65,-1.59)	4.91	-18.87
(1,0)	14	32	r1	r2	(4.06,2.76)	4.91	34.26
(1,0)	21	5	r2	r1	(4.06,2.76)	4.91	34.26
(1,0)	26	6	r2	r1	(4.65,-1.59)	4.91	-18.87
(1,0)	27	13	r2	r1	(3.35,3.59)	4.91	46.94
(-1,0)	5	21	r1	r2	(-4.06,-2.76)	4.91	-145.74
(-1,0)	6	26	r1	r2	(-4.65,1.59)	4.91	161.13
(-1,0)	13	27	r1	r2	(-3.35,-3.59)	4.91	-133.06
(-1,0)	26	6	r2	r1	(-3.35,-3.59)	4.91	-133.06
(-1,0)	27	13	r2	r1	(-4.65,1.59)	4.91	161.13
(-1,0)	32	14	r2	r1	(-4.06,-2.76)	4.91	-145.74
(0,1)	4	33	r1	r2	(1.59,4.65)	4.91	71.13
(0,1)	10	31	r1	r2	(0.53,4.88)	4.91	83.81
(0,1)	17	30	r1	r2	(-2.76,4.06)	4.91	124.26
(0,1)	20	15	r2	r1	(1.59,4.65)	4.91	71.13
(0,1)	23	2	r2	r1	(-2.76,4.06)	4.91	124.26
(0,1)	33	4	r2	r1	(-3.59,3.35)	4.91	136.94
(0,-1)	2	23	r1	r2	(2.76,-4.06)	4.91	-55.74
(0,-1)	4	33	r1	r2	(3.59,-3.35)	4.91	-43.06
(0,-1)	15	20	r1	r2	(-1.59,-4.65)	4.91	-108.87
(0,-1)	20	15	r2	r1	(3.59,-3.35)	4.91	-43.06
(0,-1)	30	17	r2	r1	(2.76,-4.06)	4.91	-55.74
(0,-1)	33	4	r2	r1	(-1.59,-4.65)	4.91	-108.87
(1,0)	34	16	r2	r1	(4.88,-0.53)	4.91	-6.19
(-1,0)	16	34	r1	r2	(-4.88,0.53)	4.91	173.81
(-1,0)	19	3	r2	r1	(-4.88,0.53)	4.91	173.81
(0,1)	15	20	r1	r2	(-3.59,3.35)	4.91	136.94
(0,1)	22	9	r2	r1	(0.53,4.88)	4.91	83.81
(0,-1)	9	22	r1	r2	(-0.53,-4.88)	4.91	-96.19
(0,-1)	31	10	r2	r1	(-0.53,-4.88)	4.91	-96.19
(1,1)	7	20	r1	r2	(2.41,4.35)	4.98	61.01
(1,1)	13	29	r1	r2	(2.71,4.18)	4.98	57.06
(-1,1)	4	25	r1	r2	(-4.18,2.71)	4.98	147.06
(-1,1)	28	15	r2	r1	(-4.18,2.71)	4.98	147.06
(-1,-1)	6	24	r1	r2	(-2.71,-4.18)	4.98	-122.94
(-1,-1)	29	13	r2	r1	(-2.71,-4.18)	4.98	-122.94
(1,-1)	8	26	r1	r2	(4.35,-2.41)	4.98	-28.99
(1,-1)	15	28	r1	r2	(4.18,-2.71)	4.98	-32.94
(1,1)	24	6	r2	r1	(2.71,4.18)	4.98	57.06
(-1,-1)	12	33	r1	r2	(-2.41,-4.35)	4.98	-118.99
(-1,-1)	20	7	r2	r1	(-2.41,-4.35)	4.98	-118.99
(1,-1)	25	4	r2	r1	(4.18,-2.71)	4.98	-32.94
(1,-1)	27	11	r2	r1	(4.35,-2.41)	4.98	-28.99
(1,1)	33	12	r2	r1	(2.41,4.35)	4.98	61.01
(-1,1)	11	27	r1	r2	(-4.35,2.41)	4.98	151.01
(-1,1)	26	8	r2	r1	(-4.35,2.41)	4.98	151.01
(1,1)	12	27	r1	r2	(3.65,3.41)	4.99	43.09
(1,1)	15	24	r1	r2	(1.29,4.82)	4.99	74.98
(1,1)	26	7	r2	r1	(3.65,3.41)	4.99	43.09
(-1,1)	8	33	r1	r2	(-3.41,3.65)	4.99	133.09
(-1,1)	13	28	r1	r2	(-4.82,1.29)	4.99	164.98
(-1,1)	20	11	r2	r1	(-3.41,3.65)	4.99	133.09
(-1,1)	25	6	r2	r1	(-4.82,1.29)	4.99	164.98
(-1,-1)	4	29	r1	r2	(-1.29,-4.82)	4.99	-105.02
(-1,-1)	7	26	r1	r2	(-3.65,-3.41)	4.99	-136.91
(-1,-1)	24	15	r2	r1	(-1.29,-4.82)	4.99	-105.02
(-1,-1)	27	12	r2	r1	(-3.65,-3.41)	4.99	-136.91
(1,-1)	6	25	r1	r2	(4.82,-1.29)	4.99	-15.02
(1,-1)	11	20	r1	r2	(3.41,-3.65)	4.99	-46.91
(1,-1)	33	8	r2	r1	(3.41,-3.65)	4.99	-46.91
(1,1)	29	4	r2	r1	(1.29,4.82)	4.99	74.98
(1,-1)	28	13	r2	r1	(4.82,-1.29)	4.99	-15.02
(1,0)	20	25	r2	r2	(4.41,2.35)	5.00	28.07
(1,0)	21	19	r2	r2	(4.94,-0.76)	5.00	-8.80
(1,0)	21	26	r2	r2	(4.41,2.35)	5.00	28.07
(1,0)	23	28	r2	r2	(4.41,2.35)	5.00	28.07
(1,0)	29	27	r2	r2	(4.94,-0.76)	5.00	-8.80
(1,0)	29	34	r2	r2	(4.41,2.35)	5.00	28.07
(1,0)	30	28	r2	r2	(4.94,-0.76)	5.00	-8.80
(-1,0)	25	20	r2	r2	(-4.41,-2.35)	5.00	-151.93
(-1,0)	33	28	r2	r2	(-4.41,-2.35)	5.00	-151.93
(0,1)	21	29	r2	r2	(0.76,4.94)	5.00	81.20
(0,1)	23	31	r2	r2	(0.76,4.94)	5.00	81.20
(0,1)	25	22	r2	r2	(-2.35,4.41)	5.00	118.07
(0,1)	25	33	r2	r2	(0.76,4.94)	5.00	81.20
(0,1)	32	29	r2	r2	(-2.35,4.41)	5.00	118.07
(0,-1)	24	27	r2	r2	(2.35,-4.41)	5.00	-61.93
(0,-1)	26	29	r2	r2	(2.35,-4.41)	5.00	-61.93
(0,-1)	30	33	r2	r2	(2.35,-4.41)	5.00	-61.93
(-1,1)	21	33	r2	r2	(-2.35,4.41)	5.00	118.07
(-1,1)	25	19	r2	r2	(-4.94,0.76)	5.00	171.20
(1,-1)	20	26	r2	r2	(4.94,-0.76)	5.00	-8.80
(1,-1)	23	29	r2	r2	(4.94,-0.76)	5.00	-8.80
(0,0)	1	17	r1	r1	(3.00,4.00)	5.00	53.13
(0,0)	1	34	r1	r2	(2.12,4.53)	5.00	64.94
(0,0)	17	1	r1	r1	(-3.00,-4.00)	5.00	-126.87
(0,0)	17	18	r1	r2	(-3.00,-4.00)	5.00	-126.87
(0,0)	18	17	r2	r1	(3.00,4.00)	5.00	53.13
(0,0)	18	34	r2	r2	(2.12,4.53)	5.00	64.94
(0,0)	34	1	r2	r1	(-2.12,-4.53)	5.00	-115.06
(0,0)	34	18	r2	r2	(-2.12,-4.53)	5.00	-115.06
(1,0)	1	3	r1	r1	(4.00,3.00)	5.00	36.87
(1,0)	1	20	r1	r2	(4.41,2.35)	5.00	28.07
(1,0)	2	4	r1	r1	(4.00,3.00)	5.00	36.87
(1,0)	3	5	r1	r1	(4.00,3.00)	5.00	36.87
(1,0)	3	6	r1	r1	(5.00,0.00)	5.00	0.00
(1,0)	4	7	r1	r1	(5.00,0.00)	5.00	0.00
(1,0)	5	1	r1	r1	(4.00,-3.00)	5.00	-36.87
(1,0)	5	8	r1	r1	(5.00,0.00)	5.00	0.00
(1,0)	5	18	r1	r2	(4.00,-3.00)	5.00	-36.87
(1,0)	6	5	r1	r1	(3.00,4.00)	5.00	53.13
(1,0)	6	8	r1	r1	(4.00,3.00)	5.00	36.87
(1,0)	7	9	r1	r1	(4.00,3.00)	5.00	36.87
(1,0)	7	10	r1	r1	(5.00,0.00)	5.00	0.00
(1,0)	8	11	r1	r1	(5.00,0.00)	5.00	0.00
(1,0)	9	12	r1	r1	(5.00,0.00)	5.00	0.00
(1,0)	10	9	r1	r1	(3.00,4.00)	5.00	53.13
(1,0)	10	12	r1	r1	(4.00,3.00)	5.00	36.87
(1,0)	11	13	r1	r1	(4.00,3.00)	5.00	36.87
(1,0)	11	14	r1	r1	(5.00,0.00)	5.00	0.00
(1,0)	12	15	r1	r1	(5.00,0.00)	5.00	0.00
(1,0)	13	16	r1	r1	(5.00,0.00)	5.00	0.00
(1,0)	14	13	r1	r1	(3.00,4.00)	5.00	53.13
(1,0)	14	16	r1	r1	(4.00,3.00)	5.00	36.87
(1,0)	15	17	r1	r1	(4.00,3.00)	5.00	36.87
(1,0)	18	3	r2	r1	(4.00,3.00)	5.00	36.87
(1,0)	18	20	r2	r2	(4.41,2.35)	5.00	28.07
(1,0)	19	24	r2	r2	(4.41,2.35)	5.00	28.07
(1,0)	22	1	r2	r1	(4.53,-2.12)	5.00	-25.06
(1,0)	22	18	r2	r2	(4.53,-2.12)	5.00	-25.06
(1,0)	22	20	r2	r2	(4.94,-0.76)	5.00	-8.80
(1,0)	25	23	r2	r2	(4.94,-0.76)	5.00	-8.80
(1,0)	25	30	r2	r2	(4.41,2.35)	5.00	28.07
(1,0)	26	19	r2	r2	(4.53,-2.12)	5.00	-25.06
(1,0)	26	24	r2	r2	(4.94,-0.76)	5.00	-8.80
(1,0)	27	32	r2	r2	(4.41,2.35)	5.00	28.07
(1,0)	28	33	r2	r2	(4.41,2.35)	5.00	28.07
(1,0)	30	23	r2	r2	(4.53,-2.12)	5.00	-25.06
(1,0)	33	31	r2	r2	(4.94,-0.76)	5.00	-8.80
(1,0)	34	27	r2	r2	(4.53,-2.12)	5.00	-25.06
(1,0)	34	32	r2	r2	(4.94,-0.76)	5.00	-8.80
(-1,0)	1	5	r1	r1	(-4.00,3.00)	5.00	143.13
(-1,0)	1	22	r1	r2	(-4.53,2.12)	5.00	154.94
(-1,0)	3	1	r1	r1	(-4.00,-3.00)	5.00	-143.13
(-1,0)	3	18	r1	r2	(-4.00,-3.00)	5.00	-143.13
(-1,0)	4	2	r1	r1	(-4.00,-3.00)	5.00	-143.13
(-1,0)	5	3	r1	r1	(-4.00,-3.00)	5.00	-143.13
(-1,0)	5	6	r1	r1	(-3.00,-4.00)	5.00	-126.87
(-1,0)	6	3	r1	r1	(-5.00,0.00)	5.00	180.00
(-1,0)	7	4	r1	r1	(-5.00,0.00)	5.00	180.00
(-1,0)	8	5	r1	r1	(-5.00,0.00)	5.00	180.00
(-1,0)	8	6	r1	r1	(-4.00,-3.00)	5.00	-143.13
(-1,0)	9	7	r1	r1	(-4.00,-3.00)	5.00	-143.13
(-1,0)	9	10	r1	r1	(-3.00,-4.00)	5.00	-126.87
(-1,0)	10	7	r1	r1	(-5.00,0.00)	5.00	180.00
(-1,0)	11	8	r1	r1	(-5.00,0.00)	5.00	180.00
(-1,0)	12	9	r1	r1	(-5.00,0.00)	5.00	180.00
(-1,0)	12	10	r1	r1	(-4.00,-3.00)	5.00	-143.13
(-1,0)	13	11	r1	r1	(-4.00,-3.00)	5.00	-143.13
(-1,0)	13	14	r1	r1	(-3.00,-4.00)	5.00	-126.87
(-1,0)	14	11	r1	r1	(-5.00,0.00)	5.00	180.00
(-1,0)	15	12	r1	r1	(-5.00,0.00)	5.00	180.00
(-1,0)	16	13	r1	r1	(-5.00,0.00)	5.00	180.00
(-1,0)	16	14	r1	r1	(-4.00,-3.00)	5.00	-143.13
(-1,0)	17	15	r1	r1	(-4.00,-3.00)	5.00	-143.13
(-1,0)	18	5	r2	r1	(-4.00,3.00)	5.00	143.13
(-1,0)	18	22	r2	r2	(-4.53,2.12)	5.00	154.94
(-1,0)	19	21	r2	r2	(-4.94,0.76)	5.00	171.20
(-1,0)	19	26	r2	r2	(-4.53,2.12)	5.00	154.94
(-1,0)	20	1	r2	r1	(-4.41,-2.35)	5.00	-151.93
(-1,0)	20	18	r2	r2	(-4.41,-2.35)	5.00	-151.93
(-1,0)	20	22	r2	r2	(-4.94,0.76)	5.00	171.20
(-1,0)	23	25	r2	r2	(-4.94,0.76)	5.00	171.20
(-1,0)	23	30	r2	r2	(-4.53,2.12)	5.00	154.94
(-1,0)	24	19	r2	r2	(-4.41,-2.35)	5.00	-151.93
(-1,0)	24	26	r2	r2	(-4.94,0.76)	5.00	171.20
(-1,0)	26	21	r2	r2	(-4.41,-2.35)	5.00	-151.93
(-1,0)	27	29	r2	r2	(-4.94,0.76)	5.00	171.20
(-1,0)	27	34	r2	r2	(-4.53,2.12)	5.00	154.94
(-1,0)	28	23	r2	r2	(-4.41,-2.35)	5.00	-151.93
(-1,0)	28	30	r2	r2	(-4.94,0.76)	5.00	171.20
(-1,0)	29	24	r2	r2	(-4.41,-2.35)	5.00	-151.93
(-1,0)	30	25	r2	r2	(-4.41,-2.35)	5.00	-151.93
(-1,0)	31	33	r2	r2	(-4.94,0.76)	5.00	171.20
(-1,0)	32	27	r2	r2	(-4.41,-2.35)	5.00	-151.93
(-1,0)	32	34	r2	r2	(-4.94,0.76)	5.00	171.20
(-1,0)	34	29	r2	r2	(-4.41,-2.35)	5.00	-151.93
(0,1)	1	6	r1	r1	(0.00,5.00)	5.00	90.00
(0,1)	1	23	r1	r2	(0.76,4.94)	5.00	81.20
(0,1)	2	7	r1	r1	(0.00,5.00)	5.00	90.00
(0,1)	3	8	r1	r1	(0.00,5.00)	5.00	90.00
(0,1)	4	9	r1	r1	(0.00,5.00)	5.00	90.00
(0,1)	6	11	r1	r1	(0.00,5.00)	5.00	90.00
(0,1)	7	12	r1	r1	(0.00,5.00)	5.00	90.00
(0,1)	8	13	r1	r1	(0.00,5.00)	5.00	90.00
(0,1)	10	2	r1	r1	(-3.00,4.00)	5.00	126.87
(0,1)	10	15	r1	r1	(0.00,5.00)	5.00	90.00
(0,1)	11	3	r1	r1	(-3.00,4.00)	5.00	126.87
(0,1)	11	16	r1	r1	(0.00,5.00)	5.00	90.00
(0,1)	12	4	r1	r1	(-3.00,4.00)	5.00	126.87
(0,1)	12	17	r1	r1	(0.00,5.00)	5.00	90.00
(0,1)	13	5	r1	r1	(-3.00,4.00)	5.00	126.87
(0,1)	14	1	r1	r1	(-4.00,3.00)	5.00	143.13
(0,1)	14	6	r1	r1	(-3.00,4.00)	5.00	126.87
(0,1)	14	18	r1	r2	(-4.00,3.00)	5.00	143.13
(0,1)	15	2	r1	r1	(-4.00,3.00)	5.00	143.13
(0,1)	15	7	r1	r1	(-3.00,4.00)	5.00	126.87
(0,1)	16	3	r1	r1	(-4.00,3.00)	5.00	143.13
(0,1)	16	8	r1	r1	(-3.00,4.00)	5.00	126.87
(0,1)	17	4	r1	r1	(-4.00,3.00)	5.00	143.13
(0,1)	17	9	r1	r1	(-3.00,4.00)	5.00	126.87
(0,1)	18	6	r2	r1	(0.00,5.00)	5.00	90.00
(0,1)	18	23	r2	r2	(0.76,4.94)	5.00	81.20
(0,1)	19	27	r2	r2	(0.76,4.94)	5.00	81.20
(0,1)	20	28	r2	r2	(0.76,4.94)	5.00	81.20
(0,1)	20	31	r2	r2	(2.12,4.53)	5.00	64.94
(0,1)	21	32	r2	r2	(2.12,4.53)	5.00	64.94
(0,1)	22	30	r2	r2	(0.76,4.94)	5.00	81.20
(0,1)	22	33	r2	r2	(2.12,4.53)	5.00	64.94
(0,1)	23	20	r2	r2	(-2.35,4.41)	5.00	118.07
(0,1)	24	21	r2	r2	(-2.35,4.41)	5.00	118.07
(0,1)	24	32	r2	r2	(0.76,4.94)	5.00	81.20
(0,1)	26	34	r2	r2	(0.76,4.94)	5.00	81.20
(0,1)	27	24	r2	r2	(-2.35,4.41)	5.00	118.07
(0,1)	28	25	r2	r2	(-2.35,4.41)	5.00	118.07
(0,1)	29	26	r2	r2	(-2.35,4.41)	5.00	118.07
(0,1)	31	1	r2	r1	(-4.53,2.12)	5.00	154.94
(0,1)	31	18	r2	r2	(-4.53,2.12)	5.00	154.94
(0,1)	31	28	r2	r2	(-2.35,4.41)	5.00	118.07
(0,1)	33	30	r2	r2	(-2.35,4.41)	5.00	118.07
(0,-1)	1	14	r1	r1	(4.00,-3.00)	5.00	-36.87
(0,-1)	1	31	r1	r2	(4.53,-2.12)	5.00	-25.06
(0,-1)	2	10	r1	r1	(3.00,-4.00)	5.00	-53.13
(0,-1)	2	15	r1	r1	(4.00,-3.00)	5.00	-36.87
(0,-1)	3	11	r1	r1	(3.00,-4.00)	5.00	-53.13
(0,-1)	3	16	r1	r1	(4.00,-3.00)	5.00	-36.87
(0,-1)	4	12	r1	r1	(3.00,-4.00)	5.00	-53.13
(0,-1)	4	17	r1	r1	(4.00,-3.00)	5.00	-36.87
(0,-1)	5	13	r1	r1	(3.00,-4.00)	5.00	-53.13
(0,-1)	6	1	r1	r1	(0.00,-5.00)	5.00	-90.00
(0,-1)	6	14	r1	r1	(3.00,-4.00)	5.00	-53.13
(0,-1)	6	18	r1	r2	(0.00,-5.00)	5.00	-90.00
(0,-1)	7	2	r1	r1	(0.00,-5.00)	5.00	-90.00
(0,-1)	7	15	r1	r1	(3.00,-4.00)	5.00	-53.13
(0,-1)	8	3	r1	r1	(0.00,-5.00)	5.00	-90.00
(0,-1)	8	16	r1	r1	(3.00,-4.00)	5.00	-53.13
(0,-1)	9	4	r1	r1	(0.00,-5.00)	5.00	-90.00
(0,-1)	9	17	r1	r1	(3.00,-4.00)	5.00	-53.13
(0,-1)	11	6	r1	r1	(0.00,-5.00)	5.00	-90.00
(0,-1)	12	7	r1	r1	(0.00,-5.00)	5.00	-90.00
(0,-1)	13	8	r1	r1	(0.00,-5.00)	5.00	-90.00
(0,-1)	15	10	r1	r1	(0.00,-5.00)	5.00	-90.00
(0,-1)	16	11	r1	r1	(0.00,-5.00)	5.00	-90.00
(0,-1)	17	12	r1	r1	(0.00,-5.00)	5.00	-90.00
(0,-1)	18	14	r2	r1	(4.00,-3.00)	5.00	-36.87
(0,-1)	18	31	r2	r2	(4.53,-2.12)	5.00	-25.06
(0,-1)	20	23	r2	r2	(2.35,-4.41)	5.00	-61.93
(0,-1)	21	24	r2	r2	(2.35,-4.41)	5.00	-61.93
(0,-1)	22	25	r2	r2	(2.35,-4.41)	5.00	-61.93
(0,-1)	23	1	r2	r1	(-0.76,-4.94)	5.00	-98.80
(0,-1)	23	18	r2	r2	(-0.76,-4.94)	5.00	-98.80
(0,-1)	25	28	r2	r2	(2.35,-4.41)	5.00	-61.93
(0,-1)	27	19	r2	r2	(-0.76,-4.94)	5.00	-98.80
(0,-1)	28	20	r2	r2	(-0.76,-4.94)	5.00	-98.80
(0,-1)	28	31	r2	r2	(2.35,-4.41)	5.00	-61.93
(0,-1)	29	21	r2	r2	(-0.76,-4.94)	5.00	-98.80
(0,-1)	29	32	r2	r2	(2.35,-4.41)	5.00	-61.93
(0,-1)	30	22	r2	r2	(-0.76,-4.94)	5.00	-98.80
(0,-1)	31	20	r2	r2	(-2.12,-4.53)	5.00	-115.06
(0,-1)	31	23	r2	r2	(-0.76,-4.94)	5.00	-98.80
(0,-1)	32	21	r2	r2	(-2.12,-4.53)	5.00	-115.06
(0,-1)	32	24	r2	r2	(-0.76,-4.94)	5.00	-98.80
(0,-1)	33	22	r2	r2	(-2.12,-4.53)	5.00	-115.06
(0,-1)	33	25	r2	r2	(-0.76,-4.94)	5.00	-98.80
(0,-1)	34	26	r2	r2	(-0.76,-4.94)	5.00	-98.80
(1,1)	2	1	r1	r1	(3.00,4.00)	5.00	53.13
(1,1)	2	18	r1	r2	(3.00,4.00)	5.00	53.13
(1,1)	3	2	r1	r1	(3.00,4.00)	5.00	53.13
(1,1)	4	3	r1	r1	(3.00,4.00)	5.00	53.13
(1,1)	4	6	r1	r1	(4.00,3.00)	5.00	36.87
(1,1)	5	4	r1	r1	(3.00,4.00)	5.00	53.13
(1,1)	5	7	r1	r1	(4.00,3.00)	5.00	36.87
(1,1)	7	6	r1	r1	(3.00,4.00)	5.00	53.13
(1,1)	8	7	r1	r1	(3.00,4.00)	5.00	53.13
(1,1)	8	10	r1	r1	(4.00,3.00)	5.00	36.87
(1,1)	9	8	r1	r1	(3.00,4.00)	5.00	53.13
(1,1)	9	11	r1	r1	(4.00,3.00)	5.00	36.87
(1,1)	11	10	r1	r1	(3.00,4.00)	5.00	53.13
(1,1)	12	11	r1	r1	(3.00,4.00)	5.00	53.13
(1,1)	12	14	r1	r1	(4.00,3.00)	5.00	36.87
(1,1)	13	12	r1	r1	(3.00,4.00)	5.00	53.13
(1,1)	13	15	r1	r1	(4.00,3.00)	5.00	36.87
(1,1)	14	2	r1	r1	(0.00,5.00)	5.00	90.00
(1,1)	15	3	r1	r1	(0.00,5.00)	5.00	90.00
(1,1)	15	14	r1	r1	(3.00,4.00)	5.00	53.13
(1,1)	16	4	r1	r1	(0.00,5.00)	5.00	90.00
(1,1)	16	15	r1	r1	(3.00,4.00)	5.00	53.13
(1,1)	17	5	r1	r1	(0.00,5.00)	5.00	90.00
(1,1)	17	16	r1	r1	(3.00,4.00)	5.00	53.13
(1,1)	19	1	r2	r1	(2.12,4.53)	5.00	64.94
(1,1)	19	18	r2	r2	(2.12,4.53)	5.00	64.94
(1,1)	22	19	r2	r2	(4.41,2.35)	5.00	28.07
(1,1)	23	19	r2	r2	(2.12,4.53)	5.00	64.94
(1,1)	24	20	r2	r2	(2.12,4.53)	5.00	64.94
(1,1)	25	21	r2	r2	(2.12,4.53)	5.00	64.94
(1,1)	26	22	r2	r2	(2.12,4.53)	5.00	64.94
(1,1)	27	20	r2	r2	(0.76,4.94)	5.00	81.20
(1,1)	27	23	r2	r2	(2.12,4.53)	5.00	64.94
(1,1)	28	21	r2	r2	(0.76,4.94)	5.00	81.20
(1,1)	28	24	r2	r2	(2.12,4.53)	5.00	64.94
(1,1)	29	22	r2	r2	(0.76,4.94)	5.00	81.20
(1,1)	29	25	r2	r2	(2.12,4.53)	5.00	64.94
(1,1)	30	26	r2	r2	(2.12,4.53)	5.00	64.94
(1,1)	30	27	r2	r2	(4.41,2.35)	5.00	28.07
(1,1)	31	24	r2	r2	(0.76,4.94)	5.00	81.20
(1,1)	31	27	r2	r2	(2.12,4.53)	5.00	64.94
(1,1)	32	25	r2	r2	(0.76,4.94)	5.00	81.20
(1,1)	32	28	r2	r2	(2.12,4.53)	5.00	64.94
(1,1)	33	26	r2	r2	(0.76,4.94)	5.00	81.20
(1,1)	33	29	r2	r2	(2.12,4.53)	5.00	64.94
(1,1)	34	30	r2	r2	(2.12,4.53)	5.00	64.94
(1,1)	34	31	r2	r2	(4.41,2.35)	5.00	28.07
(-1,1)	1	10	r1	r1	(-3.00,4.00)	5.00	126.87
(-1,1)	1	27	r1	r2	(-2.35,4.41)	5.00	118.07
(-1,1)	2	6	r1	r1	(-4.00,3.00)	5.00	143.13
(-1,1)	2	11	r1	r1	(-3.00,4.00)	5.00	126.87
(-1,1)	3	7	r1	r1	(-4.00,3.00)	5.00	143.13
(-1,1)	3	12	r1	r1	(-3.00,4.00)	5.00	126.87
(-1,1)	4	1	r1	r1	(-5.00,0.00)	5.00	180.00
(-1,1)	4	8	r1	r1	(-4.00,3.00)	5.00	143.13
(-1,1)	4	13	r1	r1	(-3.00,4.00)	5.00	126.87
(-1,1)	4	18	r1	r2	(-5.00,0.00)	5.00	180.00
(-1,1)	5	2	r1	r1	(-5.00,0.00)	5.00	180.00
(-1,1)	5	9	r1	r1	(-4.00,3.00)	5.00	143.13
(-1,1)	6	10	r1	r1	(-4.00,3.00)	5.00	143.13
(-1,1)	6	15	r1	r1	(-3.00,4.00)	5.00	126.87
(-1,1)	7	11	r1	r1	(-4.00,3.00)	5.00	143.13
(-1,1)	7	16	r1	r1	(-3.00,4.00)	5.00	126.87
(-1,1)	8	12	r1	r1	(-4.00,3.00)	5.00	143.13
(-1,1)	8	17	r1	r1	(-3.00,4.00)	5.00	126.87
(-1,1)	9	6	r1	r1	(-5.00,0.00)	5.00	180.00
(-1,1)	9	13	r1	r1	(-4.00,3.00)	5.00	143.13
(-1,1)	10	14	r1	r1	(-4.00,3.00)	5.00	143.13
(-1,1)	11	15	r1	r1	(-4.00,3.00)	5.00	143.13
(-1,1)	12	16	r1	r1	(-4.00,3.00)	5.00	143.13
(-1,1)	13	10	r1	r1	(-5.00,0.00)	5.00	180.00
(-1,1)	13	17	r1	r1	(-4.00,3.00)	5.00	143.13
(-1,1)	17	14	r1	r1	(-5.00,0.00)	5.00	180.00
(-1,1)	18	10	r2	r1	(-3.00,4.00)	5.00	126.87
(-1,1)	18	27	r2	r2	(-2.35,4.41)	5.00	118.07
(-1,1)	19	31	r2	r2	(-2.35,4.41)	5.00	118.07
(-1,1)	20	19	r2	r2	(-4.53,2.12)	5.00	154.94
(-1,1)	20	32	r2	r2	(-2.35,4.41)	5.00	118.07
(-1,1)	21	1	r2	r1	(-4.94,0.76)	5.00	171.20
(-1,1)	21	18	r2	r2	(-4.94,0.76)	5.00	171.20
(-1,1)	21	20	r2	r2	(-4.53,2.12)	5.00	154.94
(-1,1)	22	21	r2	r2	(-4.53,2.12)	5.00	154.94
(-1,1)	22	34	r2	r2	(-2.35,4.41)	5.00	118.07
(-1,1)	24	23	r2	r2	(-4.53,2.12)	5.00	154.94
(-1,1)	25	24	r2	r2	(-4.53,2.12)	5.00	154.94
(-1,1)	26	20	r2	r2	(-4.94,0.76)	5.00	171.20
(-1,1)	26	25	r2	r2	(-4.53,2.12)	5.00	154.94
(-1,1)	28	27	r2	r2	(-4.53,2.12)	5.00	154.94
(-1,1)	29	23	r2	r2	(-4.94,0.76)	5.00	171.20
(-1,1)	29	28	r2	r2	(-4.53,2.12)	5.00	154.94
(-1,1)	30	24	r2	r2	(-4.94,0.76)	5.00	171.20
(-1,1)	30	29	r2	r2	(-4.53,2.12)	5.00	154.94
(-1,1)	32	31	r2	r2	(-4.53,2.12)	5.00	154.94
(-1,1)	33	27	r2	r2	(-4.94,0.76)	5.00	171.20
(-1,1)	33	32	r2	r2	(-4.53,2.12)	5.00	154.94
(-1,1)	34	28	r2	r2	(-4.94,0.76)	5.00	171.20
(-1,1)	34	33	r2	r2	(-4.53,2.12)	5.00	154.94
(-1,-1)	1	2	r1	r1	(-3.00,-4.00)	5.00	-126.87
(-1,-1)	1	19	r1	r2	(-2.12,-4.53)	5.00	-115.06
(-1,-1)	2	3	r1	r1	(-3.00,-4.00)	5.00	-126.87
(-1,-1)	2	14	r1	r1	(0.00,-5.00)	5.00	-90.00
(-1,-1)	3	4	r1	r1	(-3.00,-4.00)	5.00	-126.87
(-1,-1)	3	15	r1	r1	(0.00,-5.00)	5.00	-90.00
(-1,-1)	4	5	r1	r1	(-3.00,-4.00)	5.00	-126.87
(-1,-1)	4	16	r1	r1	(0.00,-5.00)	5.00	-90.00
(-1,-1)	5	17	r1	r1	(0.00,-5.00)	5.00	-90.00
(-1,-1)	6	4	r1	r1	(-4.00,-3.00)	5.00	-143.13
(-1,-1)	6	7	r1	r1	(-3.00,-4.00)	5.00	-126.87
(-1,-1)	7	5	r1	r1	(-4.00,-3.00)	5.00	-143.13
(-1,-1)	7	8	r1	r1	(-3.00,-4.00)	5.00	-126.87
(-1,-1)	8	9	r1	r1	(-3.00,-4.00)	5.00	-126.87
(-1,-1)	10	8	r1	r1	(-4.00,-3.00)	5.00	-143.13
(-1,-1)	10	11	r1	r1	(-3.00,-4.00)	5.00	-126.87
(-1,-1)	11	9	r1	r1	(-4.00,-3.00)	5.00	-143.13
(-1,-1)	11	12	r1	r1	(-3.00,-4.00)	5.00	-126.87
(-1,-1)	12	13	r1	r1	(-3.00,-4.00)	5.00	-126.87
(-1,-1)	14	12	r1	r1	(-4.00,-3.00)	5.00	-143.13
(-1,-1)	14	15	r1	r1	(-3.00,-4.00)	5.00	-126.87
(-1,-1)	15	13	r1	r1	(-4.00,-3.00)	5.00	-143.13
(-1,-1)	15	16	r1	r1	(-3.00,-4.00)	5.00	-126.87
(-1,-1)	16	17	r1	r1	(-3.00,-4.00)	5.00	-126.87
(-1,-1)	18	2	r2	r1	(-3.00,-4.00)	5.00	-126.87
(-1,-1)	18	19	r2	r2	(-2.12,-4.53)	5.00	-115.06
(-1,-1)	19	22	r2	r2	(-4.41,-2.35)	5.00	-151.93
(-1,-1)	19	23	r2	r2	(-2.12,-4.53)	5.00	-115.06
(-1,-1)	20	24	r2	r2	(-2.12,-4.53)	5.00	-115.06
(-1,-1)	20	27	r2	r2	(-0.76,-4.94)	5.00	-98.80
(-1,-1)	21	25	r2	r2	(-2.12,-4.53)	5.00	-115.06
(-1,-1)	21	28	r2	r2	(-0.76,-4.94)	5.00	-98.80
(-1,-1)	22	26	r2	r2	(-2.12,-4.53)	5.00	-115.06
(-1,-1)	22	29	r2	r2	(-0.76,-4.94)	5.00	-98.80
(-1,-1)	23	26	r2	r2	(-4.41,-2.35)	5.00	-151.93
(-1,-1)	23	27	r2	r2	(-2.12,-4.53)	5.00	-115.06
(-1,-1)	24	28	r2	r2	(-2.12,-4.53)	5.00	-115.06
(-1,-1)	24	31	r2	r2	(-0.76,-4.94)	5.00	-98.80
(-1,-1)	25	29	r2	r2	(-2.12,-4.53)	5.00	-115.06
(-1,-1)	25	32	r2	r2	(-0.76,-4.94)	5.00	-98.80
(-1,-1)	26	30	r2	r2	(-2.12,-4.53)	5.00	-115.06
(-1,-1)	26	33	r2	r2	(-0.76,-4.94)	5.00	-98.80
(-1,-1)	27	30	r2	r2	(-4.41,-2.35)	5.00	-151.93
(-1,-1)	27	31	r2	r2	(-2.12,-4.53)	5.00	-115.06
(-1,-1)	28	32	r2	r2	(-2.12,-4.53)	5.00	-115.06
(-1,-1)	29	33	r2	r2	(-2.12,-4.53)	5.00	-115.06
(-1,-1)	30	34	r2	r2	(-2.12,-4.53)	5.00	-115.06
(-1,-1)	31	34	r2	r2	(-4.41,-2.35)	5.00	-151.93
(1,-1)	1	4	r1	r1	(5.00,0.00)	5.00	0.00
(1,-1)	1	21	r1	r2	(4.94,-0.76)	5.00	-8.80
(1,-1)	2	5	r1	r1	(5.00,0.00)	5.00	0.00
(1,-1)	6	2	r1	r1	(4.00,-3.00)	5.00	-36.87
(1,-1)	6	9	r1	r1	(5.00,0.00)	5.00	0.00
(1,-1)	7	3	r1	r1	(4.00,-3.00)	5.00	-36.87
(1,-1)	8	4	r1	r1	(4.00,-3.00)	5.00	-36.87
(1,-1)	9	5	r1	r1	(4.00,-3.00)	5.00	-36.87
(1,-1)	10	1	r1	r1	(3.00,-4.00)	5.00	-53.13
(1,-1)	10	6	r1	r1	(4.00,-3.00)	5.00	-36.87
(1,-1)	10	13	r1	r1	(5.00,0.00)	5.00	0.00
(1,-1)	10	18	r1	r2	(3.00,-4.00)	5.00	-53.13
(1,-1)	11	2	r1	r1	(3.00,-4.00)	5.00	-53.13
(1,-1)	11	7	r1	r1	(4.00,-3.00)	5.00	-36.87
(1,-1)	12	3	r1	r1	(3.00,-4.00)	5.00	-53.13
(1,-1)	12	8	r1	r1	(4.00,-3.00)	5.00	-36.87
(1,-1)	13	4	r1	r1	(3.00,-4.00)	5.00	-53.13
(1,-1)	13	9	r1	r1	(4.00,-3.00)	5.00	-36.87
(1,-1)	14	10	r1	r1	(4.00,-3.00)	5.00	-36.87
(1,-1)	14	17	r1	r1	(5.00,0.00)	5.00	0.00
(1,-1)	15	6	r1	r1	(3.00,-4.00)	5.00	-53.13
(1,-1)	15	11	r1	r1	(4.00,-3.00)	5.00	-36.87
(1,-1)	16	7	r1	r1	(3.00,-4.00)	5.00	-53.13
(1,-1)	16	12	r1	r1	(4.00,-3.00)	5.00	-36.87
(1,-1)	17	8	r1	r1	(3.00,-4.00)	5.00	-53.13
(1,-1)	17	13	r1	r1	(4.00,-3.00)	5.00	-36.87
(1,-1)	18	4	r2	r1	(5.00,0.00)	5.00	0.00
(1,-1)	18	21	r2	r2	(4.94,-0.76)	5.00	-8.80
(1,-1)	19	20	r2	r2	(4.53,-2.12)	5.00	-25.06
(1,-1)	19	25	r2	r2	(4.94,-0.76)	5.00	-8.80
(1,-1)	20	21	r2	r2	(4.53,-2.12)	5.00	-25.06
(1,-1)	21	22	r2	r2	(4.53,-2.12)	5.00	-25.06
(1,-1)	23	24	r2	r2	(4.53,-2.12)	5.00	-25.06
(1,-1)	24	25	r2	r2	(4.53,-2.12)	5.00	-25.06
(1,-1)	24	30	r2	r2	(4.94,-0.76)	5.00	-8.80
(1,-1)	25	26	r2	r2	(4.53,-2.12)	5.00	-25.06
(1,-1)	27	1	r2	r1	(2.35,-4.41)	5.00	-61.93
(1,-1)	27	18	r2	r2	(2.35,-4.41)	5.00	-61.93
(1,-1)	27	28	r2	r2	(4.53,-2.12)	5.00	-25.06
(1,-1)	27	33	r2	r2	(4.94,-0.76)	5.00	-8.80
(1,-1)	28	29	r2	r2	(4.53,-2.12)	5.00	-25.06
(1,-1)	28	34	r2	r2	(4.94,-0.76)	5.00	-8.80
(1,-1)	29	30	r2	r2	(4.53,-2.12)	5.00	-25.06
(1,-1)	31	32	r2	r2	(4.53,-2.12)	5.00	-25.06
(1,-1)	32	33	r2	r2	(4.53,-2.12)	5.00	-25.06
(1,-1)	33	34	r2	r2	(4.53,-2.12)	5.00	-25.06
(1,-1)	34	22	r2	r2	(2.35,-4.41)	5.00	-61.93
(1,0)	24	29	r2	r2	(4.41,2.35)	5.00	28.07
(1,1)	26	23	r2	r2	(4.41,2.35)	5.00	28.07
(1,-1)	31	19	r2	r2	(2.35,-4.41)	5.00	-61.93
(1,-1)	32	20	r2	r2	(2.35,-4.41)	5.00	-61.93
(1,-1)	33	21	r2	r2	(2.35,-4.41)	5.00	-61.93
(1,1)	8	24	r1	r2	(3.29,3.82)	5.05	49.25
(1,1)	12	25	r1	r2	(1.82,4.71)	5.05	68.82
(1,1)	28	7	r2	r1	(1.82,4.71)	5.05	68.82
(1,1)	29	11	r2	r1	(3.29,3.82)	5.05	49.25
(-1,1)	7	28	r1	r2	(-3.82,3.29)	5.05	139.25
(-1,1)	8	24	r1	r2	(-4.71,1.82)	5.05	158.82
(-1,1)	25	12	r2	r1	(-3.82,3.29)	5.05	139.25
(-1,1)	29	11	r2	r1	(-4.71,1.82)	5.05	158.82
(-1,-1)	7	28	r1	r2	(-1.82,-4.71)	5.05	-111.18
(-1,-1)	11	29	r1	r2	(-3.29,-3.82)	5.05	-130.75
(-1,-1)	24	8	r2	r1	(-3.29,-3.82)	5.05	-130.75
(-1,-1)	25	12	r2	r1	(-1.82,-4.71)	5.05	-111.18
(1,-1)	11	29	r1	r2	(4.71,-1.82)	5.05	-21.18
(1,-1)	12	25	r1	r2	(3.82,-3.29)	5.05	-40.75
(1,-1)	24	8	r2	r1	(4.71,-1.82)	5.05	-21.18
(1,-1)	28	7	r2	r1	(3.82,-3.29)	5.05	-40.75
(1,0)	3	26	r1	r2	(4.35,2.59)	5.06	30.74
(1,0)	13	32	r1	r2	(5.06,-0.24)	5.06	-2.66
(1,0)	21	6	r2	r1	(5.06,-0.24)	5.06	-2.66
(-1,0)	6	21	r1	r2	(-5.06,0.24)	5.06	177.34
(-1,0)	32	13	r2	r1	(-5.06,0.24)	5.06	177.34
(0,1)	4	30	r1	r2	(0.24,5.06)	5.06	87.34
(0,1)	23	15	r2	r1	(0.24,5.06)	5.06	87.34
(0,-1)	9	33	r1	r2	(2.59,-4.35)	5.06	-59.26
(0,-1)	15	23	r1	r2	(-0.24,-5.06)	5.06	-92.66
(0,-1)	30	4	r2	r1	(-0.24,-5.06)	5.06	-92.66
(1,0)	27	16	r2	r1	(4.35,2.59)	5.06	30.74
(-1,0)	16	27	r1	r2	(-4.35,-2.59)	5.06	-149.26
(-1,0)	26	3	r2	r1	(-4.35,-2.59)	5.06	-149.26
(0,1)	10	20	r1	r2	(-2.59,4.35)	5.06	120.74
(0,1)	33	9	r2	r1	(-2.59,4.35)	5.06	120.74
(0,-1)	20	10	r2	r1	(2.59,-4.35)	5.06	-59.26
(1,0)	1	19	r1	r2	(4.88,1.47)	5.10	16.76
(1,0)	1	21	r1	r2	(3.94,3.24)	5.10	39.38
(1,0)	2	6	r1	r1	(5.00,1.00)	5.10	11.31
(1,0)	3	7	r1	r1	(5.00,1.00)	5.10	11.31
(1,0)	4	6	r1	r1	(5.00,-1.00)	5.10	-11.31
(1,0)	4	8	r1	r1	(5.00,1.00)	5.10	11.31
(1,0)	5	7	r1	r1	(5.00,-1.00)	5.10	-11.31
(1,0)	5	9	r1	r1	(5.00,1.00)	5.10	11.31
(1,0)	6	10	r1	r1	(5.00,1.00)	5.10	11.31
(1,0)	7	11	r1	r1	(5.00,1.00)	5.10	11.31
(1,0)	8	10	r1	r1	(5.00,-1.00)	5.10	-11.31
(1,0)	8	12	r1	r1	(5.00,1.00)	5.10	11.31
(1,0)	9	11	r1	r1	(5.00,-1.00)	5.10	-11.31
(1,0)	9	13	r1	r1	(5.00,1.00)	5.10	11.31
(1,0)	10	14	r1	r1	(5.00,1.00)	5.10	11.31
(1,0)	11	15	r1	r1	(5.00,1.00)	5.10	11.31
(1,0)	12	14	r1	r1	(5.00,-1.00)	5.10	-11.31
(1,0)	12	16	r1	r1	(5.00,1.00)	5.10	11.31
(1,0)	13	15	r1	r1	(5.00,-1.00)	5.10	-11.31
(1,0)	13	17	r1	r1	(5.00,1.00)	5.10	11.31
(1,0)	18	19	r2	r2	(4.88,1.47)	5.10	16.76
(1,0)	18	21	r2	r2	(3.94,3.24)	5.10	39.38
(1,0)	19	25	r2	r2	(3.94,3.24)	5.10	39.38
(1,0)	20	24	r2	r2	(4.88,1.47)	5.10	16.76
(1,0)	20	26	r2	r2	(3.94,3.24)	5.10	39.38
(1,0)	21	25	r2	r2	(4.88,1.47)	5.10	16.76
(1,0)	22	26	r2	r2	(4.88,1.47)	5.10	16.76
(1,0)	23	27	r2	r2	(4.88,1.47)	5.10	16.76
(1,0)	24	28	r2	r2	(4.88,1.47)	5.10	16.76
(1,0)	27	33	r2	r2	(3.94,3.24)	5.10	39.38
(1,0)	28	34	r2	r2	(3.94,3.24)	5.10	39.38
(1,0)	29	33	r2	r2	(4.88,1.47)	5.10	16.76
(1,0)	30	34	r2	r2	(4.88,1.47)	5.10	16.76
(-1,0)	6	2	r1	r1	(-5.00,-1.00)	5.10	-168.69
(-1,0)	6	4	r1	r1	(-5.00,1.00)	5.10	168.69
(-1,0)	7	3	r1	r1	(-5.00,-1.00)	5.10	-168.69
(-1,0)	7	5	r1	r1	(-5.00,1.00)	5.10	168.69
(-1,0)	8	4	r1	r1	(-5.00,-1.00)	5.10	-168.69
(-1,0)	9	5	r1	r1	(-5.00,-1.00)	5.10	-168.69
(-1,0)	10	6	r1	r1	(-5.00,-1.00)	5.10	-168.69
(-1,0)	10	8	r1	r1	(-5.00,1.00)	5.10	168.69
(-1,0)	11	7	r1	r1	(-5.00,-1.00)	5.10	-168.69
(-1,0)	11	9	r1	r1	(-5.00,1.00)	5.10	168.69
(-1,0)	12	8	r1	r1	(-5.00,-1.00)	5.10	-168.69
(-1,0)	13	9	r1	r1	(-5.00,-1.00)	5.10	-168.69
(-1,0)	14	10	r1	r1	(-5.00,-1.00)	5.10	-168.69
(-1,0)	14	12	r1	r1	(-5.00,1.00)	5.10	168.69
(-1,0)	15	11	r1	r1	(-5.00,-1.00)	5.10	-168.69
(-1,0)	15	13	r1	r1	(-5.00,1.00)	5.10	168.69
(-1,0)	16	12	r1	r1	(-5.00,-1.00)	5.10	-168.69
(-1,0)	17	13	r1	r1	(-5.00,-1.00)	5.10	-168.69
(-1,0)	24	20	r2	r2	(-4.88,-1.47)	5.10	-163.24
(-1,0)	25	21	r2	r2	(-4.88,-1.47)	5.10	-163.24
(-1,0)	26	20	r2	r2	(-3.94,-3.24)	5.10	-140.62
(-1,0)	29	25	r2	r2	(-4.88,-1.47)	5.10	-163.24
(-1,0)	32	28	r2	r2	(-4.88,-1.47)	5.10	-163.24
(-1,0)	33	27	r2	r2	(-3.94,-3.24)	5.10	-140.62
(-1,0)	33	29	r2	r2	(-4.88,-1.47)	5.10	-163.24
(0,1)	1	2	r1	r1	(-1.00,5.00)	5.10	101.31
(0,1)	1	10	r1	r1	(1.00,5.00)	5.10	78.69
(0,1)	2	3	r1	r1	(-1.00,5.00)	5.10	101.31
(0,1)	2	11	r1	r1	(1.00,5.00)	5.10	78.69
(0,1)	3	4	r1	r1	(-1.00,5.00)	5.10	101.31
(0,1)	3	12	r1	r1	(1.00,5.00)	5.10	78.69
(0,1)	4	5	r1	r1	(-1.00,5.00)	5.10	101.31
(0,1)	4	13	r1	r1	(1.00,5.00)	5.10	78.69
(0,1)	6	7	r1	r1	(-1.00,5.00)	5.10	101.31
(0,1)	6	15	r1	r1	(1.00,5.00)	5.10	78.69
(0,1)	7	8	r1	r1	(-1.00,5.00)	5.10	101.31
(0,1)	7	16	r1	r1	(1.00,5.00)	5.10	78.69
(0,1)	8	9	r1	r1	(-1.00,5.00)	5.10	101.31
(0,1)	8	17	r1	r1	(1.00,5.00)	5.10	78.69
(0,1)	10	11	r1	r1	(-1.00,5.00)	5.10	101.31
(0,1)	11	12	r1	r1	(-1.00,5.00)	5.10	101.31
(0,1)	12	13	r1	r1	(-1.00,5.00)	5.10	101.31
(0,1)	14	15	r1	r1	(-1.00,5.00)	5.10	101.31
(0,1)	15	16	r1	r1	(-1.00,5.00)	5.10	101.31
(0,1)	16	17	r1	r1	(-1.00,5.00)	5.10	101.31
(0,1)	18	2	r2	r1	(-1.00,5.00)	5.10	101.31
(0,1)	18	10	r2	r1	(1.00,5.00)	5.10	78.69
(0,1)	21	22	r2	r2	(-1.47,4.88)	5.10	106.76
(0,1)	25	26	r2	r2	(-1.47,4.88)	5.10	106.76
(0,1)	28	21	r2	r2	(-3.24,3.94)	5.10	129.38
(0,1)	28	29	r2	r2	(-1.47,4.88)	5.10	106.76
(0,1)	29	22	r2	r2	(-3.24,3.94)	5.10	129.38
(0,1)	32	25	r2	r2	(-3.24,3.94)	5.10	129.38
(0,1)	32	33	r2	r2	(-1.47,4.88)	5.10	106.76
(0,1)	33	26	r2	r2	(-3.24,3.94)	5.10	129.38
(0,-1)	2	1	r1	r1	(1.00,-5.00)	5.10	-78.69
(0,-1)	2	18	r1	r2	(1.00,-5.00)	5.10	-78.69
(0,-1)	3	2	r1	r1	(1.00,-5.00)	5.10	-78.69
(0,-1)	4	3	r1	r1	(1.00,-5.00)	5.10	-78.69
(0,-1)	5	4	r1	r1	(1.00,-5.00)	5.10	-78.69
(0,-1)	7	6	r1	r1	(1.00,-5.00)	5.10	-78.69
(0,-1)	8	7	r1	r1	(1.00,-5.00)	5.10	-78.69
(0,-1)	9	8	r1	r1	(1.00,-5.00)	5.10	-78.69
(0,-1)	10	1	r1	r1	(-1.00,-5.00)	5.10	-101.31
(0,-1)	10	18	r1	r2	(-1.00,-5.00)	5.10	-101.31
(0,-1)	11	2	r1	r1	(-1.00,-5.00)	5.10	-101.31
(0,-1)	11	10	r1	r1	(1.00,-5.00)	5.10	-78.69
(0,-1)	12	3	r1	r1	(-1.00,-5.00)	5.10	-101.31
(0,-1)	12	11	r1	r1	(1.00,-5.00)	5.10	-78.69
(0,-1)	13	4	r1	r1	(-1.00,-5.00)	5.10	-101.31
(0,-1)	13	12	r1	r1	(1.00,-5.00)	5.10	-78.69
(0,-1)	15	6	r1	r1	(-1.00,-5.00)	5.10	-101.31
(0,-1)	15	14	r1	r1	(1.00,-5.00)	5.10	-78.69
(0,-1)	16	7	r1	r1	(-1.00,-5.00)	5.10	-101.31
(0,-1)	16	15	r1	r1	(1.00,-5.00)	5.10	-78.69
(0,-1)	17	8	r1	r1	(-1.00,-5.00)	5.10	-101.31
(0,-1)	17	16	r1	r1	(1.00,-5.00)	5.10	-78.69
(0,-1)	20	27	r2	r2	(3.24,-3.94)	5.10	-50.62
(0,-1)	24	23	r2	r2	(1.47,-4.88)	5.10	-73.24
(0,-1)	26	25	r2	r2	(1.47,-4.88)	5.10	-73.24
(0,-1)	26	33	r2	r2	(3.24,-3.94)	5.10	-50.62
(0,-1)	28	27	r2	r2	(1.47,-4.88)	5.10	-73.24
(0,-1)	29	28	r2	r2	(1.47,-4.88)	5.10	-73.24
(0,-1)	30	29	r2	r2	(1.47,-4.88)	5.10	-73.24
(0,-1)	34	33	r2	r2	(1.47,-4.88)	5.10	-73.24
(1,1)	10	2	r1	r1	(1.00,5.00)	5.10	78.69
(1,1)	11	3	r1	r1	(1.00,5.00)	5.10	78.69
(1,1)	12	4	r1	r1	(1.00,5.00)	5.10	78.69
(1,1)	13	5	r1	r1	(1.00,5.00)	5.10	78.69
(1,1)	14	6	r1	r1	(1.00,5.00)	5.10	78.69
(1,1)	15	7	r1	r1	(1.00,5.00)	5.10	78.69
(1,1)	16	8	r1	r1	(1.00,5.00)	5.10	78.69
(1,1)	17	9	r1	r1	(1.00,5.00)	5.10	78.69
(1,1)	22	20	r2	r2	(3.94,3.24)	5.10	39.38
(1,1)	26	24	r2	r2	(3.94,3.24)	5.10	39.38
(1,1)	29	27	r2	r2	(3.94,3.24)	5.10	39.38
(1,1)	30	28	r2	r2	(3.94,3.24)	5.10	39.38
(1,1)	33	31	r2	r2	(3.94,3.24)	5.10	39.38
(1,1)	34	32	r2	r2	(3.94,3.24)	5.10	39.38
(-1,1)	3	1	r1	r1	(-5.00,1.00)	5.10	168.69
(-1,1)	3	18	r1	r2	(-5.00,1.00)	5.10	168.69
(-1,1)	4	2	r1	r1	(-5.00,1.00)	5.10	168.69
(-1,1)	5	1	r1	r1	(-5.00,-1.00)	5.10	-168.69
(-1,1)	5	3	r1	r1	(-5.00,1.00)	5.10	168.69
(-1,1)	5	18	r1	r2	(-5.00,-1.00)	5.10	-168.69
(-1,1)	8	6	r1	r1	(-5.00,1.00)	5.10	168.69
(-1,1)	9	7	r1	r1	(-5.00,1.00)	5.10	168.69
(-1,1)	12	10	r1	r1	(-5.00,1.00)	5.10	168.69
(-1,1)	13	11	r1	r1	(-5.00,1.00)	5.10	168.69
(-1,1)	16	14	r1	r1	(-5.00,1.00)	5.10	168.69
(-1,1)	17	15	r1	r1	(-5.00,1.00)	5.10	168.69
(-1,1)	20	28	r2	r2	(-3.24,3.94)	5.10	129.38
(-1,1)	21	29	r2	r2	(-3.24,3.94)	5.10	129.38
(-1,1)	22	30	r2	r2	(-3.24,3.94)	5.10	129.38
(-1,1)	24	32	r2	r2	(-3.24,3.94)	5.10	129.38
(-1,1)	25	33	r2	r2	(-3.24,3.94)	5.10	129.38
(-1,-1)	2	10	r1	r1	(-1.00,-5.00)	5.10	-101.31
(-1,-1)	3	11	r1	r1	(-1.00,-5.00)	5.10	-101.31
(-1,-1)	4	12	r1	r1	(-1.00,-5.00)	5.10	-101.31
(-1,-1)	5	13	r1	r1	(-1.00,-5.00)	5.10	-101.31
(-1,-1)	6	14	r1	r1	(-1.00,-5.00)	5.10	-101.31
(-1,-1)	7	15	r1	r1	(-1.00,-5.00)	5.10	-101.31
(-1,-1)	8	16	r1	r1	(-1.00,-5.00)	5.10	-101.31
(-1,-1)	9	17	r1	r1	(-1.00,-5.00)	5.10	-101.31
(-1,-1)	19	21	r2	r2	(-3.94,-3.24)	5.10	-140.62
(-1,-1)	20	22	r2	r2	(-3.94,-3.24)	5.10	-140.62
(-1,-1)	23	25	r2	r2	(-3.94,-3.24)	5.10	-140.62
(-1,-1)	24	26	r2	r2	(-3.94,-3.24)	5.10	-140.62
(-1,-1)	27	29	r2	r2	(-3.94,-3.24)	5.10	-140.62
(-1,-1)	28	30	r2	r2	(-3.94,-3.24)	5.10	-140.62
(-1,-1)	31	33	r2	r2	(-3.94,-3.24)	5.10	-140.62
(-1,-1)	32	34	r2	r2	(-3.94,-3.24)	5.10	-140.62
(1,-1)	1	3	r1	r1	(5.00,-1.00)	5.10	-11.31
(1,-1)	1	5	r1	r1	(5.00,1.00)	5.10	11.31
(1,-1)	2	4	r1	r1	(5.00,-1.00)	5.10	-11.31
(1,-1)	3	5	r1	r1	(5.00,-1.00)	5.10	-11.31
(1,-1)	6	8	r1	r1	(5.00,-1.00)	5.10	-11.31
(1,-1)	7	9	r1	r1	(5.00,-1.00)	5.10	-11.31
(1,-1)	10	12	r1	r1	(5.00,-1.00)	5.10	-11.31
(1,-1)	11	13	r1	r1	(5.00,-1.00)	5.10	-11.31
(1,-1)	14	16	r1	r1	(5.00,-1.00)	5.10	-11.31
(1,-1)	15	17	r1	r1	(5.00,-1.00)	5.10	-11.31
(1,-1)	18	3	r2	r1	(5.00,-1.00)	5.10	-11.31
(1,-1)	18	5	r2	r1	(5.00,1.00)	5.10	11.31
(1,-1)	28	20	r2	r2	(3.24,-3.94)	5.10	-50.62
(1,-1)	29	21	r2	r2	(3.24,-3.94)	5.10	-50.62
(1,-1)	30	22	r2	r2	(3.24,-3.94)	5.10	-50.62
(1,-1)	32	24	r2	r2	(3.24,-3.94)	5.10	-50.62
(1,-1)	33	25	r2	r2	(3.24,-3.94)	5.10	-50.62
(1,-1)	34	26	r2	r2	(3.24,-3.94)	5.10	-50.62
(1,0)	19	23	r2	r2	(4.88,1.47)	5.10	16.76
(1,0)	23	29	r2	r2	(3.94,3.24)	5.10	39.38
(1,0)	24	30	r2	r2	(3.94,3.24)	5.10	39.38
(1,0)	25	29	r2	r2	(4.88,1.47)	5.10	16.76
(1,0)	26	30	r2	r2	(4.88,1.47)	5.10	16.76
(1,0)	27	31	r2	r2	(4.88,1.47)	5.10	16.76
(1,0)	28	32	r2	r2	(4.88,1.47)	5.10	16.76
(-1,0)	19	1	r2	r1	(-4.88,-1.47)	5.10	-163.24
(-1,0)	19	18	r2	r2	(-4.88,-1.47)	5.10	-163.24
(-1,0)	21	1	r2	r1	(-3.94,-3.24)	5.10	-140.62
(-1,0)	21	18	r2	r2	(-3.94,-3.24)	5.10	-140.62
(-1,0)	23	19	r2	r2	(-4.88,-1.47)	5.10	-163.24
(-1,0)	25	19	r2	r2	(-3.94,-3.24)	5.10	-140.62
(-1,0)	26	22	r2	r2	(-4.88,-1.47)	5.10	-163.24
(-1,0)	27	23	r2	r2	(-4.88,-1.47)	5.10	-163.24
(-1,0)	28	24	r2	r2	(-4.88,-1.47)	5.10	-163.24
(-1,0)	29	23	r2	r2	(-3.94,-3.24)	5.10	-140.62
(-1,0)	30	24	r2	r2	(-3.94,-3.24)	5.10	-140.62
(-1,0)	30	26	r2	r2	(-4.88,-1.47)	5.10	-163.24
(-1,0)	31	27	r2	r2	(-4.88,-1.47)	5.10	-163.24
(-1,0)	34	28	r2	r2	(-3.94,-3.24)	5.10	-140.62
(-1,0)	34	30	r2	r2	(-4.88,-1.47)	5.10	-163.24
(0,1)	19	20	r2	r2	(-1.47,4.88)	5.10	106.76
(0,1)	20	21	r2	r2	(-1.47,4.88)	5.10	106.76
(0,1)	23	24	r2	r2	(-1.47,4.88)	5.10	106.76
(0,1)	24	25	r2	r2	(-1.47,4.88)	5.10	106.76
(0,1)	27	20	r2	r2	(-3.24,3.94)	5.10	129.38
(0,1)	27	28	r2	r2	(-1.47,4.88)	5.10	106.76
(0,1)	29	30	r2	r2	(-1.47,4.88)	5.10	106.76
(0,1)	31	24	r2	r2	(-3.24,3.94)	5.10	129.38
(0,1)	31	32	r2	r2	(-1.47,4.88)	5.10	106.76
(0,1)	33	34	r2	r2	(-1.47,4.88)	5.10	106.76
(0,-1)	20	19	r2	r2	(1.47,-4.88)	5.10	-73.24
(0,-1)	21	20	r2	r2	(1.47,-4.88)	5.10	-73.24
(0,-1)	21	28	r2	r2	(3.24,-3.94)	5.10	-50.62
(0,-1)	22	21	r2	r2	(1.47,-4.88)	5.10	-73.24
(0,-1)	22	29	r2	r2	(3.24,-3.94)	5.10	-50.62
(0,-1)	24	31	r2	r2	(3.24,-3.94)	5.10	-50.62
(0,-1)	25	24	r2	r2	(1.47,-4.88)	5.10	-73.24
(0,-1)	25	32	r2	r2	(3.24,-3.94)	5.10	-50.62
(0,-1)	32	31	r2	r2	(1.47,-4.88)	5.10	-73.24
(0,-1)	33	32	r2	r2	(1.47,-4.88)	5.10	-73.24
(1,1)	21	19	r2	r2	(3.94,3.24)	5.10	39.38
(1,1)	25	23	r2	r2	(3.94,3.24)	5.10	39.38
(-1,1)	1	23	r1	r2	(-3.24,3.94)	5.10	129.38
(-1,1)	1	31	r1	r2	(-1.47,4.88)	5.10	106.76
(-1,1)	18	23	r2	r2	(-3.24,3.94)	5.10	129.38
(-1,1)	18	31	r2	r2	(-1.47,4.88)	5.10	106.76
(-1,1)	19	27	r2	r2	(-3.24,3.94)	5.10	129.38
(-1,1)	23	31	r2	r2	(-3.24,3.94)	5.10	129.38
(-1,1)	26	34	r2	r2	(-3.24,3.94)	5.10	129.38
(1,-1)	23	1	r2	r1	(3.24,-3.94)	5.10	-50.62
(1,-1)	23	18	r2	r2	(3.24,-3.94)	5.10	-50.62
(1,-1)	27	19	r2	r2	(3.24,-3.94)	5.10	-50.62
(1,-1)	31	1	r2	r1	(1.47,-4.88)	5.10	-73.24
(1,-1)	31	18	r2	r2	(1.47,-4.88)	5.10	-73.24
(1,-1)	31	23	r2	r2	(3.24,-3.94)	5.10	-50.62
(1,0)	3	25	r1	r2	(4.82,1.71)	5.12	19.48
(1,0)	4	19	r1	r2	(4.88,-1.53)	5.12	-17.39
(1,0)	12	32	r1	r2	(5.06,0.76)	5.12	8.60
(1,0)	14	33	r1	r2	(3.59,3.65)	5.12	45.47
(1,0)	21	7	r2	r1	(5.06,0.76)	5.12	8.60
(-1,0)	5	20	r1	r2	(-3.59,-3.65)	5.12	-134.53
(-1,0)	7	21	r1	r2	(-5.06,-0.76)	5.12	-171.40
(-1,0)	16	28	r1	r2	(-4.82,-1.71)	5.12	-160.52
(-1,0)	25	3	r2	r1	(-4.82,-1.71)	5.12	-160.52
(-1,0)	32	12	r2	r1	(-5.06,-0.76)	5.12	-171.40
(-1,0)	33	14	r2	r1	(-3.59,-3.65)	5.12	-134.53
(0,1)	6	31	r1	r2	(1.53,4.88)	5.12	72.61
(0,1)	8	30	r1	r2	(-0.76,5.06)	5.12	98.60
(0,1)	17	26	r1	r2	(-3.65,3.59)	5.12	135.47
(0,1)	23	11	r2	r1	(-0.76,5.06)	5.12	98.60
(0,-1)	2	27	r1	r2	(3.65,-3.59)	5.12	-44.53
(0,-1)	9	29	r1	r2	(1.71,-4.82)	5.12	-70.52
(0,-1)	11	23	r1	r2	(0.76,-5.06)	5.12	-81.40
(0,-1)	24	10	r2	r1	(1.71,-4.82)	5.12	-70.52
(0,-1)	26	17	r2	r1	(3.65,-3.59)	5.12	-44.53
(0,-1)	30	8	r2	r1	(0.76,-5.06)	5.12	-81.40
(1,0)	20	5	r2	r1	(3.59,3.65)	5.12	45.47
(1,0)	28	16	r2	r1	(4.82,1.71)	5.12	19.48
(1,0)	34	15	r2	r1	(4.88,-1.53)	5.12	-17.39
(-1,0)	15	34	r1	r2	(-4.88,1.53)	5.12	162.61
(-1,0)	19	4	r2	r1	(-4.88,1.53)	5.12	162.61
(0,1)	10	24	r1	r2	(-1.71,4.82)	5.12	109.48
(0,1)	22	13	r2	r1	(1.53,4.88)	5.12	72.61
(0,1)	27	2	r2	r1	(-3.65,3.59)	5.12	135.47
(0,1)	29	9	r2	r1	(-1.71,4.82)	5.12	109.48
(0,-1)	13	22	r1	r2	(-1.53,-4.88)	5.12	-107.39
(0,-1)	31	6	r2	r1	(-1.53,-4.88)	5.12	-107.39
(1,1)	5	24	r1	r2	(4.29,2.82)	5.14	33.33
(1,1)	12	22	r1	r2	(0.47,5.12)	5.14	84.75
(1,1)	29	14	r2	r1	(4.29,2.82)	5.14	33.33
(1,1)	31	7	r2	r1	(0.47,5.12)	5.14	84.75
(-1,1)	2	28	r1	r2	(-2.82,4.29)	5.14	123.33
(-1,1)	8	19	r1	r2	(-5.12,0.47)	5.14	174.75
(-1,1)	25	17	r2	r1	(-2.82,4.29)	5.14	123.33
(-1,1)	34	11	r2	r1	(-5.12,0.47)	5.14	174.75
(-1,-1)	7	31	r1	r2	(-0.47,-5.12)	5.14	-95.25
(-1,-1)	14	29	r1	r2	(-4.29,-2.82)	5.14	-146.67
(-1,-1)	22	12	r2	r1	(-0.47,-5.12)	5.14	-95.25
(-1,-1)	24	5	r2	r1	(-4.29,-2.82)	5.14	-146.67
(1,-1)	11	34	r1	r2	(5.12,-0.47)	5.14	-5.25
(1,-1)	17	25	r1	r2	(2.82,-4.29)	5.14	-56.67
(1,-1)	19	8	r2	r1	(5.12,-0.47)	5.14	-5.25
(1,-1)	28	2	r2	r1	(2.82,-4.29)	5.14	-56.67
(1,1)	5	23	r1	r2	(4.76,1.94)	5.14	22.17
(1,1)	16	22	r1	r2	(-0.53,5.12)	5.14	95.91
(1,1)	30	14	r2	r1	(4.76,1.94)	5.14	22.17
(1,1)	31	3	r2	r1	(-0.53,5.12)	5.14	95.91
(-1,1)	2	32	r1	r2	(-1.94,4.76)	5.14	112.17
(-1,1)	9	19	r1	r2	(-5.12,-0.53)	5.14	-174.09
(-1,1)	21	17	r2	r1	(-1.94,4.76)	5.14	112.17
(-1,1)	34	10	r2	r1	(-5.12,-0.53)	5.14	-174.09
(-1,-1)	3	31	r1	r2	(0.53,-5.12)	5.14	-84.09
(-1,-1)	14	30	r1	r2	(-4.76,-1.94)	5.14	-157.83
(-1,-1)	22	16	r2	r1	(0.53,-5.12)	5.14	-84.09
(-1,-1)	23	5	r2	r1	(-4.76,-1.94)	5.14	-157.83
(1,-1)	10	34	r1	r2	(5.12,0.53)	5.14	5.91
(1,-1)	17	21	r1	r2	(1.94,-4.76)	5.14	-67.83
(1,-1)	19	9	r2	r1	(5.12,0.53)	5.14	5.91
(1,-1)	32	2	r2	r1	(1.94,-4.76)	5.14	-67.83
(1,1)	15	27	r1	r2	(2.65,4.41)	5.14	59.04
(1,1)	26	4	r2	r1	(2.65,4.41)	5.14	59.04
(-1,1)	13	33	r1	r2	(-4.41,2.65)	5.14	149.04
(-1,1)	20	6	r2	r1	(-4.41,2.65)	5.14	149.04
(-1,-1)	4	26	r1	r2	(-2.65,-4.41)	5.14	-120.96
(-1,-1)	27	15	r2	r1	(-2.65,-4.41)	5.14	-120.96
(1,-1)	6	20	r1	r2	(4.41,-2.65)	5.14	-30.96
(1,-1)	33	13	r2	r1	(4.41,-2.65)	5.14	-30.96
(1,1)	4	21	r1	r2	(2.94,4.24)	5.16	55.22
(1,1)	9	26	r1	r2	(2.35,4.59)	5.16	62.85
(1,1)	27	10	r2	r1	(2.35,4.59)	5.16	62.85
(1,1)	32	15	r2	r1	(2.94,4.24)	5.16	55.22
(-1,1)	3	20	r1	r2	(-4.59,2.35)	5.16	152.85
(-1,1)	6	23	r1	r2	(-4.24,2.94)	5.16	145.22
(-1,1)	30	13	r2	r1	(-4.24,2.94)	5.16	145.22
(-1,1)	33	16	r2	r1	(-4.59,2.35)	5.16	152.85
(-1,-1)	10	27	r1	r2	(-2.35,-4.59)	5.16	-117.15
(-1,-1)	15	32	r1	r2	(-2.94,-4.24)	5.16	-124.78
(-1,-1)	21	4	r2	r1	(-2.94,-4.24)	5.16	-124.78
(-1,-1)	26	9	r2	r1	(-2.35,-4.59)	5.16	-117.15
(1,-1)	13	30	r1	r2	(4.24,-2.94)	5.16	-34.78
(1,-1)	16	33	r1	r2	(4.59,-2.35)	5.16	-27.15
(1,-1)	20	3	r2	r1	(4.59,-2.35)	5.16	-27.15
(1,-1)	23	6	r2	r1	(4.24,-2.94)	5.16	-34.78
(1,0)	8	28	r1	r2	(5.18,0.29)	5.18	3.25
(-1,0)	11	25	r1	r2	(-5.18,-0.29)	5.18	-176.75
(-1,0)	28	8	r2	r1	(-5.18,-0.29)	5.18	-176.75
(0,1)	7	29	r1	r2	(-0.29,5.18)	5.18	93.25
(0,-1)	12	24	r1	r2	(0.29,-5.18)	5.18	-86.75
(0,-1)	29	7	r2	r1	(0.29,-5.18)	5.18	-86.75
(1,0)	7	29	r1	r2	(4.71,2.18)	5.18	24.82
(1,0)	24	12	r2	r1	(4.71,2.18)	5.18	24.82
(1,0)	25	11	r2	r1	(5.18,0.29)	5.18	3.25
(-1,0)	12	24	r1	r2	(-4.71,-2.18)	5.18	-155.18
(-1,0)	29	7	r2	r1	(-4.71,-2.18)	5.18	-155.18
(0,1)	11	25	r1	r2	(-2.18,4.71)	5.18	114.82
(0,1)	24	12	r2	r1	(-0.29,5.18)	5.18	93.25
(0,1)	28	8	r2	r1	(-2.18,4.71)	5.18	114.82
(0,-1)	8	28	r1	r2	(2.18,-4.71)	5.18	-65.18
(0,-1)	25	11	r2	r1	(2.18,-4.71)	5.18	-65.18
(1,0)	9	23	r1	r2	(4.76,-2.06)	5.19	-23.37
(1,0)	10	30	r1	r2	(3.24,4.06)	5.19	51.44
(1,0)	23	9	r2	r1	(3.24,4.06)	5.19	51.44
(1,0)	30	10	r2	r1	(4.76,-2.06)	5.19	-23.37
(-1,0)	9	23	r1	r2	(-3.24,-4.06)	5.19	-128.56
(-1,0)	10	30	r1	r2	(-4.76,2.06)	5.19	156.63
(-1,0)	23	9	r2	r1	(-4.76,2.06)	5.19	156.63
(-1,0)	30	10	r2	r1	(-3.24,-4.06)	5.19	-128.56
(0,1)	3	32	r1	r2	(2.06,4.76)	5.19	66.63
(0,1)	16	21	r1	r2	(-4.06,3.24)	5.19	141.44
(0,1)	21	16	r2	r1	(2.06,4.76)	5.19	66.63
(0,1)	32	3	r2	r1	(-4.06,3.24)	5.19	141.44
(0,-1)	3	32	r1	r2	(4.06,-3.24)	5.19	-38.56
(0,-1)	16	21	r1	r2	(-2.06,-4.76)	5.19	-113.37
(0,-1)	21	16	r2	r1	(4.06,-3.24)	5.19	-38.56
(0,-1)	32	3	r2	r1	(-2.06,-4.76)	5.19	-113.37
(1,1)	17	30	r1	r2	(1.24,5.06)	5.21	76.28
(1,1)	23	2	r2	r1	(1.24,5.06)	5.21	76.28
(-1,1)	5	21	r1	r2	(-5.06,1.24)	5.21	166.28
(-1,1)	32	14	r2	r1	(-5.06,1.24)	5.21	166.28
(-1,-1)	2	23	r1	r2	(-1.24,-5.06)	5.21	-103.72
(-1,-1)	30	17	r2	r1	(-1.24,-5.06)	5.21	-103.72
(1,-1)	14	32	r1	r2	(5.06,-1.24)	5.21	-13.72
(1,-1)	21	5	r2	r1	(5.06,-1.24)	5.21	-13.72
(1,1)	3	19	r1	r2	(3.88,3.47)	5.21	41.79
(1,1)	34	16	r2	r1	(3.88,3.47)	5.21	41.79
(-1,1)	10	31	r1	r2	(-3.47,3.88)	5.21	131.79
(-1,1)	22	9	r2	r1	(-3.47,3.88)	5.21	131.79
(-1,-1)	16	34	r1	r2	(-3.88,-3.47)	5.21	-138.21
(-1,-1)	19	3	r2	r1	(-3.88,-3.47)	5.21	-138.21
(1,-1)	9	22	r1	r2	(3.47,-3.88)	5.21	-48.21
(1,-1)	31	10	r2	r1	(3.47,-3.88)	5.21	-48.21
(1,0)	9	28	r1	r2	(5.18,-0.71)	5.22	-7.77
(-1,0)	10	25	r1	r2	(-5.18,0.71)	5.22	172.23
(-1,0)	28	9	r2	r1	(-5.18,0.71)	5.22	172.23
(0,1)	3	29	r1	r2	(0.71,5.18)	5.22	82.23
(0,-1)	16	24	r1	r2	(-0.71,-5.18)	5.22	-97.77
(0,-1)	29	3	r2	r1	(-0.71,-5.18)	5.22	-97.77
(1,0)	7	30	r1	r2	(4.24,3.06)	5.22	35.84
(1,0)	23	12	r2	r1	(4.24,3.06)	5.22	35.84
(1,0)	25	10	r2	r1	(5.18,-0.71)	5.22	-7.77
(-1,0)	12	23	r1	r2	(-4.24,-3.06)	5.22	-144.16
(-1,0)	30	7	r2	r1	(-4.24,-3.06)	5.22	-144.16
(0,1)	11	21	r1	r2	(-3.06,4.24)	5.22	125.84
(0,1)	24	16	r2	r1	(0.71,5.18)	5.22	82.23
(0,1)	32	8	r2	r1	(-3.06,4.24)	5.22	125.84
(0,-1)	8	32	r1	r2	(3.06,-4.24)	5.22	-54.16
(0,-1)	21	11	r2	r1	(3.06,-4.24)	5.22	-54.16
(1,1)	9	27	r1	r2	(4.65,2.41)	5.24	27.43
(1,1)	15	21	r1	r2	(-0.06,5.24)	5.24	90.64
(1,1)	26	10	r2	r1	(4.65,2.41)	5.24	27.43
(1,1)	32	4	r2	r1	(-0.06,5.24)	5.24	90.64
(-1,1)	3	33	r1	r2	(-2.41,4.65)	5.24	117.43
(-1,1)	13	23	r1	r2	(-5.24,-0.06)	5.24	-179.36
(-1,1)	20	16	r2	r1	(-2.41,4.65)	5.24	117.43
(-1,1)	30	6	r2	r1	(-5.24,-0.06)	5.24	-179.36
(-1,-1)	4	32	r1	r2	(0.06,-5.24)	5.24	-89.36
(-1,-1)	10	26	r1	r2	(-4.65,-2.41)	5.24	-152.57
(-1,-1)	21	15	r2	r1	(0.06,-5.24)	5.24	-89.36
(-1,-1)	27	9	r2	r1	(-4.65,-2.41)	5.24	-152.57
(1,-1)	6	30	r1	r2	(5.24,0.06)	5.24	0.64
(1,-1)	16	20	r1	r2	(2.41,-4.65)	5.24	-62.57
(1,-1)	23	13	r2	r1	(5.24,0.06)	5.24	0.64
(1,-1)	33	3	r2	r1	(2.41,-4.65)	5.24	-62.57
(1,1)	16	31	r1	r2	(3.53,3.88)	5.25	47.73
(1,1)	22	3	r2	r1	(3.53,3.88)	5.25	47.73
(-1,1)	9	34	r1	r2	(-3.88,3.53)	5.25	137.73
(-1,1)	19	10	r2	r1	(-3.88,3.53)	5.25	137.73
(-1,-1)	3	22	r1	r2	(-3.53,-3.88)	5.25	-132.27
(-1,-1)	31	16	r2	r1	(-3.53,-3.88)	5.25	-132.27
(1,-1)	34	9	r2	r1	(3.88,-3.53)	5.25	-42.27
(1,1)	14	23	r1	r2	(1.76,4.94)	5.25	70.35
(1,1)	30	5	r2	r1	(1.76,4.94)	5.25	70.35
(-1,1)	17	32	r1	r2	(-4.94,1.76)	5.25	160.35
(-1,1)	21	2	r2	r1	(-4.94,1.76)	5.25	160.35
(-1,-1)	5	30	r1	r2	(-1.76,-4.94)	5.25	-109.65
(-1,-1)	23	14	r2	r1	(-1.76,-4.94)	5.25	-109.65
(1,-1)	2	21	r1	r2	(4.94,-1.76)	5.25	-19.65
(1,-1)	10	19	r1	r2	(3.88,-3.53)	5.25	-42.27
(1,-1)	32	17	r2	r1	(4.94,-1.76)	5.25	-19.65
(1,0)	11	33	r1	r2	(4.59,2.65)	5.30	29.98
(1,0)	20	8	r2	r1	(4.59,2.65)	5.30	29.98
(-1,0)	8	20	r1	r2	(-4.59,-2.65)	5.30	-150.02
(-1,0)	33	11	r2	r1	(-4.59,-2.65)	5.30	-150.02
(0,1)	12	26	r1	r2	(-2.65,4.59)	5.30	119.98
(0,1)	27	7	r2	r1	(-2.65,4.59)	5.30	119.98
(0,-1)	7	27	r1	r2	(2.65,-4.59)	5.30	-60.02
(0,-1)	26	12	r2	r1	(2.65,-4.59)	5.30	-60.02
(1,0)	4	24	r1	r2	(5.29,-0.18)	5.30	-1.91
(1,0)	29	15	r2	r1	(5.29,-0.18)	5.30	-1.91
(-1,0)	15	29	r1	r2	(-5.29,0.18)	5.30	178.09
(-1,0)	24	4	r2	r1	(-5.29,0.18)	5.30	178.09
(0,1)	25	13	r2	r1	(0.18,5.29)	5.30	88.09
(0,-1)	13	25	r1	r2	(-0.18,-5.29)	5.30	-91.91
(0,-1)	28	6	r2	r1	(-0.18,-5.29)	5.30	-91.91
(0,1)	6	28	r1	r2	(0.18,5.29)	5.30	88.09
(1,1)	9	28	r1	r2	(4.18,3.29)	5.32	38.26
(1,1)	11	21	r1	r2	(0.94,5.24)	5.32	79.81
(1,1)	17	33	r1	r2	(2.59,4.65)	5.32	60.88
(1,1)	20	2	r2	r1	(2.59,4.65)	5.32	60.88
(1,1)	32	8	r2	r1	(0.94,5.24)	5.32	79.81
(-1,1)	3	29	r1	r2	(-3.29,4.18)	5.32	128.26
(-1,1)	5	26	r1	r2	(-4.65,2.59)	5.32	150.88
(-1,1)	12	23	r1	r2	(-5.24,0.94)	5.32	169.81
(-1,1)	27	14	r2	r1	(-4.65,2.59)	5.32	150.88
(-1,1)	30	7	r2	r1	(-5.24,0.94)	5.32	169.81
(-1,-1)	2	20	r1	r2	(-2.59,-4.65)	5.32	-119.12
(-1,-1)	8	32	r1	r2	(-0.94,-5.24)	5.32	-100.19
(-1,-1)	10	25	r1	r2	(-4.18,-3.29)	5.32	-141.74
(-1,-1)	21	11	r2	r1	(-0.94,-5.24)	5.32	-100.19
(-1,-1)	28	9	r2	r1	(-4.18,-3.29)	5.32	-141.74
(-1,-1)	33	17	r2	r1	(-2.59,-4.65)	5.32	-119.12
(1,-1)	7	30	r1	r2	(5.24,-0.94)	5.32	-10.19
(1,-1)	14	27	r1	r2	(4.65,-2.59)	5.32	-29.12
(1,-1)	16	24	r1	r2	(3.29,-4.18)	5.32	-51.74
(1,-1)	23	12	r2	r1	(5.24,-0.94)	5.32	-10.19
(1,-1)	26	5	r2	r1	(4.65,-2.59)	5.32	-29.12
(1,-1)	29	3	r2	r1	(3.29,-4.18)	5.32	-51.74
(1,1)	6	19	r1	r2	(2.88,4.47)	5.32	57.19
(1,1)	25	10	r2	r1	(4.18,3.29)	5.32	38.26
(1,1)	34	13	r2	r1	(2.88,4.47)	5.32	57.19
(-1,1)	15	31	r1	r2	(-4.47,2.88)	5.32	147.19
(-1,1)	22	4	r2	r1	(-4.47,2.88)	5.32	147.19
(-1,1)	24	16	r2	r1	(-3.29,4.18)	5.32	128.26
(-1,-1)	13	34	r1	r2	(-2.88,-4.47)	5.32	-122.81
(-1,-1)	19	6	r2	r1	(-2.88,-4.47)	5.32	-122.81
(1,-1)	4	22	r1	r2	(4.47,-2.88)	5.32	-32.81
(1,-1)	31	15	r2	r1	(4.47,-2.88)	5.32	-32.81
(1,1)	5	25	r1	r2	(3.82,3.71)	5.32	44.10
(1,1)	8	22	r1	r2	(1.47,5.12)	5.32	73.97
(1,1)	31	11	r2	r1	(1.47,5.12)	5.32	73.97
(-1,1)	2	24	r1	r2	(-3.71,3.82)	5.32	134.10
(-1,1)	7	19	r1	r2	(-5.12,1.47)	5.32	163.97
(-1,1)	34	12	r2	r1	(-5.12,1.47)	5.32	163.97
(-1,-1)	11	31	r1	r2	(-1.47,-5.12)	5.32	-106.03
(-1,-1)	14	28	r1	r2	(-3.82,-3.71)	5.32	-135.90
(-1,-1)	22	8	r2	r1	(-1.47,-5.12)	5.32	-106.03
(-1,-1)	25	5	r2	r1	(-3.82,-3.71)	5.32	-135.90
(1,-1)	12	34	r1	r2	(5.12,-1.47)	5.32	-16.03
(1,-1)	17	29	r1	r2	(3.71,-3.82)	5.32	-45.90
(1,-1)	19	7	r2	r1	(5.12,-1.47)	5.32	-16.03
(1,-1)	24	2	r2	r1	(3.71,-3.82)	5.32	-45.90
(1,1)	28	14	r2	r1	(3.82,3.71)	5.32	44.10
(-1,1)	29	17	r2	r1	(-3.71,3.82)	5.32	134.10
(1,0)	7	28	r1	r2	(5.18,1.29)	5.34	14.04
(-1,0)	12	25	r1	r2	(-5.18,-1.29)	5.34	-165.96
(-1,0)	28	7	r2	r1	(-5.18,-1.29)	5.34	-165.96
(0,1)	11	29	r1	r2	(-1.29,5.18)	5.34	104.04
(0,-1)	8	24	r1	r2	(1.29,-5.18)	5.34	-75.96
(0,-1)	29	11	r2	r1	(1.29,-5.18)	5.34	-75.96
(1,0)	25	12	r2	r1	(5.18,1.29)	5.34	14.04
(0,1)	24	8	r2	r1	(-1.29,5.18)	5.34	104.04
(1,0)	5	30	r1	r2	(5.24,1.06)	5.34	11.43
(1,0)	9	34	r1	r2	(5.12,1.53)	5.34	16.64
(1,0)	19	10	r2	r1	(5.12,1.53)	5.34	16.64
(1,0)	23	14	r2	r1	(5.24,1.06)	5.34	11.43
(-1,0)	10	19	r1	r2	(-5.12,-1.53)	5.34	-163.36
(-1,0)	14	23	r1	r2	(-5.24,-1.06)	5.34	-168.57
(-1,0)	30	5	r2	r1	(-5.24,-1.06)	5.34	-168.57
(-1,0)	34	9	r2	r1	(-5.12,-1.53)	5.34	-163.36
(0,1)	2	21	r1	r2	(-1.06,5.24)	5.34	101.43
(0,1)	3	22	r1	r2	(-1.53,5.12)	5.34	106.64
(0,1)	31	16	r2	r1	(-1.53,5.12)	5.34	106.64
(0,1)	32	17	r2	r1	(-1.06,5.24)	5.34	101.43
(0,-1)	16	31	r1	r2	(1.53,-5.12)	5.34	-73.36
(0,-1)	17	32	r1	r2	(1.06,-5.24)	5.34	-78.57
(0,-1)	21	2	r2	r1	(1.06,-5.24)	5.34	-78.57
(0,-1)	22	3	r2	r1	(1.53,-5.12)	5.34	-73.36
(1,1)	11	24	r1	r2	(2.29,4.82)	5.34	64.56
(1,1)	12	28	r1	r2	(3.18,4.29)	5.34	53.51
(1,1)	25	7	r2	r1	(3.18,4.29)	5.34	53.51
(-1,1)	8	29	r1	r2	(-4.29,3.18)	5.34	143.51
(-1,1)	12	28	r1	r2	(-4.82,2.29)	5.34	154.56
(-1,1)	24	11	r2	r1	(-4.29,3.18)	5.34	143.51
(-1,1)	25	7	r2	r1	(-4.82,2.29)	5.34	154.56
(-1,-1)	7	25	r1	r2	(-3.18,-4.29)	5.34	-126.49
(-1,-1)	8	29	r1	r2	(-2.29,-4.82)	5.34	-115.44
(-1,-1)	24	11	r2	r1	(-2.29,-4.82)	5.34	-115.44
(-1,-1)	28	12	r2	r1	(-3.18,-4.29)	5.34	-126.49
(1,-1)	7	25	r1	r2	(4.82,-2.29)	5.34	-25.44
(1,-1)	11	24	r1	r2	(4.29,-3.18)	5.34	-36.49
(1,-1)	29	8	r2	r1	(4.29,-3.18)	5.34	-36.49
(1,1)	29	8	r2	r1	(2.29,4.82)	5.34	64.56
(1,-1)	28	12	r2	r1	(4.82,-2.29)	5.34	-25.44
(1,0)	3	24	r1	r2	(5.29,0.82)	5.36	8.84
(1,0)	11	32	r1	r2	(5.06,1.76)	5.36	19.23
(1,0)	21	8	r2	r1	(5.06,1.76)	5.36	19.23
(1,0)	29	16	r2	r1	(5.29,0.82)	5.36	8.84
(-1,0)	8	21	r1	r2	(-5.06,-1.76)	5.36	-160.77
(-1,0)	16	29	r1	r2	(-5.29,-0.82)	5.36	-171.16
(-1,0)	24	3	r2	r1	(-5.29,-0.82)	5.36	-171.16
(-1,0)	32	11	r2	r1	(-5.06,-1.76)	5.36	-160.77
(0,1)	12	30	r1	r2	(-1.76,5.06)	5.36	109.23
(0,1)	23	7	r2	r1	(-1.76,5.06)	5.36	109.23
(0,1)	25	9	r2	r1	(-0.82,5.29)	5.36	98.84
(0,-1)	7	23	r1	r2	(1.76,-5.06)	5.36	-70.77
(0,-1)	9	25	r1	r2	(0.82,-5.29)	5.36	-81.16
(0,-1)	28	10	r2	r1	(0.82,-5.29)	5.36	-81.16
(0,-1)	30	12	r2	r1	(1.76,-5.06)	5.36	-70.77
(0,1)	10	28	r1	r2	(-0.82,5.29)	5.36	98.84
(1,1)	13	31	r1	r2	(4.53,2.88)	5.37	32.47
(1,1)	14	20	r1	r2	(0.41,5.35)	5.37	85.60
(1,1)	22	6	r2	r1	(4.53,2.88)	5.37	32.47
(-1,1)	4	34	r1	r2	(-2.88,4.53)	5.37	122.47
(-1,1)	19	15	r2	r1	(-2.88,4.53)	5.37	122.47
(-1,-1)	6	22	r1	r2	(-4.53,-2.88)	5.37	-147.53
(-1,-1)	31	13	r2	r1	(-4.53,-2.88)	5.37	-147.53
(1,-1)	2	26	r1	r2	(5.35,-0.41)	5.37	-4.40
(1,-1)	34	4	r2	r1	(2.88,-4.53)	5.37	-57.53
(1,-1)	15	19	r1	r2	(2.88,-4.53)	5.37	-57.53
(1,1)	33	5	r2	r1	(0.41,5.35)	5.37	85.60
(-1,1)	17	27	r1	r2	(-5.35,0.41)	5.37	175.60
(-1,1)	26	2	r2	r1	(-5.35,0.41)	5.37	175.60
(-1,-1)	5	33	r1	r2	(-0.41,-5.35)	5.37	-94.40
(-1,-1)	20	14	r2	r1	(-0.41,-5.35)	5.37	-94.40
(1,-1)	27	17	r2	r1	(5.35,-0.41)	5.37	-4.40
(1,0)	1	6	r1	r1	(5.00,2.00)	5.39	21.80
(1,0)	1	22	r1	r2	(3.47,4.12)	5.39	49.87
(1,0)	2	7	r1	r1	(5.00,2.00)	5.39	21.80
(1,0)	3	8	r1	r1	(5.00,2.00)	5.39	21.80
(1,0)	4	9	r1	r1	(5.00,2.00)	5.39	21.80
(1,0)	5	6	r1	r1	(5.00,-2.00)	5.39	-21.80
(1,0)	6	11	r1	r1	(5.00,2.00)	5.39	21.80
(1,0)	7	12	r1	r1	(5.00,2.00)	5.39	21.80
(1,0)	8	13	r1	r1	(5.00,2.00)	5.39	21.80
(1,0)	9	10	r1	r1	(5.00,-2.00)	5.39	-21.80
(1,0)	10	15	r1	r1	(5.00,2.00)	5.39	21.80
(1,0)	11	16	r1	r1	(5.00,2.00)	5.39	21.80
(1,0)	12	17	r1	r1	(5.00,2.00)	5.39	21.80
(1,0)	13	14	r1	r1	(5.00,-2.00)	5.39	-21.80
(1,0)	18	6	r2	r1	(5.00,2.00)	5.39	21.80
(1,0)	18	22	r2	r2	(3.47,4.12)	5.39	49.87
(1,0)	19	26	r2	r2	(3.47,4.12)	5.39	49.87
(1,0)	20	23	r2	r2	(5.35,0.59)	5.39	6.27
(1,0)	21	24	r2	r2	(5.35,0.59)	5.39	6.27
(1,0)	22	25	r2	r2	(5.35,0.59)	5.39	6.27
(1,0)	23	30	r2	r2	(3.47,4.12)	5.39	49.87
(1,0)	24	27	r2	r2	(5.35,0.59)	5.39	6.27
(1,0)	25	28	r2	r2	(5.35,0.59)	5.39	6.27
(1,0)	27	34	r2	r2	(3.47,4.12)	5.39	49.87
(1,0)	29	32	r2	r2	(5.35,0.59)	5.39	6.27
(1,0)	30	33	r2	r2	(5.35,0.59)	5.39	6.27
(-1,0)	6	1	r1	r1	(-5.00,-2.00)	5.39	-158.20
(-1,0)	6	5	r1	r1	(-5.00,2.00)	5.39	158.20
(-1,0)	6	18	r1	r2	(-5.00,-2.00)	5.39	-158.20
(-1,0)	7	2	r1	r1	(-5.00,-2.00)	5.39	-158.20
(-1,0)	8	3	r1	r1	(-5.00,-2.00)	5.39	-158.20
(-1,0)	9	4	r1	r1	(-5.00,-2.00)	5.39	-158.20
(-1,0)	10	9	r1	r1	(-5.00,2.00)	5.39	158.20
(-1,0)	11	6	r1	r1	(-5.00,-2.00)	5.39	-158.20
(-1,0)	12	7	r1	r1	(-5.00,-2.00)	5.39	-158.20
(-1,0)	13	8	r1	r1	(-5.00,-2.00)	5.39	-158.20
(-1,0)	14	13	r1	r1	(-5.00,2.00)	5.39	158.20
(-1,0)	15	10	r1	r1	(-5.00,-2.00)	5.39	-158.20
(-1,0)	16	11	r1	r1	(-5.00,-2.00)	5.39	-158.20
(-1,0)	17	12	r1	r1	(-5.00,-2.00)	5.39	-158.20
(-1,0)	22	1	r2	r1	(-3.47,-4.12)	5.39	-130.13
(-1,0)	22	18	r2	r2	(-3.47,-4.12)	5.39	-130.13
(-1,0)	23	20	r2	r2	(-5.35,-0.59)	5.39	-173.73
(-1,0)	24	21	r2	r2	(-5.35,-0.59)	5.39	-173.73
(-1,0)	25	22	r2	r2	(-5.35,-0.59)	5.39	-173.73
(-1,0)	26	19	r2	r2	(-3.47,-4.12)	5.39	-130.13
(-1,0)	28	25	r2	r2	(-5.35,-0.59)	5.39	-173.73
(-1,0)	29	26	r2	r2	(-5.35,-0.59)	5.39	-173.73
(-1,0)	30	23	r2	r2	(-3.47,-4.12)	5.39	-130.13
(-1,0)	31	28	r2	r2	(-5.35,-0.59)	5.39	-173.73
(-1,0)	32	29	r2	r2	(-5.35,-0.59)	5.39	-173.73
(-1,0)	33	30	r2	r2	(-5.35,-0.59)	5.39	-173.73
(-1,0)	34	27	r2	r2	(-3.47,-4.12)	5.39	-130.13
(0,1)	1	14	r1	r1	(2.00,5.00)	5.39	68.20
(0,1)	2	15	r1	r1	(2.00,5.00)	5.39	68.20
(0,1)	3	16	r1	r1	(2.00,5.00)	5.39	68.20
(0,1)	4	17	r1	r1	(2.00,5.00)	5.39	68.20
(0,1)	6	3	r1	r1	(-2.00,5.00)	5.39	111.80
(0,1)	7	4	r1	r1	(-2.00,5.00)	5.39	111.80
(0,1)	8	5	r1	r1	(-2.00,5.00)	5.39	111.80
(0,1)	10	7	r1	r1	(-2.00,5.00)	5.39	111.80
(0,1)	11	8	r1	r1	(-2.00,5.00)	5.39	111.80
(0,1)	12	9	r1	r1	(-2.00,5.00)	5.39	111.80
(0,1)	14	11	r1	r1	(-2.00,5.00)	5.39	111.80
(0,1)	15	12	r1	r1	(-2.00,5.00)	5.39	111.80
(0,1)	16	13	r1	r1	(-2.00,5.00)	5.39	111.80
(0,1)	18	14	r2	r1	(2.00,5.00)	5.39	68.20
(0,1)	21	26	r2	r2	(-0.59,5.35)	5.39	96.27
(0,1)	24	29	r2	r2	(-0.59,5.35)	5.39	96.27
(0,1)	25	30	r2	r2	(-0.59,5.35)	5.39	96.27
(0,1)	28	33	r2	r2	(-0.59,5.35)	5.39	96.27
(0,1)	31	20	r2	r2	(-4.12,3.47)	5.39	139.87
(0,1)	32	21	r2	r2	(-4.12,3.47)	5.39	139.87
(0,1)	33	22	r2	r2	(-4.12,3.47)	5.39	139.87
(0,-1)	3	6	r1	r1	(2.00,-5.00)	5.39	-68.20
(0,-1)	4	7	r1	r1	(2.00,-5.00)	5.39	-68.20
(0,-1)	5	8	r1	r1	(2.00,-5.00)	5.39	-68.20
(0,-1)	7	10	r1	r1	(2.00,-5.00)	5.39	-68.20
(0,-1)	8	11	r1	r1	(2.00,-5.00)	5.39	-68.20
(0,-1)	9	12	r1	r1	(2.00,-5.00)	5.39	-68.20
(0,-1)	11	14	r1	r1	(2.00,-5.00)	5.39	-68.20
(0,-1)	12	15	r1	r1	(2.00,-5.00)	5.39	-68.20
(0,-1)	13	16	r1	r1	(2.00,-5.00)	5.39	-68.20
(0,-1)	14	1	r1	r1	(-2.00,-5.00)	5.39	-111.80
(0,-1)	14	18	r1	r2	(-2.00,-5.00)	5.39	-111.80
(0,-1)	15	2	r1	r1	(-2.00,-5.00)	5.39	-111.80
(0,-1)	16	3	r1	r1	(-2.00,-5.00)	5.39	-111.80
(0,-1)	17	4	r1	r1	(-2.00,-5.00)	5.39	-111.80
(0,-1)	20	31	r2	r2	(4.12,-3.47)	5.39	-40.13
(0,-1)	21	32	r2	r2	(4.12,-3.47)	5.39	-40.13
(0,-1)	22	33	r2	r2	(4.12,-3.47)	5.39	-40.13
(0,-1)	24	19	r2	r2	(0.59,-5.35)	5.39	-83.73
(0,-1)	26	21	r2	r2	(0.59,-5.35)	5.39	-83.73
(0,-1)	28	23	r2	r2	(0.59,-5.35)	5.39	-83.73
(0,-1)	29	24	r2	r2	(0.59,-5.35)	5.39	-83.73
(0,-1)	30	25	r2	r2	(0.59,-5.35)	5.39	-83.73
(0,-1)	32	27	r2	r2	(0.59,-5.35)	5.39	-83.73
(0,-1)	33	28	r2	r2	(0.59,-5.35)	5.39	-83.73
(0,-1)	34	29	r2	r2	(0.59,-5.35)	5.39	-83.73
(1,1)	5	10	r1	r1	(5.00,2.00)	5.39	21.80
(1,1)	6	2	r1	r1	(2.00,5.00)	5.39	68.20
(1,1)	7	3	r1	r1	(2.00,5.00)	5.39	68.20
(1,1)	8	4	r1	r1	(2.00,5.00)	5.39	68.20
(1,1)	9	5	r1	r1	(2.00,5.00)	5.39	68.20
(1,1)	9	14	r1	r1	(5.00,2.00)	5.39	21.80
(1,1)	10	6	r1	r1	(2.00,5.00)	5.39	68.20
(1,1)	11	7	r1	r1	(2.00,5.00)	5.39	68.20
(1,1)	12	8	r1	r1	(2.00,5.00)	5.39	68.20
(1,1)	13	9	r1	r1	(2.00,5.00)	5.39	68.20
(1,1)	14	10	r1	r1	(2.00,5.00)	5.39	68.20
(1,1)	15	11	r1	r1	(2.00,5.00)	5.39	68.20
(1,1)	16	12	r1	r1	(2.00,5.00)	5.39	68.20
(1,1)	17	13	r1	r1	(2.00,5.00)	5.39	68.20
(1,1)	20	19	r2	r2	(3.47,4.12)	5.39	49.87
(1,1)	21	20	r2	r2	(3.47,4.12)	5.39	49.87
(1,1)	22	21	r2	r2	(3.47,4.12)	5.39	49.87
(1,1)	25	24	r2	r2	(3.47,4.12)	5.39	49.87
(1,1)	26	25	r2	r2	(3.47,4.12)	5.39	49.87
(1,1)	28	27	r2	r2	(3.47,4.12)	5.39	49.87
(1,1)	29	28	r2	r2	(3.47,4.12)	5.39	49.87
(1,1)	30	29	r2	r2	(3.47,4.12)	5.39	49.87
(1,1)	32	22	r2	r2	(-0.59,5.35)	5.39	96.27
(1,1)	32	31	r2	r2	(3.47,4.12)	5.39	49.87
(1,1)	33	32	r2	r2	(3.47,4.12)	5.39	49.87
(1,1)	34	33	r2	r2	(3.47,4.12)	5.39	49.87
(-1,1)	1	15	r1	r1	(-2.00,5.00)	5.39	111.80
(-1,1)	1	19	r1	r2	(-4.12,3.47)	5.39	139.87
(-1,1)	2	1	r1	r1	(-5.00,2.00)	5.39	158.20
(-1,1)	2	16	r1	r1	(-2.00,5.00)	5.39	111.80
(-1,1)	2	18	r1	r2	(-5.00,2.00)	5.39	158.20
(-1,1)	3	2	r1	r1	(-5.00,2.00)	5.39	158.20
(-1,1)	3	17	r1	r1	(-2.00,5.00)	5.39	111.80
(-1,1)	4	3	r1	r1	(-5.00,2.00)	5.39	158.20
(-1,1)	5	4	r1	r1	(-5.00,2.00)	5.39	158.20
(-1,1)	7	6	r1	r1	(-5.00,2.00)	5.39	158.20
(-1,1)	8	7	r1	r1	(-5.00,2.00)	5.39	158.20
(-1,1)	9	8	r1	r1	(-5.00,2.00)	5.39	158.20
(-1,1)	11	10	r1	r1	(-5.00,2.00)	5.39	158.20
(-1,1)	12	11	r1	r1	(-5.00,2.00)	5.39	158.20
(-1,1)	13	12	r1	r1	(-5.00,2.00)	5.39	158.20
(-1,1)	15	14	r1	r1	(-5.00,2.00)	5.39	158.20
(-1,1)	16	15	r1	r1	(-5.00,2.00)	5.39	158.20
(-1,1)	17	16	r1	r1	(-5.00,2.00)	5.39	158.20
(-1,1)	18	15	r2	r1	(-2.00,5.00)	5.39	111.80
(-1,1)	18	19	r2	r2	(-4.12,3.47)	5.39	139.87
(-1,1)	19	23	r2	r2	(-4.12,3.47)	5.39	139.87
(-1,1)	20	24	r2	r2	(-4.12,3.47)	5.39	139.87
(-1,1)	21	25	r2	r2	(-4.12,3.47)	5.39	139.87
(-1,1)	22	26	r2	r2	(-4.12,3.47)	5.39	139.87
(-1,1)	23	27	r2	r2	(-4.12,3.47)	5.39	139.87
(-1,1)	24	28	r2	r2	(-4.12,3.47)	5.39	139.87
(-1,1)	25	29	r2	r2	(-4.12,3.47)	5.39	139.87
(-1,1)	26	30	r2	r2	(-4.12,3.47)	5.39	139.87
(-1,1)	27	31	r2	r2	(-4.12,3.47)	5.39	139.87
(-1,1)	28	32	r2	r2	(-4.12,3.47)	5.39	139.87
(-1,1)	29	33	r2	r2	(-4.12,3.47)	5.39	139.87
(-1,1)	30	19	r2	r2	(-5.35,-0.59)	5.39	-173.73
(-1,1)	30	34	r2	r2	(-4.12,3.47)	5.39	139.87
(-1,-1)	2	6	r1	r1	(-2.00,-5.00)	5.39	-111.80
(-1,-1)	3	7	r1	r1	(-2.00,-5.00)	5.39	-111.80
(-1,-1)	4	8	r1	r1	(-2.00,-5.00)	5.39	-111.80
(-1,-1)	5	9	r1	r1	(-2.00,-5.00)	5.39	-111.80
(-1,-1)	6	10	r1	r1	(-2.00,-5.00)	5.39	-111.80
(-1,-1)	7	11	r1	r1	(-2.00,-5.00)	5.39	-111.80
(-1,-1)	8	12	r1	r1	(-2.00,-5.00)	5.39	-111.80
(-1,-1)	9	13	r1	r1	(-2.00,-5.00)	5.39	-111.80
(-1,-1)	10	5	r1	r1	(-5.00,-2.00)	5.39	-158.20
(-1,-1)	10	14	r1	r1	(-2.00,-5.00)	5.39	-111.80
(-1,-1)	11	15	r1	r1	(-2.00,-5.00)	5.39	-111.80
(-1,-1)	12	16	r1	r1	(-2.00,-5.00)	5.39	-111.80
(-1,-1)	13	17	r1	r1	(-2.00,-5.00)	5.39	-111.80
(-1,-1)	14	9	r1	r1	(-5.00,-2.00)	5.39	-158.20
(-1,-1)	19	20	r2	r2	(-3.47,-4.12)	5.39	-130.13
(-1,-1)	20	21	r2	r2	(-3.47,-4.12)	5.39	-130.13
(-1,-1)	21	22	r2	r2	(-3.47,-4.12)	5.39	-130.13
(-1,-1)	23	24	r2	r2	(-3.47,-4.12)	5.39	-130.13
(-1,-1)	24	25	r2	r2	(-3.47,-4.12)	5.39	-130.13
(-1,-1)	25	26	r2	r2	(-3.47,-4.12)	5.39	-130.13
(-1,-1)	27	28	r2	r2	(-3.47,-4.12)	5.39	-130.13
(-1,-1)	28	29	r2	r2	(-3.47,-4.12)	5.39	-130.13
(-1,-1)	29	30	r2	r2	(-3.47,-4.12)	5.39	-130.13
(-1,-1)	31	32	r2	r2	(-3.47,-4.12)	5.39	-130.13
(-1,-1)	32	33	r2	r2	(-3.47,-4.12)	5.39	-130.13
(-1,-1)	33	34	r2	r2	(-3.47,-4.12)	5.39	-130.13
(1,-1)	1	2	r1	r1	(5.00,-2.00)	5.39	-21.80
(1,-1)	1	26	r1	r2	(5.35,0.59)	5.39	6.27
(1,-1)	2	3	r1	r1	(5.00,-2.00)	5.39	-21.80
(1,-1)	3	4	r1	r1	(5.00,-2.00)	5.39	-21.80
(1,-1)	4	5	r1	r1	(5.00,-2.00)	5.39	-21.80
(1,-1)	6	7	r1	r1	(5.00,-2.00)	5.39	-21.80
(1,-1)	7	8	r1	r1	(5.00,-2.00)	5.39	-21.80
(1,-1)	8	9	r1	r1	(5.00,-2.00)	5.39	-21.80
(1,-1)	10	11	r1	r1	(5.00,-2.00)	5.39	-21.80
(1,-1)	11	12	r1	r1	(5.00,-2.00)	5.39	-21.80
(1,-1)	12	13	r1	r1	(5.00,-2.00)	5.39	-21.80
(1,-1)	14	15	r1	r1	(5.00,-2.00)	5.39	-21.80
(1,-1)	15	1	r1	r1	(2.00,-5.00)	5.39	-68.20
(1,-1)	15	16	r1	r1	(5.00,-2.00)	5.39	-21.80
(1,-1)	15	18	r1	r2	(2.00,-5.00)	5.39	-68.20
(1,-1)	16	2	r1	r1	(2.00,-5.00)	5.39	-68.20
(1,-1)	16	17	r1	r1	(5.00,-2.00)	5.39	-21.80
(1,-1)	17	3	r1	r1	(2.00,-5.00)	5.39	-68.20
(1,-1)	18	2	r2	r1	(5.00,-2.00)	5.39	-21.80
(1,-1)	18	26	r2	r2	(5.35,0.59)	5.39	6.27
(1,-1)	19	1	r2	r1	(4.12,-3.47)	5.39	-40.13
(1,-1)	19	18	r2	r2	(4.12,-3.47)	5.39	-40.13
(1,-1)	23	34	r2	r2	(5.35,0.59)	5.39	6.27
(1,-1)	26	22	r2	r2	(4.12,-3.47)	5.39	-40.13
(1,-1)	27	23	r2	r2	(4.12,-3.47)	5.39	-40.13
(1,-1)	28	24	r2	r2	(4.12,-3.47)	5.39	-40.13
(1,-1)	29	25	r2	r2	(4.12,-3.47)	5.39	-40.13
(1,-1)	30	26	r2	r2	(4.12,-3.47)	5.39	-40.13
(1,-1)	31	27	r2	r2	(4.12,-3.47)	5.39	-40.13
(1,-1)	32	28	r2	r2	(4.12,-3.47)	5.39	-40.13
(1,-1)	33	29	r2	r2	(4.12,-3.47)	5.39	-40.13
(1,-1)	34	30	r2	r2	(4.12,-3.47)	5.39	-40.13
(1,0)	26	29	r2	r2	(5.35,0.59)	5.39	6.27
(1,0)	28	31	r2	r2	(5.35,0.59)	5.39	6.27
(-1,0)	27	24	r2	r2	(-5.35,-0.59)	5.39	-173.73
(0,1)	1	20	r1	r2	(-0.59,5.35)	5.39	96.27
(0,1)	18	20	r2	r2	(-0.59,5.35)	5.39	96.27
(0,1)	19	24	r2	r2	(-0.59,5.35)	5.39	96.27
(0,1)	20	25	r2	r2	(-0.59,5.35)	5.39	96.27
(0,1)	23	28	r2	r2	(-0.59,5.35)	5.39	96.27
(0,1)	27	32	r2	r2	(-0.59,5.35)	5.39	96.27
(0,1)	29	34	r2	r2	(-0.59,5.35)	5.39	96.27
(0,-1)	20	1	r2	r1	(0.59,-5.35)	5.39	-83.73
(0,-1)	20	18	r2	r2	(0.59,-5.35)	5.39	-83.73
(0,-1)	25	20	r2	r2	(0.59,-5.35)	5.39	-83.73
(1,1)	24	23	r2	r2	(3.47,4.12)	5.39	49.87
(1,1)	31	21	r2	r2	(-0.59,5.35)	5.39	96.27
(-1,1)	26	1	r2	r1	(-5.35,-0.59)	5.39	-173.73
(-1,1)	26	18	r2	r2	(-5.35,-0.59)	5.39	-173.73
(-1,1)	34	23	r2	r2	(-5.35,-0.59)	5.39	-173.73
(-1,-1)	21	31	r2	r2	(0.59,-5.35)	5.39	-83.73
(-1,-1)	22	32	r2	r2	(0.59,-5.35)	5.39	-83.73
(1,-1)	19	30	r2	r2	(5.35,0.59)	5.39	6.27
(1,-1)	23	19	r2	r2	(4.12,-3.47)	5.39	-40.13
(1,-1)	24	20	r2	r2	(4.12,-3.47)	5.39	-40.13
(1,-1)	25	21	r2	r2	(4.12,-3.47)	5.39	-40.13
(1,0)	11	34	r1	r2	(4.12,3.53)	5.42	40.60
(1,0)	19	8	r2	r1	(4.12,3.53)	5.42	40.60
(-1,0)	8	19	r1	r2	(-4.12,-3.53)	5.42	-139.40
(-1,0)	34	11	r2	r1	(-4.12,-3.53)	5.42	-139.40
(0,1)	12	22	r1	r2	(-3.53,4.12)	5.42	130.60
(0,1)	31	7	r2	r1	(-3.53,4.12)	5.42	130.60
(0,-1)	7	31	r1	r2	(3.53,-4.12)	5.42	-49.40
(0,-1)	22	12	r2	r1	(3.53,-4.12)	5.42	-49.40
(1,0)	5	24	r1	r2	(5.29,-1.18)	5.42	-12.53
(1,0)	29	14	r2	r1	(5.29,-1.18)	5.42	-12.53
(-1,0)	14	29	r1	r2	(-5.29,1.18)	5.42	167.47
(-1,0)	24	5	r2	r1	(-5.29,1.18)	5.42	167.47
(0,1)	25	17	r2	r1	(1.18,5.29)	5.42	77.47
(0,-1)	17	25	r1	r2	(-1.18,-5.29)	5.42	-102.53
(0,-1)	28	2	r2	r1	(-1.18,-5.29)	5.42	-102.53
(0,1)	2	28	r1	r2	(1.18,5.29)	5.42	77.47
(1,1)	16	29	r1	r2	(1.71,5.18)	5.45	71.76
(-1,1)	9	25	r1	r2	(-5.18,1.71)	5.45	161.76
(-1,1)	28	10	r2	r1	(-5.18,1.71)	5.45	161.76
(-1,-1)	3	24	r1	r2	(-1.71,-5.18)	5.45	-108.24
(-1,-1)	29	16	r2	r1	(-1.71,-5.18)	5.45	-108.24
(1,-1)	10	28	r1	r2	(5.18,-1.71)	5.45	-18.24
(1,1)	7	23	r1	r2	(3.76,3.94)	5.45	46.31
(1,1)	24	3	r2	r1	(1.71,5.18)	5.45	71.76
(1,1)	30	12	r2	r1	(3.76,3.94)	5.45	46.31
(-1,1)	11	32	r1	r2	(-3.94,3.76)	5.45	136.31
(-1,1)	21	8	r2	r1	(-3.94,3.76)	5.45	136.31
(-1,-1)	12	30	r1	r2	(-3.76,-3.94)	5.45	-133.69
(-1,-1)	23	7	r2	r1	(-3.76,-3.94)	5.45	-133.69
(1,-1)	8	21	r1	r2	(3.94,-3.76)	5.45	-43.69
(1,-1)	25	9	r2	r1	(5.18,-1.71)	5.45	-18.24
(1,-1)	32	11	r2	r1	(3.94,-3.76)	5.45	-43.69
(-1,1)	7	24	r1	r2	(-4.71,2.82)	5.49	149.04
(1,-1)	12	29	r1	r2	(4.71,-2.82)	5.49	-30.96
(1,1)	8	25	r1	r2	(2.82,4.71)	5.49	59.04
(1,1)	28	11	r2	r1	(2.82,4.71)	5.49	59.04
(-1,1)	29	12	r2	r1	(-4.71,2.82)	5.49	149.04
(-1,-1)	11	28	r1	r2	(-2.82,-4.71)	5.49	-120.96
(-1,-1)	25	8	r2	r1	(-2.82,-4.71)	5.49	-120.96
(1,-1)	24	7	r2	r1	(4.71,-2.82)	5.49	-30.96
(1,0)	5	19	r1	r2	(4.88,-2.53)	5.50	-27.39
(1,0)	14	34	r1	r2	(3.12,4.53)	5.50	55.46
(1,0)	19	5	r2	r1	(3.12,4.53)	5.50	55.46
(-1,0)	5	19	r1	r2	(-3.12,-4.53)	5.50	-124.54
(-1,0)	34	14	r2	r1	(-3.12,-4.53)	5.50	-124.54
(0,1)	2	31	r1	r2	(2.53,4.88)	5.50	62.61
(0,1)	17	22	r1	r2	(-4.53,3.12)	5.50	145.46
(0,1)	31	2	r2	r1	(-4.53,3.12)	5.50	145.46
(0,-1)	2	31	r1	r2	(4.53,-3.12)	5.50	-34.54
(0,-1)	22	17	r2	r1	(4.53,-3.12)	5.50	-34.54
(1,0)	34	14	r2	r1	(4.88,-2.53)	5.50	-27.39
(-1,0)	14	34	r1	r2	(-4.88,2.53)	5.50	152.61
(-1,0)	19	5	r2	r1	(-4.88,2.53)	5.50	152.61
(0,1)	22	17	r2	r1	(2.53,4.88)	5.50	62.61
(0,-1)	17	22	r1	r2	(-2.53,-4.88)	5.50	-117.39
(0,-1)	31	2	r2	r1	(-2.53,-4.88)	5.50	-117.39
(1,0)	2	25	r1	r2	(4.82,2.71)	5.53	29.29
(1,0)	12	31	r1	r2	(5.53,-0.12)	5.53	-1.22
(1,0)	22	7	r2	r1	(5.53,-0.12)	5.53	-1.22
(-1,0)	7	22	r1	r2	(-5.53,0.12)	5.53	178.78
(-1,0)	17	28	r1	r2	(-4.82,-2.71)	5.53	-150.71
(-1,0)	25	2	r2	r1	(-4.82,-2.71)	5.53	-150.71
(-1,0)	31	12	r2	r1	(-5.53,0.12)	5.53	178.78
(0,1)	8	34	r1	r2	(0.12,5.53)	5.53	88.78
(0,1)	19	11	r2	r1	(0.12,5.53)	5.53	88.78
(0,-1)	5	29	r1	r2	(2.71,-4.82)	5.53	-60.71
(0,-1)	11	19	r1	r2	(-0.12,-5.53)	5.53	-91.22
(0,-1)	24	14	r2	r1	(2.71,-4.82)	5.53	-60.71
(0,-1)	34	8	r2	r1	(-0.12,-5.53)	5.53	-91.22
(1,1)	3	20	r1	r2	(3.41,4.35)	5.53	51.91
(1,1)	13	30	r1	r2	(2.24,5.06)	5.53	66.16
(1,1)	23	6	r2	r1	(2.24,5.06)	5.53	66.16
(-1,1)	4	21	r1	r2	(-5.06,2.24)	5.53	156.16
(-1,1)	32	15	r2	r1	(-5.06,2.24)	5.53	156.16
(-1,-1)	6	23	r1	r2	(-2.24,-5.06)	5.53	-113.84
(-1,-1)	30	13	r2	r1	(-2.24,-5.06)	5.53	-113.84
(1,-1)	9	26	r1	r2	(4.35,-3.41)	5.53	-38.09
(1,-1)	15	32	r1	r2	(5.06,-2.24)	5.53	-23.84
(1,-1)	21	4	r2	r1	(5.06,-2.24)	5.53	-23.84
(1,0)	28	17	r2	r1	(4.82,2.71)	5.53	29.29
(0,1)	14	24	r1	r2	(-2.71,4.82)	5.53	119.29
(0,1)	29	5	r2	r1	(-2.71,4.82)	5.53	119.29
(1,1)	33	16	r2	r1	(3.41,4.35)	5.53	51.91
(-1,1)	10	27	r1	r2	(-4.35,3.41)	5.53	141.91
(-1,1)	26	9	r2	r1	(-4.35,3.41)	5.53	141.91
(-1,-1)	16	33	r1	r2	(-3.41,-4.35)	5.53	-128.09
(-1,-1)	20	3	r2	r1	(-3.41,-4.35)	5.53	-128.09
(1,-1)	27	10	r2	r1	(4.35,-3.41)	5.53	-38.09
(1,1)	10	20	r1	r2	(1.41,5.35)	5.54	75.23
(1,1)	13	32	r1	r2	(4.06,3.76)	5.54	42.85
(1,1)	21	6	r2	r1	(4.06,3.76)	5.54	42.85
(-1,1)	4	30	r1	r2	(-3.76,4.06)	5.54	132.85
(-1,1)	23	15	r2	r1	(-3.76,4.06)	5.54	132.85
(-1,-1)	6	21	r1	r2	(-4.06,-3.76)	5.54	-137.15
(-1,-1)	32	13	r2	r1	(-4.06,-3.76)	5.54	-137.15
(1,-1)	3	26	r1	r2	(5.35,-1.41)	5.54	-14.77
(1,-1)	15	23	r1	r2	(3.76,-4.06)	5.54	-47.15
(1,-1)	30	4	r2	r1	(3.76,-4.06)	5.54	-47.15
(1,1)	33	9	r2	r1	(1.41,5.35)	5.54	75.23
(-1,1)	16	27	r1	r2	(-5.35,1.41)	5.54	165.23
(-1,1)	26	3	r2	r1	(-5.35,1.41)	5.54	165.23
(-1,-1)	9	33	r1	r2	(-1.41,-5.35)	5.54	-104.77
(-1,-1)	20	10	r2	r1	(-1.41,-5.35)	5.54	-104.77
(1,-1)	27	16	r2	r1	(5.35,-1.41)	5.54	-14.77
(1,1)	9	29	r1	r2	(3.71,4.18)	5.58	48.42
(-1,1)	3	25	r1	r2	(-4.18,3.71)	5.58	138.42
(1,1)	7	21	r1	r2	(1.94,5.24)	5.58	69.66
(1,1)	32	12	r2	r1	(1.94,5.24)	5.58	69.66
(-1,1)	11	23	r1	r2	(-5.24,1.94)	5.58	159.66
(-1,1)	28	16	r2	r1	(-4.18,3.71)	5.58	138.42
(-1,1)	30	8	r2	r1	(-5.24,1.94)	5.58	159.66
(-1,-1)	10	24	r1	r2	(-3.71,-4.18)	5.58	-131.58
(-1,-1)	12	32	r1	r2	(-1.94,-5.24)	5.58	-110.34
(-1,-1)	21	7	r2	r1	(-1.94,-5.24)	5.58	-110.34
(-1,-1)	29	9	r2	r1	(-3.71,-4.18)	5.58	-131.58
(1,-1)	8	30	r1	r2	(5.24,-1.94)	5.58	-20.34
(1,-1)	16	28	r1	r2	(4.18,-3.71)	5.58	-41.58
(1,-1)	23	11	r2	r1	(5.24,-1.94)	5.58	-20.34
(1,1)	24	10	r2	r1	(3.71,4.18)	5.58	48.42
(1,-1)	25	3	r2	r1	(4.18,-3.71)	5.58	-41.58
(1,0)	2	24	r1	r2	(5.29,1.82)	5.60	19.01
(1,0)	11	31	r1	r2	(5.53,0.88)	5.60	9.07
(1,0)	22	8	r2	r1	(5.53,0.88)	5.60	9.07
(1,0)	29	17	r2	r1	(5.29,1.82)	5.60	19.01
(-1,0)	8	22	r1	r2	(-5.53,-0.88)	5.60	-170.93
(-1,0)	17	29	r1	r2	(-5.29,-1.82)	5.60	-160.99
(-1,0)	24	2	r2	r1	(-5.29,-1.82)	5.60	-160.99
(-1,0)	31	11	r2	r1	(-5.53,-0.88)	5.60	-170.93
(0,1)	12	34	r1	r2	(-0.88,5.53)	5.60	99.07
(0,1)	19	7	r2	r1	(-0.88,5.53)	5.60	99.07
(0,1)	25	5	r2	r1	(-1.82,5.29)	5.60	109.01
(0,-1)	5	25	r1	r2	(1.82,-5.29)	5.60	-70.99
(0,-1)	7	19	r1	r2	(0.88,-5.53)	5.60	-80.93
(0,-1)	28	14	r2	r1	(1.82,-5.29)	5.60	-70.99
(0,-1)	34	12	r2	r1	(0.88,-5.53)	5.60	-80.93
(1,1)	4	23	r1	r2	(4.76,2.94)	5.60	31.69
(1,1)	16	26	r1	r2	(0.35,5.59)	5.60	86.39
(1,1)	27	3	r2	r1	(0.35,5.59)	5.60	86.39
(1,1)	30	15	r2	r1	(4.76,2.94)	5.60	31.69
(-1,1)	6	32	r1	r2	(-2.94,4.76)	5.60	121.69
(-1,1)	9	20	r1	r2	(-5.59,0.35)	5.60	176.39
(-1,1)	21	13	r2	r1	(-2.94,4.76)	5.60	121.69
(-1,1)	33	10	r2	r1	(-5.59,0.35)	5.60	176.39
(-1,-1)	3	27	r1	r2	(-0.35,-5.59)	5.60	-93.61
(-1,-1)	15	30	r1	r2	(-4.76,-2.94)	5.60	-148.31
(-1,-1)	23	4	r2	r1	(-4.76,-2.94)	5.60	-148.31
(-1,-1)	26	16	r2	r1	(-0.35,-5.59)	5.60	-93.61
(1,-1)	10	33	r1	r2	(5.59,-0.35)	5.60	-3.61
(1,-1)	13	21	r1	r2	(2.94,-4.76)	5.60	-58.31
(1,-1)	20	9	r2	r1	(5.59,-0.35)	5.60	-3.61
(1,-1)	32	6	r2	r1	(2.94,-4.76)	5.60	-58.31
(0,1)	14	28	r1	r2	(-1.82,5.29)	5.60	109.01
(1,0)	4	30	r1	r2	(5.24,2.06)	5.63	21.47
(1,0)	9	33	r1	r2	(5.59,0.65)	5.63	6.60
(1,0)	20	10	r2	r1	(5.59,0.65)	5.63	6.60
(1,0)	23	15	r2	r1	(5.24,2.06)	5.63	21.47
(-1,0)	10	20	r1	r2	(-5.59,-0.65)	5.63	-173.40
(-1,0)	15	23	r1	r2	(-5.24,-2.06)	5.63	-158.53
(-1,0)	30	4	r2	r1	(-5.24,-2.06)	5.63	-158.53
(-1,0)	33	9	r2	r1	(-5.59,-0.65)	5.63	-173.40
(0,1)	3	26	r1	r2	(-0.65,5.59)	5.63	96.60
(0,1)	6	21	r1	r2	(-2.06,5.24)	5.63	111.47
(0,1)	27	16	r2	r1	(-0.65,5.59)	5.63	96.60
(0,1)	32	13	r2	r1	(-2.06,5.24)	5.63	111.47
(0,-1)	13	32	r1	r2	(2.06,-5.24)	5.63	-68.53
(0,-1)	16	27	r1	r2	(0.65,-5.59)	5.63	-83.40
(0,-1)	21	6	r2	r1	(2.06,-5.24)	5.63	-68.53
(0,-1)	26	3	r2	r1	(0.65,-5.59)	5.63	-83.40
(1,0)	2	26	r1	r2	(4.35,3.59)	5.64	39.50
(1,0)	13	31	r1	r2	(5.53,-1.12)	5.64	-11.43
(1,0)	22	6	r2	r1	(5.53,-1.12)	5.64	-11.43
(-1,0)	6	22	r1	r2	(-5.53,1.12)	5.64	168.57
(-1,0)	31	13	r2	r1	(-5.53,1.12)	5.64	168.57
(0,1)	4	34	r1	r2	(1.12,5.53)	5.64	78.57
(0,1)	19	15	r2	r1	(1.12,5.53)	5.64	78.57
(0,-1)	5	33	r1	r2	(3.59,-4.35)	5.64	-50.50
(0,-1)	15	19	r1	r2	(-1.12,-5.53)	5.64	-101.43
(0,-1)	34	4	r2	r1	(-1.12,-5.53)	5.64	-101.43
(1,0)	27	17	r2	r1	(4.35,3.59)	5.64	39.50
(-1,0)	17	27	r1	r2	(-4.35,-3.59)	5.64	-140.50
(-1,0)	26	2	r2	r1	(-4.35,-3.59)	5.64	-140.50
(0,1)	14	20	r1	r2	(-3.59,4.35)	5.64	129.50
(0,1)	33	5	r2	r1	(-3.59,4.35)	5.64	129.50
(0,-1)	20	14	r2	r1	(3.59,-4.35)	5.64	-50.50
(1,0)	22	19	r2	r2	(5.41,-1.65)	5.66	-16.93
(1,0)	30	27	r2	r2	(5.41,-1.65)	5.66	-16.93
(0,1)	19	31	r2	r2	(1.65,5.41)	5.66	73.07
(0,1)	21	33	r2	r2	(1.65,5.41)	5.66	73.07
(1,1)	23	20	r2	r2	(1.65,5.41)	5.66	73.07
(1,1)	25	22	r2	r2	(1.65,5.41)	5.66	73.07
(1,1)	32	29	r2	r2	(1.65,5.41)	5.66	73.07
(-1,1)	24	19	r2	r2	(-5.41,1.65)	5.66	163.07
(-1,1)	25	20	r2	r2	(-5.41,1.65)	5.66	163.07
(-1,1)	29	24	r2	r2	(-5.41,1.65)	5.66	163.07
(-1,1)	30	25	r2	r2	(-5.41,1.65)	5.66	163.07
(-1,1)	33	28	r2	r2	(-5.41,1.65)	5.66	163.07
(-1,-1)	24	27	r2	r2	(-1.65,-5.41)	5.66	-106.93
(-1,-1)	26	29	r2	r2	(-1.65,-5.41)	5.66	-106.93
(1,-1)	20	25	r2	r2	(5.41,-1.65)	5.66	-16.93
(1,-1)	21	26	r2	r2	(5.41,-1.65)	5.66	-16.93
(1,-1)	23	28	r2	r2	(5.41,-1.65)	5.66	-16.93
(1,-1)	24	29	r2	r2	(5.41,-1.65)	5.66	-16.93
(1,-1)	29	34	r2	r2	(5.41,-1.65)	5.66	-16.93
(1,0)	1	4	r1	r1	(4.00,4.00)	5.66	45.00
(1,0)	2	5	r1	r1	(4.00,4.00)	5.66	45.00
(1,0)	6	9	r1	r1	(4.00,4.00)	5.66	45.00
(1,0)	10	13	r1	r1	(4.00,4.00)	5.66	45.00
(1,0)	14	17	r1	r1	(4.00,4.00)	5.66	45.00
(1,0)	18	4	r2	r1	(4.00,4.00)	5.66	45.00
(1,0)	26	23	r2	r2	(5.41,-1.65)	5.66	-16.93
(1,0)	34	31	r2	r2	(5.41,-1.65)	5.66	-16.93
(-1,0)	4	1	r1	r1	(-4.00,-4.00)	5.66	-135.00
(-1,0)	4	18	r1	r2	(-4.00,-4.00)	5.66	-135.00
(-1,0)	5	2	r1	r1	(-4.00,-4.00)	5.66	-135.00
(-1,0)	9	6	r1	r1	(-4.00,-4.00)	5.66	-135.00
(-1,0)	13	10	r1	r1	(-4.00,-4.00)	5.66	-135.00
(-1,0)	17	14	r1	r1	(-4.00,-4.00)	5.66	-135.00
(-1,0)	19	22	r2	r2	(-5.41,1.65)	5.66	163.07
(-1,0)	23	26	r2	r2	(-5.41,1.65)	5.66	163.07
(-1,0)	27	30	r2	r2	(-5.41,1.65)	5.66	163.07
(-1,0)	31	34	r2	r2	(-5.41,1.65)	5.66	163.07
(0,1)	1	27	r1	r2	(1.65,5.41)	5.66	73.07
(0,1)	14	2	r1	r1	(-4.00,4.00)	5.66	135.00
(0,1)	15	3	r1	r1	(-4.00,4.00)	5.66	135.00
(0,1)	16	4	r1	r1	(-4.00,4.00)	5.66	135.00
(0,1)	17	5	r1	r1	(-4.00,4.00)	5.66	135.00
(0,1)	18	27	r2	r2	(1.65,5.41)	5.66	73.07
(0,1)	20	32	r2	r2	(1.65,5.41)	5.66	73.07
(0,1)	22	34	r2	r2	(1.65,5.41)	5.66	73.07
(0,-1)	2	14	r1	r1	(4.00,-4.00)	5.66	-45.00
(0,-1)	3	15	r1	r1	(4.00,-4.00)	5.66	-45.00
(0,-1)	4	16	r1	r1	(4.00,-4.00)	5.66	-45.00
(0,-1)	5	17	r1	r1	(4.00,-4.00)	5.66	-45.00
(0,-1)	27	1	r2	r1	(-1.65,-5.41)	5.66	-106.93
(0,-1)	27	18	r2	r2	(-1.65,-5.41)	5.66	-106.93
(0,-1)	31	19	r2	r2	(-1.65,-5.41)	5.66	-106.93
(0,-1)	32	20	r2	r2	(-1.65,-5.41)	5.66	-106.93
(0,-1)	33	21	r2	r2	(-1.65,-5.41)	5.66	-106.93
(0,-1)	34	22	r2	r2	(-1.65,-5.41)	5.66	-106.93
(1,1)	3	6	r1	r1	(4.00,4.00)	5.66	45.00
(1,1)	4	7	r1	r1	(4.00,4.00)	5.66	45.00
(1,1)	5	8	r1	r1	(4.00,4.00)	5.66	45.00
(1,1)	7	10	r1	r1	(4.00,4.00)	5.66	45.00
(1,1)	8	11	r1	r1	(4.00,4.00)	5.66	45.00
(1,1)	9	12	r1	r1	(4.00,4.00)	5.66	45.00
(1,1)	11	14	r1	r1	(4.00,4.00)	5.66	45.00
(1,1)	12	15	r1	r1	(4.00,4.00)	5.66	45.00
(1,1)	13	16	r1	r1	(4.00,4.00)	5.66	45.00
(1,1)	24	21	r2	r2	(1.65,5.41)	5.66	73.07
(1,1)	27	24	r2	r2	(1.65,5.41)	5.66	73.07
(1,1)	28	25	r2	r2	(1.65,5.41)	5.66	73.07
(1,1)	29	26	r2	r2	(1.65,5.41)	5.66	73.07
(1,1)	31	28	r2	r2	(1.65,5.41)	5.66	73.07
(1,1)	33	30	r2	r2	(1.65,5.41)	5.66	73.07
(-1,1)	1	6	r1	r1	(-4.00,4.00)	5.66	135.00
(-1,1)	2	7	r1	r1	(-4.00,4.00)	5.66	135.00
(-1,1)	3	8	r1	r1	(-4.00,4.00)	5.66	135.00
(-1,1)	4	9	r1	r1	(-4.00,4.00)	5.66	135.00
(-1,1)	6	11	r1	r1	(-4.00,4.00)	5.66	135.00
(-1,1)	7	12	r1	r1	(-4.00,4.00)	5.66	135.00
(-1,1)	8	13	r1	r1	(-4.00,4.00)	5.66	135.00
(-1,1)	10	15	r1	r1	(-4.00,4.00)	5.66	135.00
(-1,1)	11	16	r1	r1	(-4.00,4.00)	5.66	135.00
(-1,1)	12	17	r1	r1	(-4.00,4.00)	5.66	135.00
(-1,1)	18	6	r2	r1	(-4.00,4.00)	5.66	135.00
(-1,1)	20	1	r2	r1	(-5.41,1.65)	5.66	163.07
(-1,1)	20	18	r2	r2	(-5.41,1.65)	5.66	163.07
(-1,1)	26	21	r2	r2	(-5.41,1.65)	5.66	163.07
(-1,1)	28	23	r2	r2	(-5.41,1.65)	5.66	163.07
(-1,1)	32	27	r2	r2	(-5.41,1.65)	5.66	163.07
(-1,1)	34	29	r2	r2	(-5.41,1.65)	5.66	163.07
(-1,-1)	6	3	r1	r1	(-4.00,-4.00)	5.66	-135.00
(-1,-1)	7	4	r1	r1	(-4.00,-4.00)	5.66	-135.00
(-1,-1)	8	5	r1	r1	(-4.00,-4.00)	5.66	-135.00
(-1,-1)	10	7	r1	r1	(-4.00,-4.00)	5.66	-135.00
(-1,-1)	11	8	r1	r1	(-4.00,-4.00)	5.66	-135.00
(-1,-1)	12	9	r1	r1	(-4.00,-4.00)	5.66	-135.00
(-1,-1)	14	11	r1	r1	(-4.00,-4.00)	5.66	-135.00
(-1,-1)	15	12	r1	r1	(-4.00,-4.00)	5.66	-135.00
(-1,-1)	16	13	r1	r1	(-4.00,-4.00)	5.66	-135.00
(-1,-1)	20	23	r2	r2	(-1.65,-5.41)	5.66	-106.93
(-1,-1)	21	24	r2	r2	(-1.65,-5.41)	5.66	-106.93
(-1,-1)	22	25	r2	r2	(-1.65,-5.41)	5.66	-106.93
(-1,-1)	25	28	r2	r2	(-1.65,-5.41)	5.66	-106.93
(-1,-1)	28	31	r2	r2	(-1.65,-5.41)	5.66	-106.93
(-1,-1)	29	32	r2	r2	(-1.65,-5.41)	5.66	-106.93
(-1,-1)	30	33	r2	r2	(-1.65,-5.41)	5.66	-106.93
(1,-1)	1	20	r1	r2	(5.41,-1.65)	5.66	-16.93
(1,-1)	6	1	r1	r1	(4.00,-4.00)	5.66	-45.00
(1,-1)	6	18	r1	r2	(4.00,-4.00)	5.66	-45.00
(1,-1)	7	2	r1	r1	(4.00,-4.00)	5.66	-45.00
(1,-1)	8	3	r1	r1	(4.00,-4.00)	5.66	-45.00
(1,-1)	9	4	r1	r1	(4.00,-4.00)	5.66	-45.00
(1,-1)	11	6	r1	r1	(4.00,-4.00)	5.66	-45.00
(1,-1)	12	7	r1	r1	(4.00,-4.00)	5.66	-45.00
(1,-1)	13	8	r1	r1	(4.00,-4.00)	5.66	-45.00
(1,-1)	15	10	r1	r1	(4.00,-4.00)	5.66	-45.00
(1,-1)	16	11	r1	r1	(4.00,-4.00)	5.66	-45.00
(1,-1)	17	12	r1	r1	(4.00,-4.00)	5.66	-45.00
(1,-1)	18	20	r2	r2	(5.41,-1.65)	5.66	-16.93
(1,-1)	19	24	r2	r2	(5.41,-1.65)	5.66	-16.93
(1,-1)	25	30	r2	r2	(5.41,-1.65)	5.66	-16.93
(1,-1)	27	32	r2	r2	(5.41,-1.65)	5.66	-16.93
(1,-1)	28	33	r2	r2	(5.41,-1.65)	5.66	-16.93
(1,0)	6	28	r1	r2	(5.18,2.29)	5.66	23.90
(1,0)	7	27	r1	r2	(5.65,0.41)	5.66	4.17
(1,0)	26	12	r2	r1	(5.65,0.41)	5.66	4.17
(-1,0)	12	26	r1	r2	(-5.65,-0.41)	5.66	-175.83
(-1,0)	13	25	r1	r2	(-5.18,-2.29)	5.66	-156.10
(-1,0)	27	7	r2	r1	(-5.65,-0.41)	5.66	-175.83
(-1,0)	28	6	r2	r1	(-5.18,-2.29)	5.66	-156.10
(0,1)	11	33	r1	r2	(-0.41,5.65)	5.66	94.17
(0,1)	15	29	r1	r2	(-2.29,5.18)	5.66	113.90
(0,1)	20	8	r2	r1	(-0.41,5.65)	5.66	94.17
(0,-1)	4	24	r1	r2	(2.29,-5.18)	5.66	-66.10
(0,-1)	8	20	r1	r2	(0.41,-5.65)	5.66	-85.83
(0,-1)	29	15	r2	r1	(2.29,-5.18)	5.66	-66.10
(0,-1)	33	11	r2	r1	(0.41,-5.65)	5.66	-85.83
(1,1)	16	32	r1	r2	(3.06,4.76)	5.66	57.30
(1,1)	21	3	r2	r1	(3.06,4.76)	5.66	57.30
(-1,1)	9	30	r1	r2	(-4.76,3.06)	5.66	147.30
(-1,1)	23	10	r2	r1	(-4.76,3.06)	5.66	147.30
(-1,-1)	3	21	r1	r2	(-3.06,-4.76)	5.66	-122.70
(-1,-1)	32	16	r2	r1	(-3.06,-4.76)	5.66	-122.70
(1,-1)	30	9	r2	r1	(4.76,-3.06)	5.66	-32.70
(1,0)	25	13	r2	r1	(5.18,2.29)	5.66	23.90
(0,1)	24	4	r2	r1	(-2.29,5.18)	5.66	113.90
(1,1)	10	23	r1	r2	(2.76,4.94)	5.66	60.77
(1,1)	30	9	r2	r1	(2.76,4.94)	5.66	60.77
(-1,1)	16	32	r1	r2	(-4.94,2.76)	5.66	150.77
(-1,1)	21	3	r2	r1	(-4.94,2.76)	5.66	150.77
(-1,-1)	9	30	r1	r2	(-2.76,-4.94)	5.66	-119.23
(-1,-1)	23	10	r2	r1	(-2.76,-4.94)	5.66	-119.23
(1,-1)	3	21	r1	r2	(4.94,-2.76)	5.66	-29.23
(1,-1)	10	23	r1	r2	(4.76,-3.06)	5.66	-32.70
(1,-1)	32	16	r2	r1	(4.94,-2.76)	5.66	-29.23
(1,0)	8	27	r1	r2	(5.65,-0.59)	5.68	-5.95
(1,0)	26	11	r2	r1	(5.65,-0.59)	5.68	-5.95
(-1,0)	11	26	r1	r2	(-5.65,0.59)	5.68	174.05
(-1,0)	27	8	r2	r1	(-5.65,0.59)	5.68	174.05
(0,1)	7	33	r1	r2	(0.59,5.65)	5.68	84.05
(0,1)	20	12	r2	r1	(0.59,5.65)	5.68	84.05
(0,-1)	12	20	r1	r2	(-0.59,-5.65)	5.68	-95.95
(0,-1)	33	7	r2	r1	(-0.59,-5.65)	5.68	-95.95
(1,0)	6	29	r1	r2	(4.71,3.18)	5.68	34.02
(1,0)	24	13	r2	r1	(4.71,3.18)	5.68	34.02
(-1,0)	13	24	r1	r2	(-4.71,-3.18)	5.68	-145.98
(-1,0)	29	6	r2	r1	(-4.71,-3.18)	5.68	-145.98
(0,1)	15	25	r1	r2	(-3.18,4.71)	5.68	124.02
(0,1)	28	4	r2	r1	(-3.18,4.71)	5.68	124.02
(0,-1)	4	28	r1	r2	(3.18,-4.71)	5.68	-55.98
(0,-1)	25	15	r2	r1	(3.18,-4.71)	5.68	-55.98
(1,1)	4	22	r1	r2	(2.47,5.12)	5.68	64.23
(1,1)	31	15	r2	r1	(2.47,5.12)	5.68	64.23
(-1,1)	2	20	r1	r2	(-4.59,3.35)	5.68	143.84
(-1,1)	6	19	r1	r2	(-5.12,2.47)	5.68	154.23
(-1,1)	34	13	r2	r1	(-5.12,2.47)	5.68	154.23
(-1,-1)	15	31	r1	r2	(-2.47,-5.12)	5.68	-115.77
(-1,-1)	22	4	r2	r1	(-2.47,-5.12)	5.68	-115.77
(1,-1)	13	34	r1	r2	(5.12,-2.47)	5.68	-25.77
(1,-1)	19	6	r2	r1	(5.12,-2.47)	5.68	-25.77
(1,1)	5	26	r1	r2	(3.35,4.59)	5.68	53.84
(1,1)	27	14	r2	r1	(3.35,4.59)	5.68	53.84
(-1,1)	33	17	r2	r1	(-4.59,3.35)	5.68	143.84
(-1,-1)	14	27	r1	r2	(-3.35,-4.59)	5.68	-126.16
(-1,-1)	26	5	r2	r1	(-3.35,-4.59)	5.68	-126.16
(1,-1)	17	33	r1	r2	(4.59,-3.35)	5.68	-36.16
(1,-1)	20	2	r2	r1	(4.59,-3.35)	5.68	-36.16
(1,0)	8	34	r1	r2	(5.12,2.53)	5.71	26.30
(1,0)	19	11	r2	r1	(5.12,2.53)	5.71	26.30
(-1,0)	11	19	r1	r2	(-5.12,-2.53)	5.71	-153.70
(-1,0)	34	8	r2	r1	(-5.12,-2.53)	5.71	-153.70
(0,1)	7	22	r1	r2	(-2.53,5.12)	5.71	116.30
(0,1)	31	12	r2	r1	(-2.53,5.12)	5.71	116.30
(0,-1)	12	31	r1	r2	(2.53,-5.12)	5.71	-63.70
(0,-1)	22	7	r2	r1	(2.53,-5.12)	5.71	-63.70
(1,0)	5	29	r1	r2	(5.71,0.18)	5.71	1.77
(1,0)	24	14	r2	r1	(5.71,0.18)	5.71	1.77
(-1,0)	14	24	r1	r2	(-5.71,-0.18)	5.71	-178.23
(-1,0)	29	5	r2	r1	(-5.71,-0.18)	5.71	-178.23
(0,1)	2	25	r1	r2	(-0.18,5.71)	5.71	91.77
(0,1)	28	17	r2	r1	(-0.18,5.71)	5.71	91.77
(0,-1)	17	28	r1	r2	(0.18,-5.71)	5.71	-88.23
(0,-1)	25	2	r2	r1	(0.18,-5.71)	5.71	-88.23
(1,1)	15	28	r1	r2	(2.18,5.29)	5.72	67.65
(-1,1)	13	29	r1	r2	(-5.29,2.18)	5.72	157.65
(1,1)	11	27	r1	r2	(3.65,4.41)	5.72	50.42
(1,1)	25	4	r2	r1	(2.18,5.29)	5.72	67.65
(1,1)	26	8	r2	r1	(3.65,4.41)	5.72	50.42
(-1,1)	12	33	r1	r2	(-4.41,3.65)	5.72	140.42
(-1,1)	20	7	r2	r1	(-4.41,3.65)	5.72	140.42
(-1,1)	24	6	r2	r1	(-5.29,2.18)	5.72	157.65
(-1,-1)	4	25	r1	r2	(-2.18,-5.29)	5.72	-112.35
(-1,-1)	8	26	r1	r2	(-3.65,-4.41)	5.72	-129.58
(-1,-1)	27	11	r2	r1	(-3.65,-4.41)	5.72	-129.58
(-1,-1)	28	15	r2	r1	(-2.18,-5.29)	5.72	-112.35
(1,-1)	6	24	r1	r2	(5.29,-2.18)	5.72	-22.35
(1,-1)	7	20	r1	r2	(4.41,-3.65)	5.72	-39.58
(1,-1)	29	13	r2	r1	(5.29,-2.18)	5.72	-22.35
(1,-1)	33	12	r2	r1	(4.41,-3.65)	5.72	-39.58
(1,1)	4	24	r1	r2	(4.29,3.82)	5.75	41.68
(1,1)	12	26	r1	r2	(1.35,5.59)	5.75	76.39
(1,1)	27	7	r2	r1	(1.35,5.59)	5.75	76.39
(1,1)	29	15	r2	r1	(4.29,3.82)	5.75	41.68
(-1,1)	6	28	r1	r2	(-3.82,4.29)	5.75	131.68
(-1,1)	8	20	r1	r2	(-5.59,1.35)	5.75	166.39
(-1,1)	25	13	r2	r1	(-3.82,4.29)	5.75	131.68
(-1,1)	33	11	r2	r1	(-5.59,1.35)	5.75	166.39
(-1,-1)	7	27	r1	r2	(-1.35,-5.59)	5.75	-103.61
(-1,-1)	15	29	r1	r2	(-4.29,-3.82)	5.75	-138.32
(-1,-1)	24	4	r2	r1	(-4.29,-3.82)	5.75	-138.32
(-1,-1)	26	12	r2	r1	(-1.35,-5.59)	5.75	-103.61
(1,-1)	11	33	r1	r2	(5.59,-1.35)	5.75	-13.61
(1,-1)	13	25	r1	r2	(3.82,-4.29)	5.75	-48.32
(1,-1)	20	8	r2	r1	(5.59,-1.35)	5.75	-13.61
(1,-1)	28	6	r2	r1	(3.82,-4.29)	5.75	-48.32
(1,0)	3	23	r1	r2	(5.76,-0.06)	5.77	-0.58
(1,0)	10	32	r1	r2	(5.06,2.76)	5.77	28.66
(1,0)	21	9	r2	r1	(5.06,2.76)	5.77	28.66
(1,0)	30	16	r2	r1	(5.76,-0.06)	5.77	-0.58
(-1,0)	9	21	r1	r2	(-5.06,-2.76)	5.77	-151.34
(-1,0)	16	30	r1	r2	(-5.76,0.06)	5.77	179.42
(-1,0)	23	3	r2	r1	(-5.76,0.06)	5.77	179.42
(-1,0)	32	10	r2	r1	(-5.06,-2.76)	5.77	-151.34
(0,1)	10	32	r1	r2	(0.06,5.76)	5.77	89.42
(0,1)	16	30	r1	r2	(-2.76,5.06)	5.77	118.66
(0,1)	21	9	r2	r1	(0.06,5.76)	5.77	89.42
(0,1)	23	3	r2	r1	(-2.76,5.06)	5.77	118.66
(0,-1)	3	23	r1	r2	(2.76,-5.06)	5.77	-61.34
(0,-1)	9	21	r1	r2	(-0.06,-5.76)	5.77	-90.58
(0,-1)	30	16	r2	r1	(2.76,-5.06)	5.77	-61.34
(0,-1)	32	10	r2	r1	(-0.06,-5.76)	5.77	-90.58
(1,1)	8	27	r1	r2	(4.65,3.41)	5.77	36.29
(1,1)	15	25	r1	r2	(0.82,5.71)	5.77	81.79
(1,1)	26	11	r2	r1	(4.65,3.41)	5.77	36.29
(1,1)	28	4	r2	r1	(0.82,5.71)	5.77	81.79
(-1,1)	7	33	r1	r2	(-3.41,4.65)	5.77	126.29
(-1,1)	13	24	r1	r2	(-5.71,0.82)	5.77	171.79
(-1,1)	20	12	r2	r1	(-3.41,4.65)	5.77	126.29
(-1,1)	29	6	r2	r1	(-5.71,0.82)	5.77	171.79
(-1,-1)	4	28	r1	r2	(-0.82,-5.71)	5.77	-98.21
(-1,-1)	11	26	r1	r2	(-4.65,-3.41)	5.77	-143.71
(-1,-1)	25	15	r2	r1	(-0.82,-5.71)	5.77	-98.21
(-1,-1)	27	8	r2	r1	(-4.65,-3.41)	5.77	-143.71
(1,-1)	6	29	r1	r2	(5.71,-0.82)	5.77	-8.21
(1,-1)	12	20	r1	r2	(3.41,-4.65)	5.77	-53.71
(1,-1)	24	13	r2	r1	(5.71,-0.82)	5.77	-8.21
(1,-1)	33	7	r2	r1	(3.41,-4.65)	5.77	-53.71
(1,0)	6	27	r1	r2	(5.65,1.41)	5.82	14.04
(1,0)	26	13	r2	r1	(5.65,1.41)	5.82	14.04
(-1,0)	13	26	r1	r2	(-5.65,-1.41)	5.82	-165.96
(-1,0)	27	6	r2	r1	(-5.65,-1.41)	5.82	-165.96
(0,1)	15	33	r1	r2	(-1.41,5.65)	5.82	104.04
(0,1)	20	4	r2	r1	(-1.41,5.65)	5.82	104.04
(0,-1)	4	20	r1	r2	(1.41,-5.65)	5.82	-75.96
(0,-1)	33	15	r2	r1	(1.41,-5.65)	5.82	-75.96
(1,0)	8	33	r1	r2	(5.59,1.65)	5.83	16.42
(1,0)	20	11	r2	r1	(5.59,1.65)	5.83	16.42
(-1,0)	11	20	r1	r2	(-5.59,-1.65)	5.83	-163.58
(-1,0)	29	4	r2	r1	(-5.71,-1.18)	5.83	-168.35
(-1,0)	33	8	r2	r1	(-5.59,-1.65)	5.83	-163.58
(0,1)	6	25	r1	r2	(-1.18,5.71)	5.83	101.65
(0,1)	7	26	r1	r2	(-1.65,5.59)	5.83	106.42
(0,1)	27	12	r2	r1	(-1.65,5.59)	5.83	106.42
(0,1)	28	13	r2	r1	(-1.18,5.71)	5.83	101.65
(0,-1)	12	27	r1	r2	(1.65,-5.59)	5.83	-73.58
(0,-1)	13	28	r1	r2	(1.18,-5.71)	5.83	-78.35
(0,-1)	26	7	r2	r1	(1.65,-5.59)	5.83	-73.58
(1,0)	4	29	r1	r2	(5.71,1.18)	5.83	11.65
(1,0)	24	15	r2	r1	(5.71,1.18)	5.83	11.65
(-1,0)	15	24	r1	r2	(-5.71,-1.18)	5.83	-168.35
(0,-1)	25	6	r2	r1	(1.18,-5.71)	5.83	-78.35
(1,0)	26	28	r2	r2	(5.82,-0.29)	5.83	-2.89
(0,1)	20	29	r2	r2	(0.29,5.82)	5.83	87.11
(-1,1)	25	25	r2	r2	(-5.00,3.00)	5.83	149.04
(1,-1)	19	29	r2	r2	(5.82,-0.29)	5.83	-2.89
(1,1)	29	29	r2	r2	(3.00,5.00)	5.83	59.04
(-1,1)	21	21	r2	r2	(-5.00,3.00)	5.83	149.04
(1,-1)	29	29	r2	r2	(5.00,-3.00)	5.83	-30.96
(1,0)	1	7	r1	r1	(5.00,3.00)	5.83	30.96
(1,0)	2	8	r1	r1	(5.00,3.00)	5.83	30.96
(1,0)	3	9	r1	r1	(5.00,3.00)	5.83	30.96
(1,0)	6	12	r1	r1	(5.00,3.00)	5.83	30.96
(1,0)	7	13	r1	r1	(5.00,3.00)	5.83	30.96
(1,0)	10	16	r1	r1	(5.00,3.00)	5.83	30.96
(1,0)	11	17	r1	r1	(5.00,3.00)	5.83	30.96
(1,0)	18	7	r2	r1	(5.00,3.00)	5.83	30.96
(1,0)	21	23	r2	r2	(5.82,-0.29)	5.83	-2.89
(1,0)	22	24	r2	r2	(5.82,-0.29)	5.83	-2.89
(1,0)	25	27	r2	r2	(5.82,-0.29)	5.83	-2.89
(1,0)	29	31	r2	r2	(5.82,-0.29)	5.83	-2.89
(1,0)	30	32	r2	r2	(5.82,-0.29)	5.83	-2.89
(-1,0)	7	1	r1	r1	(-5.00,-3.00)	5.83	-149.04
(-1,0)	7	18	r1	r2	(-5.00,-3.00)	5.83	-149.04
(-1,0)	8	2	r1	r1	(-5.00,-3.00)	5.83	-149.04
(-1,0)	9	3	r1	r1	(-5.00,-3.00)	5.83	-149.04
(-1,0)	12	6	r1	r1	(-5.00,-3.00)	5.83	-149.04
(-1,0)	13	7	r1	r1	(-5.00,-3.00)	5.83	-149.04
(-1,0)	16	10	r1	r1	(-5.00,-3.00)	5.83	-149.04
(-1,0)	17	11	r1	r1	(-5.00,-3.00)	5.83	-149.04
(-1,0)	23	21	r2	r2	(-5.82,0.29)	5.83	177.11
(-1,0)	24	22	r2	r2	(-5.82,0.29)	5.83	177.11
(-1,0)	27	25	r2	r2	(-5.82,0.29)	5.83	177.11
(-1,0)	28	26	r2	r2	(-5.82,0.29)	5.83	177.11
(-1,0)	31	29	r2	r2	(-5.82,0.29)	5.83	177.11
(-1,0)	32	30	r2	r2	(-5.82,0.29)	5.83	177.11
(0,1)	1	24	r1	r2	(0.29,5.82)	5.83	87.11
(0,1)	10	3	r1	r1	(-3.00,5.00)	5.83	120.96
(0,1)	11	4	r1	r1	(-3.00,5.00)	5.83	120.96
(0,1)	12	5	r1	r1	(-3.00,5.00)	5.83	120.96
(0,1)	14	7	r1	r1	(-3.00,5.00)	5.83	120.96
(0,1)	15	8	r1	r1	(-3.00,5.00)	5.83	120.96
(0,1)	16	9	r1	r1	(-3.00,5.00)	5.83	120.96
(0,1)	18	24	r2	r2	(0.29,5.82)	5.83	87.11
(0,1)	19	28	r2	r2	(0.29,5.82)	5.83	87.11
(0,1)	21	30	r2	r2	(0.29,5.82)	5.83	87.11
(0,1)	23	32	r2	r2	(0.29,5.82)	5.83	87.11
(0,1)	24	33	r2	r2	(0.29,5.82)	5.83	87.11
(0,1)	25	34	r2	r2	(0.29,5.82)	5.83	87.11
(0,-1)	3	10	r1	r1	(3.00,-5.00)	5.83	-59.04
(0,-1)	4	11	r1	r1	(3.00,-5.00)	5.83	-59.04
(0,-1)	5	12	r1	r1	(3.00,-5.00)	5.83	-59.04
(0,-1)	7	14	r1	r1	(3.00,-5.00)	5.83	-59.04
(0,-1)	8	15	r1	r1	(3.00,-5.00)	5.83	-59.04
(0,-1)	9	16	r1	r1	(3.00,-5.00)	5.83	-59.04
(0,-1)	24	1	r2	r1	(-0.29,-5.82)	5.83	-92.89
(0,-1)	24	18	r2	r2	(-0.29,-5.82)	5.83	-92.89
(0,-1)	28	19	r2	r2	(-0.29,-5.82)	5.83	-92.89
(0,-1)	29	20	r2	r2	(-0.29,-5.82)	5.83	-92.89
(0,-1)	30	21	r2	r2	(-0.29,-5.82)	5.83	-92.89
(0,-1)	32	23	r2	r2	(-0.29,-5.82)	5.83	-92.89
(0,-1)	33	24	r2	r2	(-0.29,-5.82)	5.83	-92.89
(0,-1)	34	25	r2	r2	(-0.29,-5.82)	5.83	-92.89
(1,1)	1	1	r1	r1	(3.00,5.00)	5.83	59.04
(1,1)	1	18	r1	r2	(3.00,5.00)	5.83	59.04
(1,1)	2	2	r1	r1	(3.00,5.00)	5.83	59.04
(1,1)	3	3	r1	r1	(3.00,5.00)	5.83	59.04
(1,1)	4	4	r1	r1	(3.00,5.00)	5.83	59.04
(1,1)	4	10	r1	r1	(5.00,3.00)	5.83	30.96
(1,1)	5	5	r1	r1	(3.00,5.00)	5.83	59.04
(1,1)	5	11	r1	r1	(5.00,3.00)	5.83	30.96
(1,1)	6	6	r1	r1	(3.00,5.00)	5.83	59.04
(1,1)	7	7	r1	r1	(3.00,5.00)	5.83	59.04
(1,1)	8	8	r1	r1	(3.00,5.00)	5.83	59.04
(1,1)	8	14	r1	r1	(5.00,3.00)	5.83	30.96
(1,1)	9	9	r1	r1	(3.00,5.00)	5.83	59.04
(1,1)	9	15	r1	r1	(5.00,3.00)	5.83	30.96
(1,1)	10	10	r1	r1	(3.00,5.00)	5.83	59.04
(1,1)	11	11	r1	r1	(3.00,5.00)	5.83	59.04
(1,1)	12	12	r1	r1	(3.00,5.00)	5.83	59.04
(1,1)	13	13	r1	r1	(3.00,5.00)	5.83	59.04
(1,1)	14	14	r1	r1	(3.00,5.00)	5.83	59.04
(1,1)	15	15	r1	r1	(3.00,5.00)	5.83	59.04
(1,1)	16	16	r1	r1	(3.00,5.00)	5.83	59.04
(1,1)	17	17	r1	r1	(3.00,5.00)	5.83	59.04
(1,1)	18	1	r2	r1	(3.00,5.00)	5.83	59.04
(1,1)	18	18	r2	r2	(3.00,5.00)	5.83	59.04
(1,1)	19	19	r2	r2	(3.00,5.00)	5.83	59.04
(1,1)	20	20	r2	r2	(3.00,5.00)	5.83	59.04
(1,1)	21	21	r2	r2	(3.00,5.00)	5.83	59.04
(1,1)	22	22	r2	r2	(3.00,5.00)	5.83	59.04
(1,1)	23	23	r2	r2	(3.00,5.00)	5.83	59.04
(1,1)	24	24	r2	r2	(3.00,5.00)	5.83	59.04
(1,1)	25	25	r2	r2	(3.00,5.00)	5.83	59.04
(1,1)	26	26	r2	r2	(3.00,5.00)	5.83	59.04
(1,1)	27	21	r2	r2	(0.29,5.82)	5.83	87.11
(1,1)	27	27	r2	r2	(3.00,5.00)	5.83	59.04
(1,1)	28	22	r2	r2	(0.29,5.82)	5.83	87.11
(1,1)	28	28	r2	r2	(3.00,5.00)	5.83	59.04
(1,1)	30	30	r2	r2	(3.00,5.00)	5.83	59.04
(1,1)	31	25	r2	r2	(0.29,5.82)	5.83	87.11
(1,1)	31	31	r2	r2	(3.00,5.00)	5.83	59.04
(1,1)	32	26	r2	r2	(0.29,5.82)	5.83	87.11
(1,1)	32	32	r2	r2	(3.00,5.00)	5.83	59.04
(1,1)	33	33	r2	r2	(3.00,5.00)	5.83	59.04
(1,1)	34	34	r2	r2	(3.00,5.00)	5.83	59.04
(-1,1)	1	1	r1	r1	(-5.00,3.00)	5.83	149.04
(-1,1)	1	11	r1	r1	(-3.00,5.00)	5.83	120.96
(-1,1)	1	18	r1	r2	(-5.00,3.00)	5.83	149.04
(-1,1)	2	2	r1	r1	(-5.00,3.00)	5.83	149.04
(-1,1)	2	12	r1	r1	(-3.00,5.00)	5.83	120.96
(-1,1)	3	3	r1	r1	(-5.00,3.00)	5.83	149.04
(-1,1)	3	13	r1	r1	(-3.00,5.00)	5.83	120.96
(-1,1)	4	4	r1	r1	(-5.00,3.00)	5.83	149.04
(-1,1)	5	5	r1	r1	(-5.00,3.00)	5.83	149.04
(-1,1)	6	6	r1	r1	(-5.00,3.00)	5.83	149.04
(-1,1)	6	16	r1	r1	(-3.00,5.00)	5.83	120.96
(-1,1)	7	7	r1	r1	(-5.00,3.00)	5.83	149.04
(-1,1)	7	17	r1	r1	(-3.00,5.00)	5.83	120.96
(-1,1)	8	8	r1	r1	(-5.00,3.00)	5.83	149.04
(-1,1)	9	9	r1	r1	(-5.00,3.00)	5.83	149.04
(-1,1)	10	10	r1	r1	(-5.00,3.00)	5.83	149.04
(-1,1)	11	11	r1	r1	(-5.00,3.00)	5.83	149.04
(-1,1)	12	12	r1	r1	(-5.00,3.00)	5.83	149.04
(-1,1)	13	13	r1	r1	(-5.00,3.00)	5.83	149.04
(-1,1)	14	14	r1	r1	(-5.00,3.00)	5.83	149.04
(-1,1)	15	15	r1	r1	(-5.00,3.00)	5.83	149.04
(-1,1)	16	16	r1	r1	(-5.00,3.00)	5.83	149.04
(-1,1)	17	17	r1	r1	(-5.00,3.00)	5.83	149.04
(-1,1)	18	1	r2	r1	(-5.00,3.00)	5.83	149.04
(-1,1)	18	11	r2	r1	(-3.00,5.00)	5.83	120.96
(-1,1)	18	18	r2	r2	(-5.00,3.00)	5.83	149.04
(-1,1)	19	19	r2	r2	(-5.00,3.00)	5.83	149.04
(-1,1)	20	20	r2	r2	(-5.00,3.00)	5.83	149.04
(-1,1)	22	22	r2	r2	(-5.00,3.00)	5.83	149.04
(-1,1)	23	23	r2	r2	(-5.00,3.00)	5.83	149.04
(-1,1)	24	24	r2	r2	(-5.00,3.00)	5.83	149.04
(-1,1)	25	1	r2	r1	(-5.82,0.29)	5.83	177.11
(-1,1)	25	18	r2	r2	(-5.82,0.29)	5.83	177.11
(-1,1)	26	26	r2	r2	(-5.00,3.00)	5.83	149.04
(-1,1)	27	27	r2	r2	(-5.00,3.00)	5.83	149.04
(-1,1)	28	28	r2	r2	(-5.00,3.00)	5.83	149.04
(-1,1)	29	19	r2	r2	(-5.82,0.29)	5.83	177.11
(-1,1)	29	29	r2	r2	(-5.00,3.00)	5.83	149.04
(-1,1)	30	20	r2	r2	(-5.82,0.29)	5.83	177.11
(-1,1)	30	30	r2	r2	(-5.00,3.00)	5.83	149.04
(-1,1)	31	31	r2	r2	(-5.00,3.00)	5.83	149.04
(-1,1)	32	32	r2	r2	(-5.00,3.00)	5.83	149.04
(-1,1)	33	23	r2	r2	(-5.82,0.29)	5.83	177.11
(-1,1)	33	33	r2	r2	(-5.00,3.00)	5.83	149.04
(-1,1)	34	24	r2	r2	(-5.82,0.29)	5.83	177.11
(-1,1)	34	34	r2	r2	(-5.00,3.00)	5.83	149.04
(-1,-1)	1	1	r1	r1	(-3.00,-5.00)	5.83	-120.96
(-1,-1)	1	18	r1	r2	(-3.00,-5.00)	5.83	-120.96
(-1,-1)	2	2	r1	r1	(-3.00,-5.00)	5.83	-120.96
(-1,-1)	3	3	r1	r1	(-3.00,-5.00)	5.83	-120.96
(-1,-1)	4	4	r1	r1	(-3.00,-5.00)	5.83	-120.96
(-1,-1)	5	5	r1	r1	(-3.00,-5.00)	5.83	-120.96
(-1,-1)	6	6	r1	r1	(-3.00,-5.00)	5.83	-120.96
(-1,-1)	7	7	r1	r1	(-3.00,-5.00)	5.83	-120.96
(-1,-1)	8	8	r1	r1	(-3.00,-5.00)	5.83	-120.96
(-1,-1)	9	9	r1	r1	(-3.00,-5.00)	5.83	-120.96
(-1,-1)	10	4	r1	r1	(-5.00,-3.00)	5.83	-149.04
(-1,-1)	10	10	r1	r1	(-3.00,-5.00)	5.83	-120.96
(-1,-1)	11	5	r1	r1	(-5.00,-3.00)	5.83	-149.04
(-1,-1)	11	11	r1	r1	(-3.00,-5.00)	5.83	-120.96
(-1,-1)	12	12	r1	r1	(-3.00,-5.00)	5.83	-120.96
(-1,-1)	13	13	r1	r1	(-3.00,-5.00)	5.83	-120.96
(-1,-1)	14	8	r1	r1	(-5.00,-3.00)	5.83	-149.04
(-1,-1)	14	14	r1	r1	(-3.00,-5.00)	5.83	-120.96
(-1,-1)	15	9	r1	r1	(-5.00,-3.00)	5.83	-149.04
(-1,-1)	15	15	r1	r1	(-3.00,-5.00)	5.83	-120.96
(-1,-1)	16	16	r1	r1	(-3.00,-5.00)	5.83	-120.96
(-1,-1)	17	17	r1	r1	(-3.00,-5.00)	5.83	-120.96
(-1,-1)	18	1	r2	r1	(-3.00,-5.00)	5.83	-120.96
(-1,-1)	18	18	r2	r2	(-3.00,-5.00)	5.83	-120.96
(-1,-1)	19	19	r2	r2	(-3.00,-5.00)	5.83	-120.96
(-1,-1)	20	20	r2	r2	(-3.00,-5.00)	5.83	-120.96
(-1,-1)	21	21	r2	r2	(-3.00,-5.00)	5.83	-120.96
(-1,-1)	21	27	r2	r2	(-0.29,-5.82)	5.83	-92.89
(-1,-1)	22	22	r2	r2	(-3.00,-5.00)	5.83	-120.96
(-1,-1)	22	28	r2	r2	(-0.29,-5.82)	5.83	-92.89
(-1,-1)	23	23	r2	r2	(-3.00,-5.00)	5.83	-120.96
(-1,-1)	24	24	r2	r2	(-3.00,-5.00)	5.83	-120.96
(-1,-1)	25	25	r2	r2	(-3.00,-5.00)	5.83	-120.96
(-1,-1)	25	31	r2	r2	(-0.29,-5.82)	5.83	-92.89
(-1,-1)	26	26	r2	r2	(-3.00,-5.00)	5.83	-120.96
(-1,-1)	26	32	r2	r2	(-0.29,-5.82)	5.83	-92.89
(-1,-1)	27	27	r2	r2	(-3.00,-5.00)	5.83	-120.96
(-1,-1)	28	28	r2	r2	(-3.00,-5.00)	5.83	-120.96
(-1,-1)	29	29	r2	r2	(-3.00,-5.00)	5.83	-120.96
(-1,-1)	30	30	r2	r2	(-3.00,-5.00)	5.83	-120.96
(-1,-1)	31	31	r2	r2	(-3.00,-5.00)	5.83	-120.96
(-1,-1)	32	32	r2	r2	(-3.00,-5.00)	5.83	-120.96
(-1,-1)	33	33	r2	r2	(-3.00,-5.00)	5.83	-120.96
(-1,-1)	34	34	r2	r2	(-3.00,-5.00)	5.83	-120.96
(1,-1)	1	1	r1	r1	(5.00,-3.00)	5.83	-30.96
(1,-1)	1	18	r1	r2	(5.00,-3.00)	5.83	-30.96
(1,-1)	1	25	r1	r2	(5.82,-0.29)	5.83	-2.89
(1,-1)	2	2	r1	r1	(5.00,-3.00)	5.83	-30.96
(1,-1)	3	3	r1	r1	(5.00,-3.00)	5.83	-30.96
(1,-1)	4	4	r1	r1	(5.00,-3.00)	5.83	-30.96
(1,-1)	5	5	r1	r1	(5.00,-3.00)	5.83	-30.96
(1,-1)	6	6	r1	r1	(5.00,-3.00)	5.83	-30.96
(1,-1)	7	7	r1	r1	(5.00,-3.00)	5.83	-30.96
(1,-1)	8	8	r1	r1	(5.00,-3.00)	5.83	-30.96
(1,-1)	9	9	r1	r1	(5.00,-3.00)	5.83	-30.96
(1,-1)	10	10	r1	r1	(5.00,-3.00)	5.83	-30.96
(1,-1)	11	1	r1	r1	(3.00,-5.00)	5.83	-59.04
(1,-1)	11	11	r1	r1	(5.00,-3.00)	5.83	-30.96
(1,-1)	11	18	r1	r2	(3.00,-5.00)	5.83	-59.04
(1,-1)	12	2	r1	r1	(3.00,-5.00)	5.83	-59.04
(1,-1)	12	12	r1	r1	(5.00,-3.00)	5.83	-30.96
(1,-1)	13	3	r1	r1	(3.00,-5.00)	5.83	-59.04
(1,-1)	13	13	r1	r1	(5.00,-3.00)	5.83	-30.96
(1,-1)	14	14	r1	r1	(5.00,-3.00)	5.83	-30.96
(1,-1)	15	15	r1	r1	(5.00,-3.00)	5.83	-30.96
(1,-1)	16	6	r1	r1	(3.00,-5.00)	5.83	-59.04
(1,-1)	16	16	r1	r1	(5.00,-3.00)	5.83	-30.96
(1,-1)	17	7	r1	r1	(3.00,-5.00)	5.83	-59.04
(1,-1)	17	17	r1	r1	(5.00,-3.00)	5.83	-30.96
(1,-1)	18	1	r2	r1	(5.00,-3.00)	5.83	-30.96
(1,-1)	18	18	r2	r2	(5.00,-3.00)	5.83	-30.96
(1,-1)	18	25	r2	r2	(5.82,-0.29)	5.83	-2.89
(1,-1)	19	19	r2	r2	(5.00,-3.00)	5.83	-30.96
(1,-1)	20	20	r2	r2	(5.00,-3.00)	5.83	-30.96
(1,-1)	20	30	r2	r2	(5.82,-0.29)	5.83	-2.89
(1,-1)	21	21	r2	r2	(5.00,-3.00)	5.83	-30.96
(1,-1)	22	22	r2	r2	(5.00,-3.00)	5.83	-30.96
(1,-1)	23	23	r2	r2	(5.00,-3.00)	5.83	-30.96
(1,-1)	23	33	r2	r2	(5.82,-0.29)	5.83	-2.89
(1,-1)	24	24	r2	r2	(5.00,-3.00)	5.83	-30.96
(1,-1)	24	34	r2	r2	(5.82,-0.29)	5.83	-2.89
(1,-1)	25	25	r2	r2	(5.00,-3.00)	5.83	-30.96
(1,-1)	26	26	r2	r2	(5.00,-3.00)	5.83	-30.96
(1,-1)	27	27	r2	r2	(5.00,-3.00)	5.83	-30.96
(1,-1)	28	28	r2	r2	(5.00,-3.00)	5.83	-30.96
(1,-1)	30	30	r2	r2	(5.00,-3.00)	5.83	-30.96
(1,-1)	31	31	r2	r2	(5.00,-3.00)	5.83	-30.96
(1,-1)	32	32	r2	r2	(5.00,-3.00)	5.83	-30.96
(1,-1)	33	33	r2	r2	(5.00,-3.00)	5.83	-30.96
(1,-1)	34	34	r2	r2	(5.00,-3.00)	5.83	-30.96
(1,1)	7	24	r1	r2	(3.29,4.82)	5.84	55.67
(1,1)	12	29	r1	r2	(2.71,5.18)	5.84	62.40
(-1,1)	8	25	r1	r2	(-5.18,2.71)	5.84	152.40
(-1,1)	11	28	r1	r2	(-4.82,3.29)	5.84	145.67
(-1,1)	25	8	r2	r1	(-4.82,3.29)	5.84	145.67
(-1,1)	28	11	r2	r1	(-5.18,2.71)	5.84	152.40
(-1,-1)	7	24	r1	r2	(-2.71,-5.18)	5.84	-117.60
(-1,-1)	12	29	r1	r2	(-3.29,-4.82)	5.84	-124.33
(-1,-1)	24	7	r2	r1	(-3.29,-4.82)	5.84	-124.33
(-1,-1)	29	12	r2	r1	(-2.71,-5.18)	5.84	-117.60
(1,-1)	8	25	r1	r2	(4.82,-3.29)	5.84	-34.33
(1,-1)	11	28	r1	r2	(5.18,-2.71)	5.84	-27.60
(1,0)	2	23	r1	r2	(5.76,0.94)	5.84	9.27
(1,0)	10	31	r1	r2	(5.53,1.88)	5.84	18.80
(1,0)	22	9	r2	r1	(5.53,1.88)	5.84	18.80
(1,0)	30	17	r2	r1	(5.76,0.94)	5.84	9.27
(-1,0)	9	22	r1	r2	(-5.53,-1.88)	5.84	-161.20
(-1,0)	17	30	r1	r2	(-5.76,-0.94)	5.84	-170.73
(-1,0)	23	2	r2	r1	(-5.76,-0.94)	5.84	-170.73
(-1,0)	31	10	r2	r1	(-5.53,-1.88)	5.84	-161.20
(0,1)	14	32	r1	r2	(-0.94,5.76)	5.84	99.27
(0,1)	16	34	r1	r2	(-1.88,5.53)	5.84	108.80
(0,1)	19	3	r2	r1	(-1.88,5.53)	5.84	108.80
(0,1)	21	5	r2	r1	(-0.94,5.76)	5.84	99.27
(0,-1)	3	19	r1	r2	(1.88,-5.53)	5.84	-71.20
(0,-1)	5	21	r1	r2	(0.94,-5.76)	5.84	-80.73
(0,-1)	32	14	r2	r1	(0.94,-5.76)	5.84	-80.73
(0,-1)	34	16	r2	r1	(1.88,-5.53)	5.84	-71.20
(1,1)	24	7	r2	r1	(2.71,5.18)	5.84	62.40
(1,1)	29	12	r2	r1	(3.29,4.82)	5.84	55.67
(1,-1)	25	8	r2	r1	(5.18,-2.71)	5.84	-27.60
(1,-1)	28	11	r2	r1	(4.82,-3.29)	5.84	-34.33
(1,0)	4	23	r1	r2	(5.76,-1.06)	5.86	-10.41
(1,0)	10	33	r1	r2	(4.59,3.65)	5.86	38.48
(1,0)	20	9	r2	r1	(4.59,3.65)	5.86	38.48
(1,0)	30	15	r2	r1	(5.76,-1.06)	5.86	-10.41
(-1,0)	9	20	r1	r2	(-4.59,-3.65)	5.86	-141.52
(-1,0)	15	30	r1	r2	(-5.76,1.06)	5.86	169.59
(-1,0)	23	4	r2	r1	(-5.76,1.06)	5.86	169.59
(-1,0)	33	10	r2	r1	(-4.59,-3.65)	5.86	-141.52
(0,1)	6	32	r1	r2	(1.06,5.76)	5.86	79.59
(0,1)	16	26	r1	r2	(-3.65,4.59)	5.86	128.48
(0,1)	21	13	r2	r1	(1.06,5.76)	5.86	79.59
(0,1)	27	3	r2	r1	(-3.65,4.59)	5.86	128.48
(0,-1)	3	27	r1	r2	(3.65,-4.59)	5.86	-51.52
(0,-1)	13	21	r1	r2	(-1.06,-5.76)	5.86	-100.41
(0,-1)	26	16	r2	r1	(3.65,-4.59)	5.86	-51.52
(0,-1)	32	6	r2	r1	(-1.06,-5.76)	5.86	-100.41
(1,0)	6	30	r1	r2	(4.24,4.06)	5.87	43.78
(1,0)	9	27	r1	r2	(5.65,-1.59)	5.87	-15.71
(1,0)	23	13	r2	r1	(4.24,4.06)	5.87	43.78
(1,0)	26	10	r2	r1	(5.65,-1.59)	5.87	-15.71
(-1,0)	10	26	r1	r2	(-5.65,1.59)	5.87	164.29
(-1,0)	13	23	r1	r2	(-4.24,-4.06)	5.87	-136.22
(-1,0)	27	9	r2	r1	(-5.65,1.59)	5.87	164.29
(-1,0)	30	6	r2	r1	(-4.24,-4.06)	5.87	-136.22
(0,1)	3	33	r1	r2	(1.59,5.65)	5.87	74.29
(0,1)	15	21	r1	r2	(-4.06,4.24)	5.87	133.78
(0,1)	20	16	r2	r1	(1.59,5.65)	5.87	74.29
(0,1)	32	4	r2	r1	(-4.06,4.24)	5.87	133.78
(0,-1)	4	32	r1	r2	(4.06,-4.24)	5.87	-46.22
(0,-1)	16	20	r1	r2	(-1.59,-5.65)	5.87	-105.71
(0,-1)	21	15	r2	r1	(4.06,-4.24)	5.87	-46.22
(0,-1)	33	3	r2	r1	(-1.59,-5.65)	5.87	-105.71
(1,1)	6	20	r1	r2	(2.41,5.35)	5.87	65.75
(1,1)	13	33	r1	r2	(3.59,4.65)	5.87	52.33
(1,1)	20	6	r2	r1	(3.59,4.65)	5.87	52.33
(-1,1)	4	26	r1	r2	(-4.65,3.59)	5.87	142.33
(-1,1)	27	15	r2	r1	(-4.65,3.59)	5.87	142.33
(-1,-1)	6	20	r1	r2	(-3.59,-4.65)	5.87	-127.67
(-1,-1)	33	13	r2	r1	(-3.59,-4.65)	5.87	-127.67
(1,-1)	4	26	r1	r2	(5.35,-2.41)	5.87	-24.25
(1,-1)	15	27	r1	r2	(4.65,-3.59)	5.87	-37.67
(1,-1)	26	4	r2	r1	(4.65,-3.59)	5.87	-37.67
(1,1)	33	13	r2	r1	(2.41,5.35)	5.87	65.75
(-1,1)	15	27	r1	r2	(-5.35,2.41)	5.87	155.75
(-1,1)	26	4	r2	r1	(-5.35,2.41)	5.87	155.75
(-1,-1)	13	33	r1	r2	(-2.41,-5.35)	5.87	-114.25
(-1,-1)	20	6	r2	r1	(-2.41,-5.35)	5.87	-114.25
(1,-1)	27	15	r2	r1	(5.35,-2.41)	5.87	-24.25
(1,1)	17	34	r1	r2	(2.12,5.53)	5.92	69.04
(1,1)	19	2	r2	r1	(2.12,5.53)	5.92	69.04
(-1,1)	5	22	r1	r2	(-5.53,2.12)	5.92	159.04
(-1,1)	31	14	r2	r1	(-5.53,2.12)	5.92	159.04
(-1,-1)	2	19	r1	r2	(-2.12,-5.53)	5.92	-110.96
(-1,-1)	34	17	r2	r1	(-2.12,-5.53)	5.92	-110.96
(1,-1)	22	5	r2	r1	(5.53,-2.12)	5.92	-20.96
(1,1)	2	19	r1	r2	(3.88,4.47)	5.92	49.03
(1,1)	34	17	r2	r1	(3.88,4.47)	5.92	49.03
(-1,1)	14	31	r1	r2	(-4.47,3.88)	5.92	139.03
(-1,1)	22	5	r2	r1	(-4.47,3.88)	5.92	139.03
(-1,-1)	17	34	r1	r2	(-3.88,-4.47)	5.92	-130.97
(-1,-1)	19	2	r2	r1	(-3.88,-4.47)	5.92	-130.97
(1,-1)	5	22	r1	r2	(4.47,-3.88)	5.92	-40.97
(1,-1)	14	31	r1	r2	(5.53,-2.12)	5.92	-20.96
(1,-1)	31	14	r2	r1	(4.47,-3.88)	5.92	-40.97
(1,1)	12	31	r1	r2	(4.53,3.88)	5.97	40.60
(1,1)	14	24	r1	r2	(1.29,5.82)	5.97	77.47
(1,1)	22	7	r2	r1	(4.53,3.88)	5.97	40.60
(1,1)	29	5	r2	r1	(1.29,5.82)	5.97	77.47
(-1,1)	8	34	r1	r2	(-3.88,4.53)	5.97	130.60
(-1,1)	17	28	r1	r2	(-5.82,1.29)	5.97	167.47
(-1,1)	19	11	r2	r1	(-3.88,4.53)	5.97	130.60
(-1,1)	25	2	r2	r1	(-5.82,1.29)	5.97	167.47
(-1,-1)	5	29	r1	r2	(-1.29,-5.82)	5.97	-102.53
(-1,-1)	7	22	r1	r2	(-4.53,-3.88)	5.97	-139.40
(-1,-1)	24	14	r2	r1	(-1.29,-5.82)	5.97	-102.53
(-1,-1)	31	12	r2	r1	(-4.53,-3.88)	5.97	-139.40
(1,-1)	2	25	r1	r2	(5.82,-1.29)	5.97	-12.53
(1,-1)	11	19	r1	r2	(3.88,-4.53)	5.97	-49.40
(1,-1)	28	17	r2	r1	(5.82,-1.29)	5.97	-12.53
(1,-1)	34	8	r2	r1	(3.88,-4.53)	5.97	-49.40
(1,1)	8	28	r1	r2	(4.18,4.29)	5.99	45.80
(-1,1)	7	29	r1	r2	(-4.29,4.18)	5.99	135.80
(-1,1)	12	24	r1	r2	(-5.71,1.82)	5.99	162.28
(-1,-1)	11	25	r1	r2	(-4.18,-4.29)	5.99	-134.20
(-1,-1)	28	8	r2	r1	(-4.18,-4.29)	5.99	-134.20
(1,-1)	7	29	r1	r2	(5.71,-1.82)	5.99	-17.72
(1,-1)	12	24	r1	r2	(4.29,-4.18)	5.99	-44.20
(1,-1)	29	7	r2	r1	(4.29,-4.18)	5.99	-44.20
(1,1)	11	25	r1	r2	(1.82,5.71)	5.99	72.28
(1,1)	25	11	r2	r1	(4.18,4.29)	5.99	45.80
(1,1)	28	8	r2	r1	(1.82,5.71)	5.99	72.28
(-1,1)	24	12	r2	r1	(-4.29,4.18)	5.99	135.80
(-1,1)	29	7	r2	r1	(-5.71,1.82)	5.99	162.28
(-1,-1)	8	28	r1	r2	(-1.82,-5.71)	5.99	-107.72
(-1,-1)	25	11	r2	r1	(-1.82,-5.71)	5.99	-107.72
(1,-1)	24	12	r2	r1	(5.71,-1.82)	5.99	-17.72
(1,0)	19	28	r2	r2	(5.29,2.82)	6.00	28.07
(0,1)	31	29	r2	r2	(-2.82,5.29)	6.00	118.07
(1,1)	26	27	r2	r2	(5.29,2.82)	6.00	28.07
(-1,1)	20	33	r2	r2	(-2.82,5.29)	6.00	118.07
(1,0)	1	24	r1	r2	(5.29,2.82)	6.00	28.07
(1,0)	3	10	r1	r1	(6.00,0.00)	6.00	0.00
(1,0)	4	11	r1	r1	(6.00,0.00)	6.00	0.00
(1,0)	5	12	r1	r1	(6.00,0.00)	6.00	0.00
(1,0)	7	14	r1	r1	(6.00,0.00)	6.00	0.00
(1,0)	8	15	r1	r1	(6.00,0.00)	6.00	0.00
(1,0)	9	16	r1	r1	(6.00,0.00)	6.00	0.00
(1,0)	18	24	r2	r2	(5.29,2.82)	6.00	28.07
(1,0)	20	29	r2	r2	(5.29,2.82)	6.00	28.07
(1,0)	21	30	r2	r2	(5.29,2.82)	6.00	28.07
(1,0)	23	32	r2	r2	(5.29,2.82)	6.00	28.07
(1,0)	24	33	r2	r2	(5.29,2.82)	6.00	28.07
(1,0)	25	34	r2	r2	(5.29,2.82)	6.00	28.07
(-1,0)	10	3	r1	r1	(-6.00,0.00)	6.00	180.00
(-1,0)	11	4	r1	r1	(-6.00,0.00)	6.00	180.00
(-1,0)	12	5	r1	r1	(-6.00,0.00)	6.00	180.00
(-1,0)	14	7	r1	r1	(-6.00,0.00)	6.00	180.00
(-1,0)	15	8	r1	r1	(-6.00,0.00)	6.00	180.00
(-1,0)	16	9	r1	r1	(-6.00,0.00)	6.00	180.00
(-1,0)	24	1	r2	r1	(-5.29,-2.82)	6.00	-151.93
(-1,0)	24	18	r2	r2	(-5.29,-2.82)	6.00	-151.93
(-1,0)	28	19	r2	r2	(-5.29,-2.82)	6.00	-151.93
(-1,0)	29	20	r2	r2	(-5.29,-2.82)	6.00	-151.93
(-1,0)	30	21	r2	r2	(-5.29,-2.82)	6.00	-151.93
(-1,0)	32	23	r2	r2	(-5.29,-2.82)	6.00	-151.93
(-1,0)	33	24	r2	r2	(-5.29,-2.82)	6.00	-151.93
(-1,0)	34	25	r2	r2	(-5.29,-2.82)	6.00	-151.93
(0,1)	1	7	r1	r1	(0.00,6.00)	6.00	90.00
(0,1)	2	8	r1	r1	(0.00,6.00)	6.00	90.00
(0,1)	3	9	r1	r1	(0.00,6.00)	6.00	90.00
(0,1)	6	12	r1	r1	(0.00,6.00)	6.00	90.00
(0,1)	7	13	r1	r1	(0.00,6.00)	6.00	90.00
(0,1)	10	16	r1	r1	(0.00,6.00)	6.00	90.00
(0,1)	11	17	r1	r1	(0.00,6.00)	6.00	90.00
(0,1)	18	7	r2	r1	(0.00,6.00)	6.00	90.00
(0,1)	23	21	r2	r2	(-2.82,5.29)	6.00	118.07
(0,1)	24	22	r2	r2	(-2.82,5.29)	6.00	118.07
(0,1)	28	26	r2	r2	(-2.82,5.29)	6.00	118.07
(0,1)	32	30	r2	r2	(-2.82,5.29)	6.00	118.07
(0,-1)	7	1	r1	r1	(0.00,-6.00)	6.00	-90.00
(0,-1)	7	18	r1	r2	(0.00,-6.00)	6.00	-90.00
(0,-1)	8	2	r1	r1	(0.00,-6.00)	6.00	-90.00
(0,-1)	9	3	r1	r1	(0.00,-6.00)	6.00	-90.00
(0,-1)	12	6	r1	r1	(0.00,-6.00)	6.00	-90.00
(0,-1)	13	7	r1	r1	(0.00,-6.00)	6.00	-90.00
(0,-1)	16	10	r1	r1	(0.00,-6.00)	6.00	-90.00
(0,-1)	17	11	r1	r1	(0.00,-6.00)	6.00	-90.00
(0,-1)	21	23	r2	r2	(2.82,-5.29)	6.00	-61.93
(0,-1)	22	24	r2	r2	(2.82,-5.29)	6.00	-61.93
(0,-1)	25	27	r2	r2	(2.82,-5.29)	6.00	-61.93
(0,-1)	26	28	r2	r2	(2.82,-5.29)	6.00	-61.93
(0,-1)	29	31	r2	r2	(2.82,-5.29)	6.00	-61.93
(0,-1)	30	32	r2	r2	(2.82,-5.29)	6.00	-61.93
(1,1)	14	3	r1	r1	(0.00,6.00)	6.00	90.00
(1,1)	15	4	r1	r1	(0.00,6.00)	6.00	90.00
(1,1)	16	5	r1	r1	(0.00,6.00)	6.00	90.00
(1,1)	22	23	r2	r2	(5.29,2.82)	6.00	28.07
(1,1)	30	31	r2	r2	(5.29,2.82)	6.00	28.07
(-1,1)	1	28	r1	r2	(-2.82,5.29)	6.00	118.07
(-1,1)	8	1	r1	r1	(-6.00,0.00)	6.00	180.00
(-1,1)	8	18	r1	r2	(-6.00,0.00)	6.00	180.00
(-1,1)	9	2	r1	r1	(-6.00,0.00)	6.00	180.00
(-1,1)	13	6	r1	r1	(-6.00,0.00)	6.00	180.00
(-1,1)	17	10	r1	r1	(-6.00,0.00)	6.00	180.00
(-1,1)	18	28	r2	r2	(-2.82,5.29)	6.00	118.07
(-1,1)	19	32	r2	r2	(-2.82,5.29)	6.00	118.07
(-1,1)	21	34	r2	r2	(-2.82,5.29)	6.00	118.07
(-1,-1)	3	14	r1	r1	(0.00,-6.00)	6.00	-90.00
(-1,-1)	4	15	r1	r1	(0.00,-6.00)	6.00	-90.00
(-1,-1)	5	16	r1	r1	(0.00,-6.00)	6.00	-90.00
(-1,-1)	23	22	r2	r2	(-5.29,-2.82)	6.00	-151.93
(-1,-1)	27	26	r2	r2	(-5.29,-2.82)	6.00	-151.93
(-1,-1)	31	30	r2	r2	(-5.29,-2.82)	6.00	-151.93
(1,-1)	1	8	r1	r1	(6.00,0.00)	6.00	0.00
(1,-1)	2	9	r1	r1	(6.00,0.00)	6.00	0.00
(1,-1)	6	13	r1	r1	(6.00,0.00)	6.00	0.00
(1,-1)	10	17	r1	r1	(6.00,0.00)	6.00	0.00
(1,-1)	18	8	r2	r1	(6.00,0.00)	6.00	0.00
(1,-1)	28	1	r2	r1	(2.82,-5.29)	6.00	-61.93
(1,-1)	33	20	r2	r2	(2.82,-5.29)	6.00	-61.93
(1,-1)	34	21	r2	r2	(2.82,-5.29)	6.00	-61.93
(0,1)	27	25	r2	r2	(-2.82,5.29)	6.00	118.07
(1,-1)	28	18	r2	r2	(2.82,-5.29)	6.00	-61.93
(1,-1)	32	19	r2	r2	(2.82,-5.29)	6.00	-61.93
(1,1)	3	21	r1	r2	(2.94,5.24)	6.00	60.67
(1,1)	9	30	r1	r2	(3.24,5.06)	6.00	57.40
(1,1)	23	10	r2	r1	(3.24,5.06)	6.00	57.40
(-1,1)	3	21	r1	r2	(-5.06,3.24)	6.00	147.40
(-1,1)	32	16	r2	r1	(-5.06,3.24)	6.00	147.40
(-1,-1)	10	23	r1	r2	(-3.24,-5.06)	6.00	-122.60
(-1,-1)	30	9	r2	r1	(-3.24,-5.06)	6.00	-122.60
(1,-1)	16	32	r1	r2	(5.06,-3.24)	6.00	-32.60
(1,-1)	21	3	r2	r1	(5.06,-3.24)	6.00	-32.60
(1,1)	32	16	r2	r1	(2.94,5.24)	6.00	60.67
(-1,1)	10	23	r1	r2	(-5.24,2.94)	6.00	150.67
(-1,1)	30	9	r2	r1	(-5.24,2.94)	6.00	150.67
(-1,-1)	16	32	r1	r2	(-2.94,-5.24)	6.00	-119.33
(-1,-1)	21	3	r2	r1	(-2.94,-5.24)	6.00	-119.33
(1,-1)	9	30	r1	r2	(5.24,-2.94)	6.00	-29.33
(1,-1)	23	10	r2	r1	(5.24,-2.94)	6.00	-29.33
(1,1)	14	27	r1	r2	(2.65,5.41)	6.02	63.94
(1,1)	15	31	r1	r2	(3.53,4.88)	6.02	54.14
(1,1)	22	4	r2	r1	(3.53,4.88)	6.02	54.14
(1,1)	26	5	r2	r1	(2.65,5.41)	6.02	63.94
(-1,1)	13	34	r1	r2	(-4.88,3.53)	6.02	144.14
(-1,1)	17	33	r1	r2	(-5.41,2.65)	6.02	153.94
(-1,1)	19	6	r2	r1	(-4.88,3.53)	6.02	144.14
(-1,1)	20	2	r2	r1	(-5.41,2.65)	6.02	153.94
(-1,-1)	4	22	r1	r2	(-3.53,-4.88)	6.02	-125.86
(-1,-1)	5	26	r1	r2	(-2.65,-5.41)	6.02	-116.06
(-1,-1)	27	14	r2	r1	(-2.65,-5.41)	6.02	-116.06
(-1,-1)	31	15	r2	r1	(-3.53,-4.88)	6.02	-125.86
(1,-1)	2	20	r1	r2	(5.41,-2.65)	6.02	-26.06
(1,-1)	6	19	r1	r2	(4.88,-3.53)	6.02	-35.86
(1,-1)	33	17	r2	r1	(5.41,-2.65)	6.02	-26.06
(1,-1)	34	13	r2	r1	(4.88,-3.53)	6.02	-35.86
(1,0)	9	32	r1	r2	(6.06,-0.24)	6.06	-2.22
(1,0)	21	10	r2	r1	(6.06,-0.24)	6.06	-2.22
(-1,0)	10	21	r1	r2	(-6.06,0.24)	6.06	177.78
(-1,0)	32	9	r2	r1	(-6.06,0.24)	6.06	177.78
(0,1)	3	30	r1	r2	(0.24,6.06)	6.06	87.78
(0,1)	23	16	r2	r1	(0.24,6.06)	6.06	87.78
(0,-1)	16	23	r1	r2	(-0.24,-6.06)	6.06	-92.22
(0,-1)	30	3	r2	r1	(-0.24,-6.06)	6.06	-92.22
(-1,1)	6	24	r1	r2	(-4.71,3.82)	6.06	140.91
(-1,1)	7	20	r1	r2	(-5.59,2.35)	6.06	157.17
(1,-1)	13	29	r1	r2	(4.71,-3.82)	6.06	-39.09
(1,0)	3	30	r1	r2	(5.24,3.06)	6.06	30.30
(1,0)	23	16	r2	r1	(5.24,3.06)	6.06	30.30
(-1,0)	16	23	r1	r2	(-5.24,-3.06)	6.06	-149.70
(-1,0)	30	3	r2	r1	(-5.24,-3.06)	6.06	-149.70
(0,1)	10	21	r1	r2	(-3.06,5.24)	6.06	120.30
(0,1)	32	9	r2	r1	(-3.06,5.24)	6.06	120.30
(0,-1)	9	32	r1	r2	(3.06,-5.24)	6.06	-59.70
(0,-1)	21	10	r2	r1	(3.06,-5.24)	6.06	-59.70
(1,1)	4	25	r1	r2	(3.82,4.71)	6.06	50.91
(1,1)	8	26	r1	r2	(2.35,5.59)	6.06	67.17
(1,1)	27	11	r2	r1	(2.35,5.59)	6.06	67.17
(1,1)	28	15	r2	r1	(3.82,4.71)	6.06	50.91
(-1,1)	29	13	r2	r1	(-4.71,3.82)	6.06	140.91
(-1,1)	33	12	r2	r1	(-5.59,2.35)	6.06	157.17
(-1,-1)	11	27	r1	r2	(-2.35,-5.59)	6.06	-112.83
(-1,-1)	15	28	r1	r2	(-3.82,-4.71)	6.06	-129.09
(-1,-1)	25	4	r2	r1	(-3.82,-4.71)	6.06	-129.09
(-1,-1)	26	8	r2	r1	(-2.35,-5.59)	6.06	-112.83
(1,-1)	12	33	r1	r2	(5.59,-2.35)	6.06	-22.83
(1,-1)	20	7	r2	r1	(5.59,-2.35)	6.06	-22.83
(1,-1)	24	6	r2	r1	(4.71,-3.82)	6.06	-39.09
(1,0)	19	27	r2	r2	(5.76,1.94)	6.08	18.61
(1,0)	20	28	r2	r2	(5.76,1.94)	6.08	18.61
(1,0)	26	34	r2	r2	(5.76,1.94)	6.08	18.61
(-1,0)	28	20	r2	r2	(-5.76,-1.94)	6.08	-161.39
(-1,0)	33	25	r2	r2	(-5.76,-1.94)	6.08	-161.39
(0,1)	20	22	r2	r2	(-1.94,5.76)	6.08	108.61
(0,1)	27	29	r2	r2	(-1.94,5.76)	6.08	108.61
(0,1)	31	33	r2	r2	(-1.94,5.76)	6.08	108.61
(0,-1)	26	24	r2	r2	(1.94,-5.76)	6.08	-71.39
(0,-1)	29	27	r2	r2	(1.94,-5.76)	6.08	-71.39
(-1,1)	20	29	r2	r2	(-3.71,4.82)	6.08	127.53
(1,0)	1	23	r1	r2	(5.76,1.94)	6.08	18.61
(1,0)	1	25	r1	r2	(4.82,3.71)	6.08	37.53
(1,0)	2	10	r1	r1	(6.00,1.00)	6.08	9.46
(1,0)	3	11	r1	r1	(6.00,1.00)	6.08	9.46
(1,0)	4	10	r1	r1	(6.00,-1.00)	6.08	-9.46
(1,0)	4	12	r1	r1	(6.00,1.00)	6.08	9.46
(1,0)	5	11	r1	r1	(6.00,-1.00)	6.08	-9.46
(1,0)	5	13	r1	r1	(6.00,1.00)	6.08	9.46
(1,0)	6	14	r1	r1	(6.00,1.00)	6.08	9.46
(1,0)	7	15	r1	r1	(6.00,1.00)	6.08	9.46
(1,0)	8	14	r1	r1	(6.00,-1.00)	6.08	-9.46
(1,0)	8	16	r1	r1	(6.00,1.00)	6.08	9.46
(1,0)	9	15	r1	r1	(6.00,-1.00)	6.08	-9.46
(1,0)	9	17	r1	r1	(6.00,1.00)	6.08	9.46
(1,0)	18	23	r2	r2	(5.76,1.94)	6.08	18.61
(1,0)	18	25	r2	r2	(4.82,3.71)	6.08	37.53
(1,0)	20	30	r2	r2	(4.82,3.71)	6.08	37.53
(1,0)	21	29	r2	r2	(5.76,1.94)	6.08	18.61
(1,0)	22	30	r2	r2	(5.76,1.94)	6.08	18.61
(1,0)	23	31	r2	r2	(5.76,1.94)	6.08	18.61
(1,0)	23	33	r2	r2	(4.82,3.71)	6.08	37.53
(1,0)	24	32	r2	r2	(5.76,1.94)	6.08	18.61
(1,0)	24	34	r2	r2	(4.82,3.71)	6.08	37.53
(1,0)	25	33	r2	r2	(5.76,1.94)	6.08	18.61
(-1,0)	10	2	r1	r1	(-6.00,-1.00)	6.08	-170.54
(-1,0)	10	4	r1	r1	(-6.00,1.00)	6.08	170.54
(-1,0)	11	3	r1	r1	(-6.00,-1.00)	6.08	-170.54
(-1,0)	11	5	r1	r1	(-6.00,1.00)	6.08	170.54
(-1,0)	12	4	r1	r1	(-6.00,-1.00)	6.08	-170.54
(-1,0)	13	5	r1	r1	(-6.00,-1.00)	6.08	-170.54
(-1,0)	14	6	r1	r1	(-6.00,-1.00)	6.08	-170.54
(-1,0)	14	8	r1	r1	(-6.00,1.00)	6.08	170.54
(-1,0)	15	7	r1	r1	(-6.00,-1.00)	6.08	-170.54
(-1,0)	15	9	r1	r1	(-6.00,1.00)	6.08	170.54
(-1,0)	16	8	r1	r1	(-6.00,-1.00)	6.08	-170.54
(-1,0)	17	9	r1	r1	(-6.00,-1.00)	6.08	-170.54
(-1,0)	23	1	r2	r1	(-5.76,-1.94)	6.08	-161.39
(-1,0)	23	18	r2	r2	(-5.76,-1.94)	6.08	-161.39
(-1,0)	25	1	r2	r1	(-4.82,-3.71)	6.08	-142.47
(-1,0)	25	18	r2	r2	(-4.82,-3.71)	6.08	-142.47
(-1,0)	27	19	r2	r2	(-5.76,-1.94)	6.08	-161.39
(-1,0)	29	19	r2	r2	(-4.82,-3.71)	6.08	-142.47
(-1,0)	29	21	r2	r2	(-5.76,-1.94)	6.08	-161.39
(-1,0)	30	20	r2	r2	(-4.82,-3.71)	6.08	-142.47
(-1,0)	30	22	r2	r2	(-5.76,-1.94)	6.08	-161.39
(-1,0)	31	23	r2	r2	(-5.76,-1.94)	6.08	-161.39
(-1,0)	32	24	r2	r2	(-5.76,-1.94)	6.08	-161.39
(-1,0)	33	23	r2	r2	(-4.82,-3.71)	6.08	-142.47
(-1,0)	34	26	r2	r2	(-5.76,-1.94)	6.08	-161.39
(0,1)	1	3	r1	r1	(-1.00,6.00)	6.08	99.46
(0,1)	1	11	r1	r1	(1.00,6.00)	6.08	80.54
(0,1)	2	4	r1	r1	(-1.00,6.00)	6.08	99.46
(0,1)	2	12	r1	r1	(1.00,6.00)	6.08	80.54
(0,1)	3	5	r1	r1	(-1.00,6.00)	6.08	99.46
(0,1)	3	13	r1	r1	(1.00,6.00)	6.08	80.54
(0,1)	6	8	r1	r1	(-1.00,6.00)	6.08	99.46
(0,1)	6	16	r1	r1	(1.00,6.00)	6.08	80.54
(0,1)	7	9	r1	r1	(-1.00,6.00)	6.08	99.46
(0,1)	7	17	r1	r1	(1.00,6.00)	6.08	80.54
(0,1)	10	12	r1	r1	(-1.00,6.00)	6.08	99.46
(0,1)	11	13	r1	r1	(-1.00,6.00)	6.08	99.46
(0,1)	14	16	r1	r1	(-1.00,6.00)	6.08	99.46
(0,1)	15	17	r1	r1	(-1.00,6.00)	6.08	99.46
(0,1)	18	3	r2	r1	(-1.00,6.00)	6.08	99.46
(0,1)	18	11	r2	r1	(1.00,6.00)	6.08	80.54
(0,1)	19	21	r2	r2	(-1.94,5.76)	6.08	108.61
(0,1)	23	25	r2	r2	(-1.94,5.76)	6.08	108.61
(0,1)	24	26	r2	r2	(-1.94,5.76)	6.08	108.61
(0,1)	28	22	r2	r2	(-3.71,4.82)	6.08	127.53
(0,1)	28	30	r2	r2	(-1.94,5.76)	6.08	108.61
(0,1)	32	26	r2	r2	(-3.71,4.82)	6.08	127.53
(0,1)	32	34	r2	r2	(-1.94,5.76)	6.08	108.61
(0,-1)	3	1	r1	r1	(1.00,-6.00)	6.08	-80.54
(0,-1)	3	18	r1	r2	(1.00,-6.00)	6.08	-80.54
(0,-1)	4	2	r1	r1	(1.00,-6.00)	6.08	-80.54
(0,-1)	5	3	r1	r1	(1.00,-6.00)	6.08	-80.54
(0,-1)	8	6	r1	r1	(1.00,-6.00)	6.08	-80.54
(0,-1)	9	7	r1	r1	(1.00,-6.00)	6.08	-80.54
(0,-1)	11	1	r1	r1	(-1.00,-6.00)	6.08	-99.46
(0,-1)	11	18	r1	r2	(-1.00,-6.00)	6.08	-99.46
(0,-1)	12	2	r1	r1	(-1.00,-6.00)	6.08	-99.46
(0,-1)	12	10	r1	r1	(1.00,-6.00)	6.08	-80.54
(0,-1)	13	3	r1	r1	(-1.00,-6.00)	6.08	-99.46
(0,-1)	13	11	r1	r1	(1.00,-6.00)	6.08	-80.54
(0,-1)	16	6	r1	r1	(-1.00,-6.00)	6.08	-99.46
(0,-1)	16	14	r1	r1	(1.00,-6.00)	6.08	-80.54
(0,-1)	17	7	r1	r1	(-1.00,-6.00)	6.08	-99.46
(0,-1)	17	15	r1	r1	(1.00,-6.00)	6.08	-80.54
(0,-1)	21	19	r2	r2	(1.94,-5.76)	6.08	-71.39
(0,-1)	21	27	r2	r2	(3.71,-4.82)	6.08	-52.47
(0,-1)	22	20	r2	r2	(1.94,-5.76)	6.08	-71.39
(0,-1)	22	28	r2	r2	(3.71,-4.82)	6.08	-52.47
(0,-1)	25	23	r2	r2	(1.94,-5.76)	6.08	-71.39
(0,-1)	26	32	r2	r2	(3.71,-4.82)	6.08	-52.47
(0,-1)	30	28	r2	r2	(1.94,-5.76)	6.08	-71.39
(0,-1)	33	31	r2	r2	(1.94,-5.76)	6.08	-71.39
(0,-1)	34	32	r2	r2	(1.94,-5.76)	6.08	-71.39
(1,1)	10	3	r1	r1	(1.00,6.00)	6.08	80.54
(1,1)	11	4	r1	r1	(1.00,6.00)	6.08	80.54
(1,1)	12	5	r1	r1	(1.00,6.00)	6.08	80.54
(1,1)	14	7	r1	r1	(1.00,6.00)	6.08	80.54
(1,1)	15	8	r1	r1	(1.00,6.00)	6.08	80.54
(1,1)	16	9	r1	r1	(1.00,6.00)	6.08	80.54
(1,1)	21	23	r2	r2	(4.82,3.71)	6.08	37.53
(1,1)	22	24	r2	r2	(4.82,3.71)	6.08	37.53
(1,1)	25	27	r2	r2	(4.82,3.71)	6.08	37.53
(1,1)	26	28	r2	r2	(4.82,3.71)	6.08	37.53
(1,1)	29	31	r2	r2	(4.82,3.71)	6.08	37.53
(1,1)	30	32	r2	r2	(4.82,3.71)	6.08	37.53
(-1,1)	1	24	r1	r2	(-3.71,4.82)	6.08	127.53
(-1,1)	1	32	r1	r2	(-1.94,5.76)	6.08	108.61
(-1,1)	7	1	r1	r1	(-6.00,1.00)	6.08	170.54
(-1,1)	7	18	r1	r2	(-6.00,1.00)	6.08	170.54
(-1,1)	8	2	r1	r1	(-6.00,1.00)	6.08	170.54
(-1,1)	9	1	r1	r1	(-6.00,-1.00)	6.08	-170.54
(-1,1)	9	3	r1	r1	(-6.00,1.00)	6.08	170.54
(-1,1)	9	18	r1	r2	(-6.00,-1.00)	6.08	-170.54
(-1,1)	12	6	r1	r1	(-6.00,1.00)	6.08	170.54
(-1,1)	13	7	r1	r1	(-6.00,1.00)	6.08	170.54
(-1,1)	16	10	r1	r1	(-6.00,1.00)	6.08	170.54
(-1,1)	17	11	r1	r1	(-6.00,1.00)	6.08	170.54
(-1,1)	18	24	r2	r2	(-3.71,4.82)	6.08	127.53
(-1,1)	18	32	r2	r2	(-1.94,5.76)	6.08	108.61
(-1,1)	19	28	r2	r2	(-3.71,4.82)	6.08	127.53
(-1,1)	21	30	r2	r2	(-3.71,4.82)	6.08	127.53
(-1,1)	23	32	r2	r2	(-3.71,4.82)	6.08	127.53
(-1,1)	24	33	r2	r2	(-3.71,4.82)	6.08	127.53
(-1,1)	25	34	r2	r2	(-3.71,4.82)	6.08	127.53
(-1,-1)	3	10	r1	r1	(-1.00,-6.00)	6.08	-99.46
(-1,-1)	4	11	r1	r1	(-1.00,-6.00)	6.08	-99.46
(-1,-1)	5	12	r1	r1	(-1.00,-6.00)	6.08	-99.46
(-1,-1)	7	14	r1	r1	(-1.00,-6.00)	6.08	-99.46
(-1,-1)	8	15	r1	r1	(-1.00,-6.00)	6.08	-99.46
(-1,-1)	9	16	r1	r1	(-1.00,-6.00)	6.08	-99.46
(-1,-1)	23	21	r2	r2	(-4.82,-3.71)	6.08	-142.47
(-1,-1)	24	22	r2	r2	(-4.82,-3.71)	6.08	-142.47
(-1,-1)	27	25	r2	r2	(-4.82,-3.71)	6.08	-142.47
(-1,-1)	28	26	r2	r2	(-4.82,-3.71)	6.08	-142.47
(-1,-1)	31	29	r2	r2	(-4.82,-3.71)	6.08	-142.47
(-1,-1)	32	30	r2	r2	(-4.82,-3.71)	6.08	-142.47
(1,-1)	1	7	r1	r1	(6.00,-1.00)	6.08	-9.46
(1,-1)	1	9	r1	r1	(6.00,1.00)	6.08	9.46
(1,-1)	2	8	r1	r1	(6.00,-1.00)	6.08	-9.46
(1,-1)	3	9	r1	r1	(6.00,-1.00)	6.08	-9.46
(1,-1)	6	12	r1	r1	(6.00,-1.00)	6.08	-9.46
(1,-1)	7	13	r1	r1	(6.00,-1.00)	6.08	-9.46
(1,-1)	10	16	r1	r1	(6.00,-1.00)	6.08	-9.46
(1,-1)	11	17	r1	r1	(6.00,-1.00)	6.08	-9.46
(1,-1)	18	7	r2	r1	(6.00,-1.00)	6.08	-9.46
(1,-1)	18	9	r2	r1	(6.00,1.00)	6.08	9.46
(1,-1)	24	1	r2	r1	(3.71,-4.82)	6.08	-52.47
(1,-1)	29	20	r2	r2	(3.71,-4.82)	6.08	-52.47
(1,-1)	30	21	r2	r2	(3.71,-4.82)	6.08	-52.47
(1,-1)	32	1	r2	r1	(1.94,-5.76)	6.08	-71.39
(1,-1)	33	24	r2	r2	(3.71,-4.82)	6.08	-52.47
(1,-1)	34	25	r2	r2	(3.71,-4.82)	6.08	-52.47
(1,0)	19	29	r2	r2	(4.82,3.71)	6.08	37.53
(-1,0)	34	24	r2	r2	(-4.82,-3.71)	6.08	-142.47
(0,1)	27	21	r2	r2	(-3.71,4.82)	6.08	127.53
(0,1)	31	25	r2	r2	(-3.71,4.82)	6.08	127.53
(0,-1)	25	31	r2	r2	(3.71,-4.82)	6.08	-52.47
(1,-1)	24	18	r2	r2	(3.71,-4.82)	6.08	-52.47
(1,-1)	32	18	r2	r2	(1.94,-5.76)	6.08	-71.39
(1,-1)	32	23	r2	r2	(3.71,-4.82)	6.08	-52.47
(1,-1)	28	19	r2	r2	(3.71,-4.82)	6.08	-52.47
(1,0)	8	32	r1	r2	(6.06,0.76)	6.11	7.19
(1,0)	21	11	r2	r1	(6.06,0.76)	6.11	7.19
(-1,0)	11	21	r1	r2	(-6.06,-0.76)	6.11	-172.81
(-1,0)	32	8	r2	r1	(-6.06,-0.76)	6.11	-172.81
(0,1)	7	30	r1	r2	(-0.76,6.06)	6.11	97.19
(0,1)	23	12	r2	r1	(-0.76,6.06)	6.11	97.19
(0,-1)	12	23	r1	r2	(0.76,-6.06)	6.11	-82.81
(0,-1)	30	7	r2	r1	(0.76,-6.06)	6.11	-82.81
(1,0)	3	29	r1	r2	(5.71,2.18)	6.11	20.88
(1,0)	24	16	r2	r1	(5.71,2.18)	6.11	20.88
(-1,0)	16	24	r1	r2	(-5.71,-2.18)	6.11	-159.12
(-1,0)	29	3	r2	r1	(-5.71,-2.18)	6.11	-159.12
(0,1)	10	25	r1	r2	(-2.18,5.71)	6.11	110.88
(0,1)	28	9	r2	r1	(-2.18,5.71)	6.11	110.88
(0,-1)	9	28	r1	r2	(2.18,-5.71)	6.11	-69.12
(0,-1)	25	10	r2	r1	(2.18,-5.71)	6.11	-69.12
(1,0)	5	23	r1	r2	(5.76,-2.06)	6.12	-19.65
(1,0)	10	34	r1	r2	(4.12,4.53)	6.12	47.73
(1,0)	19	9	r2	r1	(4.12,4.53)	6.12	47.73
(1,0)	30	14	r2	r1	(5.76,-2.06)	6.12	-19.65
(-1,0)	9	19	r1	r2	(-4.12,-4.53)	6.12	-132.27
(-1,0)	14	30	r1	r2	(-5.76,2.06)	6.12	160.35
(-1,0)	23	5	r2	r1	(-5.76,2.06)	6.12	160.35
(-1,0)	34	10	r2	r1	(-4.12,-4.53)	6.12	-132.27
(0,1)	2	32	r1	r2	(2.06,5.76)	6.12	70.35
(0,1)	16	22	r1	r2	(-4.53,4.12)	6.12	137.73
(0,1)	21	17	r2	r1	(2.06,5.76)	6.12	70.35
(0,1)	31	3	r2	r1	(-4.53,4.12)	6.12	137.73
(0,-1)	3	31	r1	r2	(4.53,-4.12)	6.12	-42.27
(0,-1)	17	21	r1	r2	(-2.06,-5.76)	6.12	-109.65
(0,-1)	22	16	r2	r1	(4.53,-4.12)	6.12	-42.27
(0,-1)	32	2	r2	r1	(-2.06,-5.76)	6.12	-109.65
(1,1)	5	28	r1	r2	(5.18,3.29)	6.14	32.47
(1,1)	11	22	r1	r2	(0.47,6.12)	6.14	85.60
(1,1)	25	14	r2	r1	(5.18,3.29)	6.14	32.47
(1,1)	31	8	r2	r1	(0.47,6.12)	6.14	85.60
(-1,1)	2	29	r1	r2	(-3.29,5.18)	6.14	122.47
(-1,1)	12	19	r1	r2	(-6.12,0.47)	6.14	175.60
(-1,1)	24	17	r2	r1	(-3.29,5.18)	6.14	122.47
(-1,1)	34	7	r2	r1	(-6.12,0.47)	6.14	175.60
(-1,-1)	8	31	r1	r2	(-0.47,-6.12)	6.14	-94.40
(-1,-1)	14	25	r1	r2	(-5.18,-3.29)	6.14	-147.53
(-1,-1)	22	11	r2	r1	(-0.47,-6.12)	6.14	-94.40
(-1,-1)	28	5	r2	r1	(-5.18,-3.29)	6.14	-147.53
(1,-1)	7	34	r1	r2	(6.12,-0.47)	6.14	-4.40
(1,-1)	17	24	r1	r2	(3.29,-5.18)	6.14	-57.53
(1,-1)	19	12	r2	r1	(6.12,-0.47)	6.14	-4.40
(1,-1)	29	2	r2	r1	(3.29,-5.18)	6.14	-57.53
(1,1)	5	27	r1	r2	(5.65,2.41)	6.14	23.13
(1,1)	15	22	r1	r2	(-0.53,6.12)	6.14	94.95
(1,1)	26	14	r2	r1	(5.65,2.41)	6.14	23.13
(1,1)	31	4	r2	r1	(-0.53,6.12)	6.14	94.95
(-1,1)	2	33	r1	r2	(-2.41,5.65)	6.14	113.13
(-1,1)	13	19	r1	r2	(-6.12,-0.53)	6.14	-175.05
(-1,1)	20	17	r2	r1	(-2.41,5.65)	6.14	113.13
(-1,1)	34	6	r2	r1	(-6.12,-0.53)	6.14	-175.05
(-1,-1)	4	31	r1	r2	(0.53,-6.12)	6.14	-85.05
(-1,-1)	14	26	r1	r2	(-5.65,-2.41)	6.14	-156.87
(-1,-1)	22	15	r2	r1	(0.53,-6.12)	6.14	-85.05
(-1,-1)	27	5	r2	r1	(-5.65,-2.41)	6.14	-156.87
(1,-1)	6	34	r1	r2	(6.12,0.53)	6.14	4.95
(1,-1)	17	20	r1	r2	(2.41,-5.65)	6.14	-66.87
(1,-1)	19	13	r2	r1	(6.12,0.53)	6.14	4.95
(1,-1)	33	2	r2	r1	(2.41,-5.65)	6.14	-66.87
(1,1)	11	28	r1	r2	(3.18,5.29)	6.17	59.04
(-1,1)	12	29	r1	r2	(-5.29,3.18)	6.17	149.04
(1,1)	25	8	r2	r1	(3.18,5.29)	6.17	59.04
(-1,1)	24	7	r2	r1	(-5.29,3.18)	6.17	149.04
(-1,-1)	8	25	r1	r2	(-3.18,-5.29)	6.17	-120.96
(-1,-1)	28	11	r2	r1	(-3.18,-5.29)	6.17	-120.96
(1,-1)	7	24	r1	r2	(5.29,-3.18)	6.17	-30.96
(1,-1)	29	12	r2	r1	(5.29,-3.18)	6.17	-30.96
(1,0)	4	28	r1	r2	(6.18,0.29)	6.18	2.73
(1,0)	7	33	r1	r2	(5.59,2.65)	6.18	25.35
(1,0)	20	12	r2	r1	(5.59,2.65)	6.18	25.35
(-1,0)	12	20	r1	r2	(-5.59,-2.65)	6.18	-154.65
(-1,0)	15	25	r1	r2	(-6.18,-0.29)	6.18	-177.27
(-1,0)	28	4	r2	r1	(-6.18,-0.29)	6.18	-177.27
(-1,0)	33	7	r2	r1	(-5.59,-2.65)	6.18	-154.65
(0,1)	6	29	r1	r2	(-0.29,6.18)	6.18	92.73
(0,1)	11	26	r1	r2	(-2.65,5.59)	6.18	115.35
(0,1)	27	8	r2	r1	(-2.65,5.59)	6.18	115.35
(0,-1)	8	27	r1	r2	(2.65,-5.59)	6.18	-64.65
(0,-1)	13	24	r1	r2	(0.29,-6.18)	6.18	-87.27
(0,-1)	26	11	r2	r1	(2.65,-5.59)	6.18	-64.65
(0,-1)	29	6	r2	r1	(0.29,-6.18)	6.18	-87.27
(1,1)	3	23	r1	r2	(4.76,3.94)	6.18	39.60
(1,1)	16	30	r1	r2	(1.24,6.06)	6.18	78.48
(1,1)	23	3	r2	r1	(1.24,6.06)	6.18	78.48
(1,1)	30	16	r2	r1	(4.76,3.94)	6.18	39.60
(-1,1)	9	21	r1	r2	(-6.06,1.24)	6.18	168.48
(-1,1)	10	32	r1	r2	(-3.94,4.76)	6.18	129.60
(-1,1)	21	9	r2	r1	(-3.94,4.76)	6.18	129.60
(-1,1)	32	10	r2	r1	(-6.06,1.24)	6.18	168.48
(-1,-1)	3	23	r1	r2	(-1.24,-6.06)	6.18	-101.52
(-1,-1)	16	30	r1	r2	(-4.76,-3.94)	6.18	-140.40
(-1,-1)	23	3	r2	r1	(-4.76,-3.94)	6.18	-140.40
(-1,-1)	30	16	r2	r1	(-1.24,-6.06)	6.18	-101.52
(1,-1)	9	21	r1	r2	(3.94,-4.76)	6.18	-50.40
(1,-1)	10	32	r1	r2	(6.06,-1.24)	6.18	-11.52
(1,-1)	21	9	r2	r1	(6.06,-1.24)	6.18	-11.52
(1,-1)	32	10	r2	r1	(3.94,-4.76)	6.18	-50.40
(1,0)	25	15	r2	r1	(6.18,0.29)	6.18	2.73
(0,1)	24	13	r2	r1	(-0.29,6.18)	6.18	92.73
(1,1)	16	33	r1	r2	(2.59,5.65)	6.21	65.38
(-1,1)	9	26	r1	r2	(-5.65,2.59)	6.21	155.38
(-1,-1)	3	20	r1	r2	(-2.59,-5.65)	6.21	-114.62
(-1,-1)	33	16	r2	r1	(-2.59,-5.65)	6.21	-114.62
(1,-1)	26	9	r2	r1	(5.65,-2.59)	6.21	-24.62
(1,1)	20	3	r2	r1	(2.59,5.65)	6.21	65.38
(-1,1)	27	10	r2	r1	(-5.65,2.59)	6.21	155.38
(1,-1)	10	27	r1	r2	(5.65,-2.59)	6.21	-24.62
(1,1)	6	23	r1	r2	(3.76,4.94)	6.21	52.70
(1,1)	30	13	r2	r1	(3.76,4.94)	6.21	52.70
(-1,1)	15	32	r1	r2	(-4.94,3.76)	6.21	142.70
(-1,1)	21	4	r2	r1	(-4.94,3.76)	6.21	142.70
(-1,-1)	13	30	r1	r2	(-3.76,-4.94)	6.21	-127.30
(-1,-1)	23	6	r2	r1	(-3.76,-4.94)	6.21	-127.30
(1,-1)	4	21	r1	r2	(4.94,-3.76)	6.21	-37.30
(1,-1)	32	15	r2	r1	(4.94,-3.76)	6.21	-37.30
(1,0)	5	28	r1	r2	(6.18,-0.71)	6.22	-6.52
(1,0)	7	34	r1	r2	(5.12,3.53)	6.22	34.59
(1,0)	19	12	r2	r1	(5.12,3.53)	6.22	34.59
(-1,0)	12	19	r1	r2	(-5.12,-3.53)	6.22	-145.41
(-1,0)	14	25	r1	r2	(-6.18,0.71)	6.22	173.48
(-1,0)	28	5	r2	r1	(-6.18,0.71)	6.22	173.48
(-1,0)	34	7	r2	r1	(-5.12,-3.53)	6.22	-145.41
(0,1)	2	29	r1	r2	(0.71,6.18)	6.22	83.48
(0,1)	11	22	r1	r2	(-3.53,5.12)	6.22	124.59
(0,1)	31	8	r2	r1	(-3.53,5.12)	6.22	124.59
(0,-1)	8	31	r1	r2	(3.53,-5.12)	6.22	-55.41
(0,-1)	17	24	r1	r2	(-0.71,-6.18)	6.22	-96.52
(0,-1)	22	11	r2	r1	(3.53,-5.12)	6.22	-55.41
(0,-1)	29	2	r2	r1	(-0.71,-6.18)	6.22	-96.52
(1,0)	25	14	r2	r1	(6.18,-0.71)	6.22	-6.52
(0,1)	24	17	r2	r1	(0.71,6.18)	6.22	83.48
(1,1)	9	31	r1	r2	(5.53,2.88)	6.24	27.53
(1,1)	14	21	r1	r2	(-0.06,6.24)	6.24	90.54
(1,1)	22	10	r2	r1	(5.53,2.88)	6.24	27.53
(1,1)	32	5	r2	r1	(-0.06,6.24)	6.24	90.54
(-1,1)	3	34	r1	r2	(-2.88,5.53)	6.24	117.53
(-1,1)	17	23	r1	r2	(-6.24,-0.06)	6.24	-179.46
(-1,1)	19	16	r2	r1	(-2.88,5.53)	6.24	117.53
(-1,1)	30	2	r2	r1	(-6.24,-0.06)	6.24	-179.46
(-1,-1)	5	32	r1	r2	(0.06,-6.24)	6.24	-89.46
(-1,-1)	10	22	r1	r2	(-5.53,-2.88)	6.24	-152.47
(-1,-1)	21	14	r2	r1	(0.06,-6.24)	6.24	-89.46
(-1,-1)	31	9	r2	r1	(-5.53,-2.88)	6.24	-152.47
(1,-1)	2	30	r1	r2	(6.24,0.06)	6.24	0.54
(1,-1)	16	19	r1	r2	(2.88,-5.53)	6.24	-62.47
(1,-1)	23	17	r2	r1	(6.24,0.06)	6.24	0.54
(1,-1)	34	3	r2	r1	(2.88,-5.53)	6.24	-62.47
(1,1)	10	24	r1	r2	(2.29,5.82)	6.26	68.50
(1,1)	12	32	r1	r2	(4.06,4.76)	6.26	49.57
(1,1)	21	7	r2	r1	(4.06,4.76)	6.26	49.57
(-1,1)	8	30	r1	r2	(-4.76,4.06)	6.26	139.57
(-1,1)	16	28	r1	r2	(-5.82,2.29)	6.26	158.50
(-1,1)	23	11	r2	r1	(-4.76,4.06)	6.26	139.57
(-1,1)	25	3	r2	r1	(-5.82,2.29)	6.26	158.50
(-1,-1)	7	21	r1	r2	(-4.06,-4.76)	6.26	-130.43
(-1,-1)	9	29	r1	r2	(-2.29,-5.82)	6.26	-111.50
(-1,-1)	24	10	r2	r1	(-2.29,-5.82)	6.26	-111.50
(-1,-1)	32	12	r2	r1	(-4.06,-4.76)	6.26	-130.43
(1,-1)	3	25	r1	r2	(5.82,-2.29)	6.26	-21.50
(1,-1)	11	23	r1	r2	(4.76,-4.06)	6.26	-40.43
(1,-1)	30	8	r2	r1	(4.76,-4.06)	6.26	-40.43
(1,1)	29	9	r2	r1	(2.29,5.82)	6.26	68.50
(1,-1)	28	16	r2	r1	(5.82,-2.29)	6.26	-21.50
(1,1)	5	29	r1	r2	(4.71,4.18)	6.29	41.59
(1,1)	7	22	r1	r2	(1.47,6.12)	6.29	76.48
(1,1)	31	12	r2	r1	(1.47,6.12)	6.29	76.48
(-1,1)	2	25	r1	r2	(-4.18,4.71)	6.29	131.59
(-1,1)	11	19	r1	r2	(-6.12,1.47)	6.29	166.48
(-1,1)	28	17	r2	r1	(-4.18,4.71)	6.29	131.59
(-1,1)	34	8	r2	r1	(-6.12,1.47)	6.29	166.48
(-1,-1)	12	31	r1	r2	(-1.47,-6.12)	6.29	-103.52
(-1,-1)	14	24	r1	r2	(-4.71,-4.18)	6.29	-138.41
(-1,-1)	22	7	r2	r1	(-1.47,-6.12)	6.29	-103.52
(-1,-1)	29	5	r2	r1	(-4.71,-4.18)	6.29	-138.41
(1,-1)	8	34	r1	r2	(6.12,-1.47)	6.29	-13.52
(1,-1)	17	28	r1	r2	(4.18,-4.71)	6.29	-48.41
(1,-1)	19	11	r2	r1	(6.12,-1.47)	6.29	-13.52
(1,1)	24	14	r2	r1	(4.71,4.18)	6.29	41.59
(1,-1)	25	2	r2	r1	(4.18,-4.71)	6.29	-48.41
(1,0)	5	34	r1	r2	(6.12,1.53)	6.31	14.04
(1,0)	19	14	r2	r1	(6.12,1.53)	6.31	14.04
(-1,0)	14	19	r1	r2	(-6.12,-1.53)	6.31	-165.96
(-1,0)	34	5	r2	r1	(-6.12,-1.53)	6.31	-165.96
(0,1)	2	22	r1	r2	(-1.53,6.12)	6.31	104.04
(0,1)	31	17	r2	r1	(-1.53,6.12)	6.31	104.04
(0,-1)	17	31	r1	r2	(1.53,-6.12)	6.31	-75.96
(0,-1)	22	2	r2	r1	(1.53,-6.12)	6.31	-75.96
(1,1)	9	32	r1	r2	(5.06,3.76)	6.31	36.66
(1,1)	10	21	r1	r2	(0.94,6.24)	6.31	81.42
(1,1)	21	10	r2	r1	(5.06,3.76)	6.31	36.66
(1,1)	32	9	r2	r1	(0.94,6.24)	6.31	81.42
(-1,1)	3	30	r1	r2	(-3.76,5.06)	6.31	126.66
(-1,1)	16	23	r1	r2	(-6.24,0.94)	6.31	171.42
(-1,1)	23	16	r2	r1	(-3.76,5.06)	6.31	126.66
(-1,1)	30	3	r2	r1	(-6.24,0.94)	6.31	171.42
(-1,-1)	9	32	r1	r2	(-0.94,-6.24)	6.31	-98.58
(-1,-1)	10	21	r1	r2	(-5.06,-3.76)	6.31	-143.34
(-1,-1)	21	10	r2	r1	(-0.94,-6.24)	6.31	-98.58
(-1,-1)	32	9	r2	r1	(-5.06,-3.76)	6.31	-143.34
(1,-1)	3	30	r1	r2	(6.24,-0.94)	6.31	-8.58
(1,-1)	16	23	r1	r2	(3.76,-5.06)	6.31	-53.34
(1,-1)	23	16	r2	r1	(6.24,-0.94)	6.31	-8.58
(1,-1)	30	3	r2	r1	(3.76,-5.06)	6.31	-53.34
(1,0)	3	28	r1	r2	(6.18,1.29)	6.31	11.83
(-1,0)	16	25	r1	r2	(-6.18,-1.29)	6.31	-168.17
(-1,0)	28	3	r2	r1	(-6.18,-1.29)	6.31	-168.17
(0,1)	10	29	r1	r2	(-1.29,6.18)	6.31	101.83
(0,-1)	9	24	r1	r2	(1.29,-6.18)	6.31	-78.17
(0,-1)	29	10	r2	r1	(1.29,-6.18)	6.31	-78.17
(1,0)	7	32	r1	r2	(6.06,1.76)	6.31	16.24
(1,0)	21	12	r2	r1	(6.06,1.76)	6.31	16.24
(1,0)	25	16	r2	r1	(6.18,1.29)	6.31	11.83
(-1,0)	12	21	r1	r2	(-6.06,-1.76)	6.31	-163.76
(-1,0)	32	7	r2	r1	(-6.06,-1.76)	6.31	-163.76
(0,1)	11	30	r1	r2	(-1.76,6.06)	6.31	106.24
(0,1)	23	8	r2	r1	(-1.76,6.06)	6.31	106.24
(0,1)	24	9	r2	r1	(-1.29,6.18)	6.31	101.83
(0,-1)	8	23	r1	r2	(1.76,-6.06)	6.31	-73.76
(0,-1)	30	11	r2	r1	(1.76,-6.06)	6.31	-73.76
(1,0)	20	27	r2	r2	(6.24,1.06)	6.32	9.64
(1,0)	21	28	r2	r2	(6.24,1.06)	6.32	9.64
(1,0)	26	33	r2	r2	(6.24,1.06)	6.32	9.64
(-1,0)	27	20	r2	r2	(-6.24,-1.06)	6.32	-170.36
(-1,0)	28	21	r2	r2	(-6.24,-1.06)	6.32	-170.36
(-1,0)	32	25	r2	r2	(-6.24,-1.06)	6.32	-170.36
(-1,0)	33	26	r2	r2	(-6.24,-1.06)	6.32	-170.36
(0,1)	20	26	r2	r2	(-1.06,6.24)	6.32	99.64
(0,1)	23	29	r2	r2	(-1.06,6.24)	6.32	99.64
(0,1)	27	33	r2	r2	(-1.06,6.24)	6.32	99.64
(0,-1)	26	20	r2	r2	(1.06,-6.24)	6.32	-80.36
(0,-1)	29	23	r2	r2	(1.06,-6.24)	6.32	-80.36
(0,-1)	30	24	r2	r2	(1.06,-6.24)	6.32	-80.36
(0,-1)	33	27	r2	r2	(1.06,-6.24)	6.32	-80.36
(1,1)	26	29	r2	r2	(4.35,4.59)	6.32	46.51
(1,1)	31	22	r2	r2	(-1.06,6.24)	6.32	99.64
(-1,1)	20	25	r2	r2	(-4.59,4.35)	6.32	136.51
(-1,1)	34	19	r2	r2	(-6.24,-1.06)	6.32	-170.36
(1,-1)	19	34	r2	r2	(6.24,1.06)	6.32	9.64
(1,0)	1	10	r1	r1	(6.00,2.00)	6.32	18.43
(1,0)	1	26	r1	r2	(4.35,4.59)	6.32	46.51
(1,0)	2	11	r1	r1	(6.00,2.00)	6.32	18.43
(1,0)	3	12	r1	r1	(6.00,2.00)	6.32	18.43
(1,0)	4	13	r1	r1	(6.00,2.00)	6.32	18.43
(1,0)	5	10	r1	r1	(6.00,-2.00)	6.32	-18.43
(1,0)	6	15	r1	r1	(6.00,2.00)	6.32	18.43
(1,0)	7	16	r1	r1	(6.00,2.00)	6.32	18.43
(1,0)	8	17	r1	r1	(6.00,2.00)	6.32	18.43
(1,0)	9	14	r1	r1	(6.00,-2.00)	6.32	-18.43
(1,0)	18	10	r2	r1	(6.00,2.00)	6.32	18.43
(1,0)	18	26	r2	r2	(4.35,4.59)	6.32	46.51
(1,0)	19	30	r2	r2	(4.35,4.59)	6.32	46.51
(1,0)	22	29	r2	r2	(6.24,1.06)	6.32	9.64
(1,0)	23	34	r2	r2	(4.35,4.59)	6.32	46.51
(1,0)	24	31	r2	r2	(6.24,1.06)	6.32	9.64
(1,0)	25	32	r2	r2	(6.24,1.06)	6.32	9.64
(-1,0)	10	1	r1	r1	(-6.00,-2.00)	6.32	-161.57
(-1,0)	10	5	r1	r1	(-6.00,2.00)	6.32	161.57
(-1,0)	10	18	r1	r2	(-6.00,-2.00)	6.32	-161.57
(-1,0)	11	2	r1	r1	(-6.00,-2.00)	6.32	-161.57
(-1,0)	12	3	r1	r1	(-6.00,-2.00)	6.32	-161.57
(-1,0)	13	4	r1	r1	(-6.00,-2.00)	6.32	-161.57
(-1,0)	14	9	r1	r1	(-6.00,2.00)	6.32	161.57
(-1,0)	15	6	r1	r1	(-6.00,-2.00)	6.32	-161.57
(-1,0)	16	7	r1	r1	(-6.00,-2.00)	6.32	-161.57
(-1,0)	17	8	r1	r1	(-6.00,-2.00)	6.32	-161.57
(-1,0)	26	1	r2	r1	(-4.35,-4.59)	6.32	-133.49
(-1,0)	26	18	r2	r2	(-4.35,-4.59)	6.32	-133.49
(-1,0)	29	22	r2	r2	(-6.24,-1.06)	6.32	-170.36
(-1,0)	30	19	r2	r2	(-4.35,-4.59)	6.32	-133.49
(-1,0)	31	24	r2	r2	(-6.24,-1.06)	6.32	-170.36
(-1,0)	34	23	r2	r2	(-4.35,-4.59)	6.32	-133.49
(0,1)	1	15	r1	r1	(2.00,6.00)	6.32	71.57
(0,1)	1	21	r1	r2	(-1.06,6.24)	6.32	99.64
(0,1)	2	16	r1	r1	(2.00,6.00)	6.32	71.57
(0,1)	3	17	r1	r1	(2.00,6.00)	6.32	71.57
(0,1)	6	4	r1	r1	(-2.00,6.00)	6.32	108.43
(0,1)	7	5	r1	r1	(-2.00,6.00)	6.32	108.43
(0,1)	10	8	r1	r1	(-2.00,6.00)	6.32	108.43
(0,1)	11	9	r1	r1	(-2.00,6.00)	6.32	108.43
(0,1)	14	12	r1	r1	(-2.00,6.00)	6.32	108.43
(0,1)	15	13	r1	r1	(-2.00,6.00)	6.32	108.43
(0,1)	18	15	r2	r1	(2.00,6.00)	6.32	71.57
(0,1)	18	21	r2	r2	(-1.06,6.24)	6.32	99.64
(0,1)	19	25	r2	r2	(-1.06,6.24)	6.32	99.64
(0,1)	24	30	r2	r2	(-1.06,6.24)	6.32	99.64
(0,1)	28	34	r2	r2	(-1.06,6.24)	6.32	99.64
(0,1)	31	21	r2	r2	(-4.59,4.35)	6.32	136.51
(0,1)	32	22	r2	r2	(-4.59,4.35)	6.32	136.51
(0,-1)	4	6	r1	r1	(2.00,-6.00)	6.32	-71.57
(0,-1)	5	7	r1	r1	(2.00,-6.00)	6.32	-71.57
(0,-1)	8	10	r1	r1	(2.00,-6.00)	6.32	-71.57
(0,-1)	9	11	r1	r1	(2.00,-6.00)	6.32	-71.57
(0,-1)	12	14	r1	r1	(2.00,-6.00)	6.32	-71.57
(0,-1)	13	15	r1	r1	(2.00,-6.00)	6.32	-71.57
(0,-1)	15	1	r1	r1	(-2.00,-6.00)	6.32	-108.43
(0,-1)	15	18	r1	r2	(-2.00,-6.00)	6.32	-108.43
(0,-1)	16	2	r1	r1	(-2.00,-6.00)	6.32	-108.43
(0,-1)	17	3	r1	r1	(-2.00,-6.00)	6.32	-108.43
(0,-1)	21	1	r2	r1	(1.06,-6.24)	6.32	-80.36
(0,-1)	21	18	r2	r2	(1.06,-6.24)	6.32	-80.36
(0,-1)	21	31	r2	r2	(4.59,-4.35)	6.32	-43.49
(0,-1)	22	32	r2	r2	(4.59,-4.35)	6.32	-43.49
(0,-1)	25	19	r2	r2	(1.06,-6.24)	6.32	-80.36
(0,-1)	34	28	r2	r2	(1.06,-6.24)	6.32	-80.36
(1,1)	5	14	r1	r1	(6.00,2.00)	6.32	18.43
(1,1)	6	3	r1	r1	(2.00,6.00)	6.32	71.57
(1,1)	7	4	r1	r1	(2.00,6.00)	6.32	71.57
(1,1)	8	5	r1	r1	(2.00,6.00)	6.32	71.57
(1,1)	10	7	r1	r1	(2.00,6.00)	6.32	71.57
(1,1)	11	8	r1	r1	(2.00,6.00)	6.32	71.57
(1,1)	12	9	r1	r1	(2.00,6.00)	6.32	71.57
(1,1)	14	11	r1	r1	(2.00,6.00)	6.32	71.57
(1,1)	15	12	r1	r1	(2.00,6.00)	6.32	71.57
(1,1)	16	13	r1	r1	(2.00,6.00)	6.32	71.57
(1,1)	20	23	r2	r2	(4.35,4.59)	6.32	46.51
(1,1)	21	24	r2	r2	(4.35,4.59)	6.32	46.51
(1,1)	22	25	r2	r2	(4.35,4.59)	6.32	46.51
(1,1)	24	27	r2	r2	(4.35,4.59)	6.32	46.51
(1,1)	25	28	r2	r2	(4.35,4.59)	6.32	46.51
(1,1)	28	31	r2	r2	(4.35,4.59)	6.32	46.51
(1,1)	29	32	r2	r2	(4.35,4.59)	6.32	46.51
(1,1)	30	33	r2	r2	(4.35,4.59)	6.32	46.51
(-1,1)	1	16	r1	r1	(-2.00,6.00)	6.32	108.43
(-1,1)	1	20	r1	r2	(-4.59,4.35)	6.32	136.51
(-1,1)	2	17	r1	r1	(-2.00,6.00)	6.32	108.43
(-1,1)	6	1	r1	r1	(-6.00,2.00)	6.32	161.57
(-1,1)	6	18	r1	r2	(-6.00,2.00)	6.32	161.57
(-1,1)	7	2	r1	r1	(-6.00,2.00)	6.32	161.57
(-1,1)	8	3	r1	r1	(-6.00,2.00)	6.32	161.57
(-1,1)	9	4	r1	r1	(-6.00,2.00)	6.32	161.57
(-1,1)	11	6	r1	r1	(-6.00,2.00)	6.32	161.57
(-1,1)	12	7	r1	r1	(-6.00,2.00)	6.32	161.57
(-1,1)	13	8	r1	r1	(-6.00,2.00)	6.32	161.57
(-1,1)	15	10	r1	r1	(-6.00,2.00)	6.32	161.57
(-1,1)	16	11	r1	r1	(-6.00,2.00)	6.32	161.57
(-1,1)	17	12	r1	r1	(-6.00,2.00)	6.32	161.57
(-1,1)	18	16	r2	r1	(-2.00,6.00)	6.32	108.43
(-1,1)	18	20	r2	r2	(-4.59,4.35)	6.32	136.51
(-1,1)	19	24	r2	r2	(-4.59,4.35)	6.32	136.51
(-1,1)	21	26	r2	r2	(-4.59,4.35)	6.32	136.51
(-1,1)	23	28	r2	r2	(-4.59,4.35)	6.32	136.51
(-1,1)	24	29	r2	r2	(-4.59,4.35)	6.32	136.51
(-1,1)	25	30	r2	r2	(-4.59,4.35)	6.32	136.51
(-1,1)	27	32	r2	r2	(-4.59,4.35)	6.32	136.51
(-1,1)	28	33	r2	r2	(-4.59,4.35)	6.32	136.51
(-1,1)	29	34	r2	r2	(-4.59,4.35)	6.32	136.51
(-1,1)	30	1	r2	r1	(-6.24,-1.06)	6.32	-170.36
(-1,1)	30	18	r2	r2	(-6.24,-1.06)	6.32	-170.36
(-1,-1)	3	6	r1	r1	(-2.00,-6.00)	6.32	-108.43
(-1,-1)	4	7	r1	r1	(-2.00,-6.00)	6.32	-108.43
(-1,-1)	5	8	r1	r1	(-2.00,-6.00)	6.32	-108.43
(-1,-1)	7	10	r1	r1	(-2.00,-6.00)	6.32	-108.43
(-1,-1)	8	11	r1	r1	(-2.00,-6.00)	6.32	-108.43
(-1,-1)	9	12	r1	r1	(-2.00,-6.00)	6.32	-108.43
(-1,-1)	11	14	r1	r1	(-2.00,-6.00)	6.32	-108.43
(-1,-1)	12	15	r1	r1	(-2.00,-6.00)	6.32	-108.43
(-1,-1)	13	16	r1	r1	(-2.00,-6.00)	6.32	-108.43
(-1,-1)	14	5	r1	r1	(-6.00,-2.00)	6.32	-161.57
(-1,-1)	22	31	r2	r2	(1.06,-6.24)	6.32	-80.36
(-1,-1)	23	20	r2	r2	(-4.35,-4.59)	6.32	-133.49
(-1,-1)	24	21	r2	r2	(-4.35,-4.59)	6.32	-133.49
(-1,-1)	25	22	r2	r2	(-4.35,-4.59)	6.32	-133.49
(-1,-1)	27	24	r2	r2	(-4.35,-4.59)	6.32	-133.49
(-1,-1)	28	25	r2	r2	(-4.35,-4.59)	6.32	-133.49
(-1,-1)	29	26	r2	r2	(-4.35,-4.59)	6.32	-133.49
(-1,-1)	31	28	r2	r2	(-4.35,-4.59)	6.32	-133.49
(-1,-1)	32	29	r2	r2	(-4.35,-4.59)	6.32	-133.49
(-1,-1)	33	30	r2	r2	(-4.35,-4.59)	6.32	-133.49
(1,-1)	1	6	r1	r1	(6.00,-2.00)	6.32	-18.43
(1,-1)	1	30	r1	r2	(6.24,1.06)	6.32	9.64
(1,-1)	2	7	r1	r1	(6.00,-2.00)	6.32	-18.43
(1,-1)	3	8	r1	r1	(6.00,-2.00)	6.32	-18.43
(1,-1)	4	9	r1	r1	(6.00,-2.00)	6.32	-18.43
(1,-1)	6	11	r1	r1	(6.00,-2.00)	6.32	-18.43
(1,-1)	7	12	r1	r1	(6.00,-2.00)	6.32	-18.43
(1,-1)	8	13	r1	r1	(6.00,-2.00)	6.32	-18.43
(1,-1)	10	15	r1	r1	(6.00,-2.00)	6.32	-18.43
(1,-1)	11	16	r1	r1	(6.00,-2.00)	6.32	-18.43
(1,-1)	12	17	r1	r1	(6.00,-2.00)	6.32	-18.43
(1,-1)	16	1	r1	r1	(2.00,-6.00)	6.32	-71.57
(1,-1)	16	18	r1	r2	(2.00,-6.00)	6.32	-71.57
(1,-1)	17	2	r1	r1	(2.00,-6.00)	6.32	-71.57
(1,-1)	18	6	r2	r1	(6.00,-2.00)	6.32	-18.43
(1,-1)	18	30	r2	r2	(6.24,1.06)	6.32	9.64
(1,-1)	20	1	r2	r1	(4.59,-4.35)	6.32	-43.49
(1,-1)	20	18	r2	r2	(4.59,-4.35)	6.32	-43.49
(1,-1)	26	21	r2	r2	(4.59,-4.35)	6.32	-43.49
(1,-1)	28	23	r2	r2	(4.59,-4.35)	6.32	-43.49
(1,-1)	29	24	r2	r2	(4.59,-4.35)	6.32	-43.49
(1,-1)	30	25	r2	r2	(4.59,-4.35)	6.32	-43.49
(1,-1)	32	27	r2	r2	(4.59,-4.35)	6.32	-43.49
(1,-1)	33	28	r2	r2	(4.59,-4.35)	6.32	-43.49
(1,-1)	34	29	r2	r2	(4.59,-4.35)	6.32	-43.49
(1,-1)	24	19	r2	r2	(4.59,-4.35)	6.32	-43.49
(1,-1)	25	20	r2	r2	(4.59,-4.35)	6.32	-43.49
(1,1)	2	20	r1	r2	(3.41,5.35)	6.35	57.49
(1,1)	13	34	r1	r2	(3.12,5.53)	6.35	60.58
(-1,1)	4	22	r1	r2	(-5.53,3.12)	6.35	150.58
(1,-1)	5	26	r1	r2	(5.35,-3.41)	6.35	-32.51
(1,1)	19	6	r2	r1	(3.12,5.53)	6.35	60.58
(-1,1)	31	15	r2	r1	(-5.53,3.12)	6.35	150.58
(-1,-1)	6	19	r1	r2	(-3.12,-5.53)	6.35	-119.42
(-1,-1)	17	33	r1	r2	(-3.41,-5.35)	6.35	-122.51
(-1,-1)	20	2	r2	r1	(-3.41,-5.35)	6.35	-122.51
(-1,-1)	34	13	r2	r1	(-3.12,-5.53)	6.35	-119.42
(1,-1)	15	31	r1	r2	(5.53,-3.12)	6.35	-29.42
(1,-1)	22	4	r2	r1	(5.53,-3.12)	6.35	-29.42
(1,-1)	27	14	r2	r1	(5.35,-3.41)	6.35	-32.51
(1,1)	33	17	r2	r1	(3.41,5.35)	6.35	57.49
(-1,1)	14	27	r1	r2	(-5.35,3.41)	6.35	147.49
(-1,1)	26	5	r2	r1	(-5.35,3.41)	6.35	147.49
(1,1)	8	29	r1	r2	(3.71,5.18)	6.37	54.40
(-1,1)	7	25	r1	r2	(-5.18,3.71)	6.37	144.40
(-1,1)	11	24	r1	r2	(-5.71,2.82)	6.37	153.67
(-1,1)	28	12	r2	r1	(-5.18,3.71)	6.37	144.40
(-1,-1)	11	24	r1	r2	(-3.71,-5.18)	6.37	-125.60
(-1,-1)	29	8	r2	r1	(-3.71,-5.18)	6.37	-125.60
(1,-1)	8	29	r1	r2	(5.71,-2.82)	6.37	-26.33
(1,-1)	12	28	r1	r2	(5.18,-3.71)	6.37	-35.60
(1,1)	7	25	r1	r2	(2.82,5.71)	6.37	63.67
(1,1)	24	11	r2	r1	(3.71,5.18)	6.37	54.40
(1,1)	28	12	r2	r1	(2.82,5.71)	6.37	63.67
(-1,1)	29	8	r2	r1	(-5.71,2.82)	6.37	153.67
(-1,-1)	12	28	r1	r2	(-2.82,-5.71)	6.37	-116.33
(-1,-1)	25	7	r2	r1	(-2.82,-5.71)	6.37	-116.33
(1,-1)	24	11	r2	r1	(5.71,-2.82)	6.37	-26.33
(1,-1)	25	7	r2	r1	(5.18,-3.71)	6.37	-35.60
(1,0)	26	27	r2	r2	(6.29,-1.18)	6.40	-10.59
(1,1)	31	29	r2	r2	(1.18,6.29)	6.40	79.41
(-1,1)	25	21	r2	r2	(-5.88,2.53)	6.40	156.73
(-1,1)	33	24	r2	r2	(-6.29,1.18)	6.40	169.41
(-1,1)	34	25	r2	r2	(-6.29,1.18)	6.40	169.41
(1,-1)	19	28	r2	r2	(6.29,-1.18)	6.40	-10.59
(1,0)	1	5	r1	r1	(4.00,5.00)	6.40	51.34
(1,0)	1	8	r1	r1	(5.00,4.00)	6.40	38.66
(1,0)	2	9	r1	r1	(5.00,4.00)	6.40	38.66
(1,0)	6	13	r1	r1	(5.00,4.00)	6.40	38.66
(1,0)	10	17	r1	r1	(5.00,4.00)	6.40	38.66
(1,0)	18	5	r2	r1	(4.00,5.00)	6.40	51.34
(1,0)	18	8	r2	r1	(5.00,4.00)	6.40	38.66
(1,0)	22	23	r2	r2	(6.29,-1.18)	6.40	-10.59
(1,0)	30	31	r2	r2	(6.29,-1.18)	6.40	-10.59
(-1,0)	5	1	r1	r1	(-4.00,-5.00)	6.40	-128.66
(-1,0)	5	18	r1	r2	(-4.00,-5.00)	6.40	-128.66
(-1,0)	8	1	r1	r1	(-5.00,-4.00)	6.40	-141.34
(-1,0)	8	18	r1	r2	(-5.00,-4.00)	6.40	-141.34
(-1,0)	9	2	r1	r1	(-5.00,-4.00)	6.40	-141.34
(-1,0)	13	6	r1	r1	(-5.00,-4.00)	6.40	-141.34
(-1,0)	17	10	r1	r1	(-5.00,-4.00)	6.40	-141.34
(-1,0)	23	22	r2	r2	(-6.29,1.18)	6.40	169.41
(-1,0)	27	26	r2	r2	(-6.29,1.18)	6.40	169.41
(-1,0)	31	30	r2	r2	(-6.29,1.18)	6.40	169.41
(0,1)	1	31	r1	r2	(2.53,5.88)	6.40	66.73
(0,1)	14	3	r1	r1	(-4.00,5.00)	6.40	128.66
(0,1)	15	4	r1	r1	(-4.00,5.00)	6.40	128.66
(0,1)	16	5	r1	r1	(-4.00,5.00)	6.40	128.66
(0,1)	18	31	r2	r2	(2.53,5.88)	6.40	66.73
(0,1)	19	32	r2	r2	(1.18,6.29)	6.40	79.41
(0,1)	20	33	r2	r2	(1.18,6.29)	6.40	79.41
(0,1)	21	34	r2	r2	(1.18,6.29)	6.40	79.41
(0,-1)	3	14	r1	r1	(4.00,-5.00)	6.40	-51.34
(0,-1)	4	15	r1	r1	(4.00,-5.00)	6.40	-51.34
(0,-1)	5	16	r1	r1	(4.00,-5.00)	6.40	-51.34
(0,-1)	28	1	r2	r1	(-1.18,-6.29)	6.40	-100.59
(0,-1)	28	18	r2	r2	(-1.18,-6.29)	6.40	-100.59
(0,-1)	32	19	r2	r2	(-1.18,-6.29)	6.40	-100.59
(0,-1)	33	20	r2	r2	(-1.18,-6.29)	6.40	-100.59
(0,-1)	34	21	r2	r2	(-1.18,-6.29)	6.40	-100.59
(1,1)	2	6	r1	r1	(4.00,5.00)	6.40	51.34
(1,1)	3	7	r1	r1	(4.00,5.00)	6.40	51.34
(1,1)	3	10	r1	r1	(5.00,4.00)	6.40	38.66
(1,1)	4	8	r1	r1	(4.00,5.00)	6.40	51.34
(1,1)	4	11	r1	r1	(5.00,4.00)	6.40	38.66
(1,1)	5	9	r1	r1	(4.00,5.00)	6.40	51.34
(1,1)	5	12	r1	r1	(5.00,4.00)	6.40	38.66
(1,1)	6	10	r1	r1	(4.00,5.00)	6.40	51.34
(1,1)	7	11	r1	r1	(4.00,5.00)	6.40	51.34
(1,1)	7	14	r1	r1	(5.00,4.00)	6.40	38.66
(1,1)	8	12	r1	r1	(4.00,5.00)	6.40	51.34
(1,1)	8	15	r1	r1	(5.00,4.00)	6.40	38.66
(1,1)	9	13	r1	r1	(4.00,5.00)	6.40	51.34
(1,1)	9	16	r1	r1	(5.00,4.00)	6.40	38.66
(1,1)	10	14	r1	r1	(4.00,5.00)	6.40	51.34
(1,1)	11	15	r1	r1	(4.00,5.00)	6.40	51.34
(1,1)	12	16	r1	r1	(4.00,5.00)	6.40	51.34
(1,1)	13	17	r1	r1	(4.00,5.00)	6.40	51.34
(1,1)	19	20	r2	r2	(2.53,5.88)	6.40	66.73
(1,1)	21	22	r2	r2	(2.53,5.88)	6.40	66.73
(1,1)	23	21	r2	r2	(1.18,6.29)	6.40	79.41
(1,1)	23	24	r2	r2	(2.53,5.88)	6.40	66.73
(1,1)	24	22	r2	r2	(1.18,6.29)	6.40	79.41
(1,1)	25	26	r2	r2	(2.53,5.88)	6.40	66.73
(1,1)	28	26	r2	r2	(1.18,6.29)	6.40	79.41
(1,1)	28	29	r2	r2	(2.53,5.88)	6.40	66.73
(1,1)	32	30	r2	r2	(1.18,6.29)	6.40	79.41
(1,1)	32	33	r2	r2	(2.53,5.88)	6.40	66.73
(-1,1)	1	2	r1	r1	(-5.00,4.00)	6.40	141.34
(-1,1)	1	7	r1	r1	(-4.00,5.00)	6.40	128.66
(-1,1)	2	3	r1	r1	(-5.00,4.00)	6.40	141.34
(-1,1)	2	8	r1	r1	(-4.00,5.00)	6.40	128.66
(-1,1)	3	4	r1	r1	(-5.00,4.00)	6.40	141.34
(-1,1)	3	9	r1	r1	(-4.00,5.00)	6.40	128.66
(-1,1)	4	5	r1	r1	(-5.00,4.00)	6.40	141.34
(-1,1)	6	7	r1	r1	(-5.00,4.00)	6.40	141.34
(-1,1)	6	12	r1	r1	(-4.00,5.00)	6.40	128.66
(-1,1)	7	8	r1	r1	(-5.00,4.00)	6.40	141.34
(-1,1)	7	13	r1	r1	(-4.00,5.00)	6.40	128.66
(-1,1)	8	9	r1	r1	(-5.00,4.00)	6.40	141.34
(-1,1)	10	11	r1	r1	(-5.00,4.00)	6.40	141.34
(-1,1)	10	16	r1	r1	(-4.00,5.00)	6.40	128.66
(-1,1)	11	12	r1	r1	(-5.00,4.00)	6.40	141.34
(-1,1)	11	17	r1	r1	(-4.00,5.00)	6.40	128.66
(-1,1)	12	13	r1	r1	(-5.00,4.00)	6.40	141.34
(-1,1)	14	15	r1	r1	(-5.00,4.00)	6.40	141.34
(-1,1)	15	16	r1	r1	(-5.00,4.00)	6.40	141.34
(-1,1)	16	17	r1	r1	(-5.00,4.00)	6.40	141.34
(-1,1)	18	2	r2	r1	(-5.00,4.00)	6.40	141.34
(-1,1)	18	7	r2	r1	(-4.00,5.00)	6.40	128.66
(-1,1)	23	19	r2	r2	(-5.88,2.53)	6.40	156.73
(-1,1)	24	1	r2	r1	(-6.29,1.18)	6.40	169.41
(-1,1)	24	18	r2	r2	(-6.29,1.18)	6.40	169.41
(-1,1)	24	20	r2	r2	(-5.88,2.53)	6.40	156.73
(-1,1)	28	19	r2	r2	(-6.29,1.18)	6.40	169.41
(-1,1)	28	24	r2	r2	(-5.88,2.53)	6.40	156.73
(-1,1)	29	20	r2	r2	(-6.29,1.18)	6.40	169.41
(-1,1)	29	25	r2	r2	(-5.88,2.53)	6.40	156.73
(-1,1)	30	21	r2	r2	(-6.29,1.18)	6.40	169.41
(-1,1)	30	26	r2	r2	(-5.88,2.53)	6.40	156.73
(-1,1)	32	23	r2	r2	(-6.29,1.18)	6.40	169.41
(-1,1)	32	28	r2	r2	(-5.88,2.53)	6.40	156.73
(-1,1)	33	29	r2	r2	(-5.88,2.53)	6.40	156.73
(-1,-1)	6	2	r1	r1	(-4.00,-5.00)	6.40	-128.66
(-1,-1)	7	3	r1	r1	(-4.00,-5.00)	6.40	-128.66
(-1,-1)	8	4	r1	r1	(-4.00,-5.00)	6.40	-128.66
(-1,-1)	9	5	r1	r1	(-4.00,-5.00)	6.40	-128.66
(-1,-1)	10	3	r1	r1	(-5.00,-4.00)	6.40	-141.34
(-1,-1)	10	6	r1	r1	(-4.00,-5.00)	6.40	-128.66
(-1,-1)	11	4	r1	r1	(-5.00,-4.00)	6.40	-141.34
(-1,-1)	11	7	r1	r1	(-4.00,-5.00)	6.40	-128.66
(-1,-1)	12	5	r1	r1	(-5.00,-4.00)	6.40	-141.34
(-1,-1)	12	8	r1	r1	(-4.00,-5.00)	6.40	-128.66
(-1,-1)	13	9	r1	r1	(-4.00,-5.00)	6.40	-128.66
(-1,-1)	14	7	r1	r1	(-5.00,-4.00)	6.40	-141.34
(-1,-1)	14	10	r1	r1	(-4.00,-5.00)	6.40	-128.66
(-1,-1)	15	8	r1	r1	(-5.00,-4.00)	6.40	-141.34
(-1,-1)	15	11	r1	r1	(-4.00,-5.00)	6.40	-128.66
(-1,-1)	16	9	r1	r1	(-5.00,-4.00)	6.40	-141.34
(-1,-1)	16	12	r1	r1	(-4.00,-5.00)	6.40	-128.66
(-1,-1)	17	13	r1	r1	(-4.00,-5.00)	6.40	-128.66
(-1,-1)	21	23	r2	r2	(-1.18,-6.29)	6.40	-100.59
(-1,-1)	22	24	r2	r2	(-1.18,-6.29)	6.40	-100.59
(-1,-1)	24	23	r2	r2	(-2.53,-5.88)	6.40	-113.27
(-1,-1)	25	27	r2	r2	(-1.18,-6.29)	6.40	-100.59
(-1,-1)	26	25	r2	r2	(-2.53,-5.88)	6.40	-113.27
(-1,-1)	26	28	r2	r2	(-1.18,-6.29)	6.40	-100.59
(-1,-1)	28	27	r2	r2	(-2.53,-5.88)	6.40	-113.27
(-1,-1)	29	31	r2	r2	(-1.18,-6.29)	6.40	-100.59
(-1,-1)	30	29	r2	r2	(-2.53,-5.88)	6.40	-113.27
(-1,-1)	30	32	r2	r2	(-1.18,-6.29)	6.40	-100.59
(1,-1)	1	24	r1	r2	(6.29,-1.18)	6.40	-10.59
(1,-1)	2	1	r1	r1	(5.00,-4.00)	6.40	-38.66
(1,-1)	2	18	r1	r2	(5.00,-4.00)	6.40	-38.66
(1,-1)	3	2	r1	r1	(5.00,-4.00)	6.40	-38.66
(1,-1)	4	3	r1	r1	(5.00,-4.00)	6.40	-38.66
(1,-1)	5	4	r1	r1	(5.00,-4.00)	6.40	-38.66
(1,-1)	7	1	r1	r1	(4.00,-5.00)	6.40	-51.34
(1,-1)	7	6	r1	r1	(5.00,-4.00)	6.40	-38.66
(1,-1)	7	18	r1	r2	(4.00,-5.00)	6.40	-51.34
(1,-1)	8	2	r1	r1	(4.00,-5.00)	6.40	-51.34
(1,-1)	8	7	r1	r1	(5.00,-4.00)	6.40	-38.66
(1,-1)	9	3	r1	r1	(4.00,-5.00)	6.40	-51.34
(1,-1)	9	8	r1	r1	(5.00,-4.00)	6.40	-38.66
(1,-1)	11	10	r1	r1	(5.00,-4.00)	6.40	-38.66
(1,-1)	12	6	r1	r1	(4.00,-5.00)	6.40	-51.34
(1,-1)	12	11	r1	r1	(5.00,-4.00)	6.40	-38.66
(1,-1)	13	7	r1	r1	(4.00,-5.00)	6.40	-51.34
(1,-1)	13	12	r1	r1	(5.00,-4.00)	6.40	-38.66
(1,-1)	15	14	r1	r1	(5.00,-4.00)	6.40	-38.66
(1,-1)	16	10	r1	r1	(4.00,-5.00)	6.40	-51.34
(1,-1)	16	15	r1	r1	(5.00,-4.00)	6.40	-38.66
(1,-1)	17	11	r1	r1	(4.00,-5.00)	6.40	-51.34
(1,-1)	17	16	r1	r1	(5.00,-4.00)	6.40	-38.66
(1,-1)	18	24	r2	r2	(6.29,-1.18)	6.40	-10.59
(1,-1)	20	24	r2	r2	(5.88,-2.53)	6.40	-23.27
(1,-1)	20	29	r2	r2	(6.29,-1.18)	6.40	-10.59
(1,-1)	21	25	r2	r2	(5.88,-2.53)	6.40	-23.27
(1,-1)	21	30	r2	r2	(6.29,-1.18)	6.40	-10.59
(1,-1)	22	26	r2	r2	(5.88,-2.53)	6.40	-23.27
(1,-1)	23	27	r2	r2	(5.88,-2.53)	6.40	-23.27
(1,-1)	23	32	r2	r2	(6.29,-1.18)	6.40	-10.59
(1,-1)	24	28	r2	r2	(5.88,-2.53)	6.40	-23.27
(1,-1)	24	33	r2	r2	(6.29,-1.18)	6.40	-10.59
(1,-1)	25	29	r2	r2	(5.88,-2.53)	6.40	-23.27
(1,-1)	25	34	r2	r2	(6.29,-1.18)	6.40	-10.59
(1,-1)	29	33	r2	r2	(5.88,-2.53)	6.40	-23.27
(1,-1)	30	34	r2	r2	(5.88,-2.53)	6.40	-23.27
(0,1)	1	28	r1	r2	(1.18,6.29)	6.40	79.41
(0,1)	18	28	r2	r2	(1.18,6.29)	6.40	79.41
(0,-1)	31	1	r2	r1	(-2.53,-5.88)	6.40	-113.27
(0,-1)	31	18	r2	r2	(-2.53,-5.88)	6.40	-113.27
(1,1)	20	21	r2	r2	(2.53,5.88)	6.40	66.73
(1,1)	24	25	r2	r2	(2.53,5.88)	6.40	66.73
(1,1)	27	25	r2	r2	(1.18,6.29)	6.40	79.41
(1,1)	27	28	r2	r2	(2.53,5.88)	6.40	66.73
(1,1)	29	30	r2	r2	(2.53,5.88)	6.40	66.73
(1,1)	31	32	r2	r2	(2.53,5.88)	6.40	66.73
(1,1)	33	34	r2	r2	(2.53,5.88)	6.40	66.73
(-1,1)	19	1	r2	r1	(-5.88,2.53)	6.40	156.73
(-1,1)	19	18	r2	r2	(-5.88,2.53)	6.40	156.73
(-1,1)	26	22	r2	r2	(-5.88,2.53)	6.40	156.73
(-1,1)	27	23	r2	r2	(-5.88,2.53)	6.40	156.73
(-1,1)	31	27	r2	r2	(-5.88,2.53)	6.40	156.73
(-1,1)	34	30	r2	r2	(-5.88,2.53)	6.40	156.73
(-1,-1)	20	19	r2	r2	(-2.53,-5.88)	6.40	-113.27
(-1,-1)	21	20	r2	r2	(-2.53,-5.88)	6.40	-113.27
(-1,-1)	22	21	r2	r2	(-2.53,-5.88)	6.40	-113.27
(-1,-1)	25	24	r2	r2	(-2.53,-5.88)	6.40	-113.27
(-1,-1)	29	28	r2	r2	(-2.53,-5.88)	6.40	-113.27
(-1,-1)	32	31	r2	r2	(-2.53,-5.88)	6.40	-113.27
(-1,-1)	33	32	r2	r2	(-2.53,-5.88)	6.40	-113.27
(-1,-1)	34	33	r2	r2	(-2.53,-5.88)	6.40	-113.27
(1,-1)	1	19	r1	r2	(5.88,-2.53)	6.40	-23.27
(1,-1)	18	19	r2	r2	(5.88,-2.53)	6.40	-23.27
(1,-1)	19	23	r2	r2	(5.88,-2.53)	6.40	-23.27
(1,-1)	26	30	r2	r2	(5.88,-2.53)	6.40	-23.27
(1,-1)	27	31	r2	r2	(5.88,-2.53)	6.40	-23.27
(1,-1)	28	32	r2	r2	(5.88,-2.53)	6.40	-23.27
(1,1)	15	29	r1	r2	(1.71,6.18)	6.41	74.56
(-1,1)	13	25	r1	r2	(-6.18,1.71)	6.41	164.56
(-1,1)	28	6	r2	r1	(-6.18,1.71)	6.41	164.56
(-1,-1)	4	24	r1	r2	(-1.71,-6.18)	6.41	-105.44
(-1,-1)	29	15	r2	r1	(-1.71,-6.18)	6.41	-105.44
(1,-1)	6	28	r1	r2	(6.18,-1.71)	6.41	-15.44
(1,1)	7	27	r1	r2	(4.65,4.41)	6.41	43.51
(1,1)	24	4	r2	r1	(1.71,6.18)	6.41	74.56
(1,1)	26	12	r2	r1	(4.65,4.41)	6.41	43.51
(-1,1)	11	33	r1	r2	(-4.41,4.65)	6.41	133.51
(-1,1)	20	8	r2	r1	(-4.41,4.65)	6.41	133.51
(-1,-1)	12	26	r1	r2	(-4.65,-4.41)	6.41	-136.49
(-1,-1)	27	7	r2	r1	(-4.65,-4.41)	6.41	-136.49
(1,-1)	8	20	r1	r2	(4.41,-4.65)	6.41	-46.49
(1,-1)	25	13	r2	r1	(6.18,-1.71)	6.41	-15.44
(1,-1)	33	11	r2	r1	(4.41,-4.65)	6.41	-46.49
(-1,1)	8	21	r1	r2	(-6.06,2.24)	6.46	159.75
(1,1)	3	24	r1	r2	(4.29,4.82)	6.46	48.32
(1,1)	12	30	r1	r2	(2.24,6.06)	6.46	69.75
(1,1)	23	7	r2	r1	(2.24,6.06)	6.46	69.75
(-1,1)	10	28	r1	r2	(-4.82,4.29)	6.46	138.32
(-1,1)	25	9	r2	r1	(-4.82,4.29)	6.46	138.32
(-1,1)	32	11	r2	r1	(-6.06,2.24)	6.46	159.75
(-1,-1)	7	23	r1	r2	(-2.24,-6.06)	6.46	-110.25
(-1,-1)	16	29	r1	r2	(-4.29,-4.82)	6.46	-131.68
(-1,-1)	24	3	r2	r1	(-4.29,-4.82)	6.46	-131.68
(-1,-1)	30	12	r2	r1	(-2.24,-6.06)	6.46	-110.25
(1,-1)	9	25	r1	r2	(4.82,-4.29)	6.46	-41.68
(1,-1)	11	32	r1	r2	(6.06,-2.24)	6.46	-20.25
(1,-1)	21	8	r2	r1	(6.06,-2.24)	6.46	-20.25
(1,1)	29	16	r2	r1	(4.29,4.82)	6.46	48.32
(1,-1)	28	10	r2	r1	(4.82,-4.29)	6.46	-41.68
(1,1)	4	26	r1	r2	(3.35,5.59)	6.52	59.04
(1,1)	27	15	r2	r1	(3.35,5.59)	6.52	59.04
(-1,1)	6	20	r1	r2	(-5.59,3.35)	6.52	149.04
(-1,1)	33	13	r2	r1	(-5.59,3.35)	6.52	149.04
(-1,-1)	15	27	r1	r2	(-3.35,-5.59)	6.52	-120.96
(-1,-1)	26	4	r2	r1	(-3.35,-5.59)	6.52	-120.96
(1,-1)	13	33	r1	r2	(5.59,-3.35)	6.52	-30.96
(1,-1)	20	6	r2	r1	(5.59,-3.35)	6.52	-30.96
(1,1)	15	32	r1	r2	(3.06,5.76)	6.53	62.05
(1,1)	21	4	r2	r1	(3.06,5.76)	6.53	62.05
(-1,1)	13	30	r1	r2	(-5.76,3.06)	6.53	152.05
(-1,1)	23	6	r2	r1	(-5.76,3.06)	6.53	152.05
(-1,-1)	4	21	r1	r2	(-3.06,-5.76)	6.53	-117.95
(-1,-1)	32	15	r2	r1	(-3.06,-5.76)	6.53	-117.95
(1,-1)	30	13	r2	r1	(5.76,-3.06)	6.53	-27.95
(1,1)	10	27	r1	r2	(3.65,5.41)	6.53	56.02
(1,1)	26	9	r2	r1	(3.65,5.41)	6.53	56.02
(-1,1)	16	33	r1	r2	(-5.41,3.65)	6.53	146.02
(-1,1)	20	3	r2	r1	(-5.41,3.65)	6.53	146.02
(-1,-1)	9	26	r1	r2	(-3.65,-5.41)	6.53	-123.98
(-1,-1)	27	10	r2	r1	(-3.65,-5.41)	6.53	-123.98
(1,-1)	3	20	r1	r2	(5.41,-3.65)	6.53	-33.98
(1,-1)	6	23	r1	r2	(5.76,-3.06)	6.53	-27.95
(1,-1)	33	16	r2	r1	(5.41,-3.65)	6.53	-33.98
(1,1)	9	33	r1	r2	(4.59,4.65)	6.53	45.36
(1,1)	20	10	r2	r1	(4.59,4.65)	6.53	45.36
(-1,1)	3	26	r1	r2	(-4.65,4.59)	6.53	135.36
(-1,1)	27	16	r2	r1	(-4.65,4.59)	6.53	135.36
(-1,-1)	10	20	r1	r2	(-4.59,-4.65)	6.53	-134.64
(-1,-1)	33	9	r2	r1	(-4.59,-4.65)	6.53	-134.64
(1,-1)	26	3	r2	r1	(4.65,-4.59)	6.53	-44.64
(1,0)	2	29	r1	r2	(5.71,3.18)	6.53	29.10
(1,0)	8	31	r1	r2	(6.53,-0.12)	6.53	-1.03
(1,0)	22	11	r2	r1	(6.53,-0.12)	6.53	-1.03
(1,0)	24	17	r2	r1	(5.71,3.18)	6.53	29.10
(-1,0)	11	22	r1	r2	(-6.53,0.12)	6.53	178.97
(-1,0)	17	24	r1	r2	(-5.71,-3.18)	6.53	-150.90
(-1,0)	29	2	r2	r1	(-5.71,-3.18)	6.53	-150.90
(-1,0)	31	8	r2	r1	(-6.53,0.12)	6.53	178.97
(0,1)	7	34	r1	r2	(0.12,6.53)	6.53	88.97
(0,1)	14	25	r1	r2	(-3.18,5.71)	6.53	119.10
(0,1)	19	12	r2	r1	(0.12,6.53)	6.53	88.97
(0,1)	28	5	r2	r1	(-3.18,5.71)	6.53	119.10
(0,-1)	5	28	r1	r2	(3.18,-5.71)	6.53	-60.90
(0,-1)	12	19	r1	r2	(-0.12,-6.53)	6.53	-91.03
(0,-1)	25	14	r2	r1	(3.18,-5.71)	6.53	-60.90
(0,-1)	34	7	r2	r1	(-0.12,-6.53)	6.53	-91.03
(1,1)	6	21	r1	r2	(1.94,6.24)	6.53	72.71
(1,1)	32	13	r2	r1	(1.94,6.24)	6.53	72.71
(-1,1)	15	23	r1	r2	(-6.24,1.94)	6.53	162.71
(-1,1)	30	4	r2	r1	(-6.24,1.94)	6.53	162.71
(-1,-1)	13	32	r1	r2	(-1.94,-6.24)	6.53	-107.29
(-1,-1)	21	6	r2	r1	(-1.94,-6.24)	6.53	-107.29
(1,-1)	4	30	r1	r2	(6.24,-1.94)	6.53	-17.29
(1,-1)	16	27	r1	r2	(4.65,-4.59)	6.53	-44.64
(1,-1)	23	15	r2	r1	(6.24,-1.94)	6.53	-17.29
(1,0)	2	28	r1	r2	(6.18,2.29)	6.59	20.38
(1,0)	7	31	r1	r2	(6.53,0.88)	6.59	7.70
(1,0)	22	12	r2	r1	(6.53,0.88)	6.59	7.70
(-1,0)	12	22	r1	r2	(-6.53,-0.88)	6.59	-172.30
(-1,0)	17	25	r1	r2	(-6.18,-2.29)	6.59	-159.62
(-1,0)	28	2	r2	r1	(-6.18,-2.29)	6.59	-159.62
(-1,0)	31	7	r2	r1	(-6.53,-0.88)	6.59	-172.30
(0,1)	11	34	r1	r2	(-0.88,6.53)	6.59	97.70
(0,1)	14	29	r1	r2	(-2.29,6.18)	6.59	110.38
(0,1)	19	8	r2	r1	(-0.88,6.53)	6.59	97.70
(0,-1)	5	24	r1	r2	(2.29,-6.18)	6.59	-69.62
(0,-1)	8	19	r1	r2	(0.88,-6.53)	6.59	-82.30
(0,-1)	29	14	r2	r1	(2.29,-6.18)	6.59	-69.62
(0,-1)	34	11	r2	r1	(0.88,-6.53)	6.59	-82.30
(1,0)	25	17	r2	r1	(6.18,2.29)	6.59	20.38
(0,1)	24	5	r2	r1	(-2.29,6.18)	6.59	110.38
(-1,1)	2	21	r1	r2	(-5.06,4.24)	6.60	140.06
(1,1)	3	22	r1	r2	(2.47,6.12)	6.60	68.01
(1,1)	4	27	r1	r2	(5.65,3.41)	6.60	31.14
(1,1)	5	30	r1	r2	(4.24,5.06)	6.60	50.06
(1,1)	15	26	r1	r2	(0.35,6.59)	6.60	86.93
(1,1)	23	14	r2	r1	(4.24,5.06)	6.60	50.06
(1,1)	26	15	r2	r1	(5.65,3.41)	6.60	31.14
(1,1)	27	4	r2	r1	(0.35,6.59)	6.60	86.93
(1,1)	31	16	r2	r1	(2.47,6.12)	6.60	68.01
(-1,1)	6	33	r1	r2	(-3.41,5.65)	6.60	121.14
(-1,1)	10	19	r1	r2	(-6.12,2.47)	6.60	158.01
(-1,1)	13	20	r1	r2	(-6.59,0.35)	6.60	176.93
(-1,1)	20	13	r2	r1	(-3.41,5.65)	6.60	121.14
(-1,1)	32	17	r2	r1	(-5.06,4.24)	6.60	140.06
(-1,1)	33	6	r2	r1	(-6.59,0.35)	6.60	176.93
(-1,1)	34	9	r2	r1	(-6.12,2.47)	6.60	158.01
(-1,-1)	4	27	r1	r2	(-0.35,-6.59)	6.60	-93.07
(-1,-1)	14	23	r1	r2	(-4.24,-5.06)	6.60	-129.94
(-1,-1)	15	26	r1	r2	(-5.65,-3.41)	6.60	-148.86
(-1,-1)	16	31	r1	r2	(-2.47,-6.12)	6.60	-111.99
(-1,-1)	22	3	r2	r1	(-2.47,-6.12)	6.60	-111.99
(-1,-1)	26	15	r2	r1	(-0.35,-6.59)	6.60	-93.07
(-1,-1)	27	4	r2	r1	(-5.65,-3.41)	6.60	-148.86
(-1,-1)	30	5	r2	r1	(-4.24,-5.06)	6.60	-129.94
(1,-1)	6	33	r1	r2	(6.59,-0.35)	6.60	-3.07
(1,-1)	9	34	r1	r2	(6.12,-2.47)	6.60	-21.99
(1,-1)	13	20	r1	r2	(3.41,-5.65)	6.60	-58.86
(1,-1)	17	32	r1	r2	(5.06,-4.24)	6.60	-39.94
(1,-1)	19	10	r2	r1	(6.12,-2.47)	6.60	-21.99
(1,-1)	20	13	r2	r1	(6.59,-0.35)	6.60	-3.07
(1,-1)	21	2	r2	r1	(5.06,-4.24)	6.60	-39.94
(1,-1)	33	6	r2	r1	(3.41,-5.65)	6.60	-58.86
(1,0)	4	34	r1	r2	(6.12,2.53)	6.62	22.46
(1,0)	5	33	r1	r2	(6.59,0.65)	6.62	5.61
(1,0)	19	15	r2	r1	(6.12,2.53)	6.62	22.46
(1,0)	20	14	r2	r1	(6.59,0.65)	6.62	5.61
(-1,0)	14	20	r1	r2	(-6.59,-0.65)	6.62	-174.39
(-1,0)	15	19	r1	r2	(-6.12,-2.53)	6.62	-157.54
(-1,0)	33	5	r2	r1	(-6.59,-0.65)	6.62	-174.39
(-1,0)	34	4	r2	r1	(-6.12,-2.53)	6.62	-157.54
(0,1)	2	26	r1	r2	(-0.65,6.59)	6.62	95.61
(0,1)	6	22	r1	r2	(-2.53,6.12)	6.62	112.46
(0,1)	27	17	r2	r1	(-0.65,6.59)	6.62	95.61
(0,1)	31	13	r2	r1	(-2.53,6.12)	6.62	112.46
(0,-1)	13	31	r1	r2	(2.53,-6.12)	6.62	-67.54
(0,-1)	17	27	r1	r2	(0.65,-6.59)	6.62	-84.39
(0,-1)	22	6	r2	r1	(2.53,-6.12)	6.62	-67.54
(0,-1)	26	2	r2	r1	(0.65,-6.59)	6.62	-84.39
(1,0)	2	30	r1	r2	(5.24,4.06)	6.62	37.79
(1,0)	23	17	r2	r1	(5.24,4.06)	6.62	37.79
(-1,0)	17	23	r1	r2	(-5.24,-4.06)	6.62	-142.21
(-1,0)	30	2	r2	r1	(-5.24,-4.06)	6.62	-142.21
(0,1)	14	21	r1	r2	(-4.06,5.24)	6.62	127.79
(0,1)	32	5	r2	r1	(-4.06,5.24)	6.62	127.79
(0,-1)	5	32	r1	r2	(4.06,-5.24)	6.62	-52.21
(0,-1)	21	14	r2	r1	(4.06,-5.24)	6.62	-52.21
(1,0)	9	31	r1	r2	(6.53,-1.12)	6.62	-9.71
(1,0)	22	10	r2	r1	(6.53,-1.12)	6.62	-9.71
(-1,0)	10	22	r1	r2	(-6.53,1.12)	6.62	170.29
(-1,0)	31	9	r2	r1	(-6.53,1.12)	6.62	170.29
(0,1)	3	34	r1	r2	(1.12,6.53)	6.62	80.29
(0,1)	19	16	r2	r1	(1.12,6.53)	6.62	80.29
(0,-1)	16	19	r1	r2	(-1.12,-6.53)	6.62	-99.71
(0,-1)	34	3	r2	r1	(-1.12,-6.53)	6.62	-99.71
(1,0)	3	27	r1	r2	(6.65,0.41)	6.66	3.54
(1,0)	6	32	r1	r2	(6.06,2.76)	6.66	24.53
(1,0)	21	13	r2	r1	(6.06,2.76)	6.66	24.53
(1,0)	26	16	r2	r1	(6.65,0.41)	6.66	3.54
(-1,0)	13	21	r1	r2	(-6.06,-2.76)	6.66	-155.47
(-1,0)	16	26	r1	r2	(-6.65,-0.41)	6.66	-176.46
(-1,0)	27	3	r2	r1	(-6.65,-0.41)	6.66	-176.46
(-1,0)	32	6	r2	r1	(-6.06,-2.76)	6.66	-155.47
(0,1)	10	33	r1	r2	(-0.41,6.65)	6.66	93.54
(0,1)	15	30	r1	r2	(-2.76,6.06)	6.66	114.53
(0,1)	20	9	r2	r1	(-0.41,6.65)	6.66	93.54
(0,1)	23	4	r2	r1	(-2.76,6.06)	6.66	114.53
(0,-1)	4	23	r1	r2	(2.76,-6.06)	6.66	-65.47
(0,-1)	9	20	r1	r2	(0.41,-6.65)	6.66	-86.46
(0,-1)	30	15	r2	r1	(2.76,-6.06)	6.66	-65.47
(0,-1)	33	10	r2	r1	(0.41,-6.65)	6.66	-86.46
(1,1)	11	31	r1	r2	(4.53,4.88)	6.66	47.15
(1,1)	14	28	r1	r2	(2.18,6.29)	6.66	70.92
(1,1)	25	5	r2	r1	(2.18,6.29)	6.66	70.92
(-1,1)	17	29	r1	r2	(-6.29,2.18)	6.66	160.92
(-1,1)	24	2	r2	r1	(-6.29,2.18)	6.66	160.92
(-1,-1)	5	25	r1	r2	(-2.18,-6.29)	6.66	-109.08
(-1,-1)	28	14	r2	r1	(-2.18,-6.29)	6.66	-109.08
(1,-1)	2	24	r1	r2	(6.29,-2.18)	6.66	-19.08
(1,-1)	29	17	r2	r1	(6.29,-2.18)	6.66	-19.08
(1,1)	22	8	r2	r1	(4.53,4.88)	6.66	47.15
(-1,1)	12	34	r1	r2	(-4.88,4.53)	6.66	137.15
(-1,1)	19	7	r2	r1	(-4.88,4.53)	6.66	137.15
(-1,-1)	8	22	r1	r2	(-4.53,-4.88)	6.66	-132.85
(-1,-1)	31	11	r2	r1	(-4.53,-4.88)	6.66	-132.85
(1,-1)	7	19	r1	r2	(4.88,-4.53)	6.66	-42.85
(1,-1)	34	12	r2	r1	(4.88,-4.53)	6.66	-42.85
(1,0)	4	27	r1	r2	(6.65,-0.59)	6.67	-5.06
(1,0)	6	33	r1	r2	(5.59,3.65)	6.67	33.13
(1,0)	20	13	r2	r1	(5.59,3.65)	6.67	33.13
(1,0)	26	15	r2	r1	(6.65,-0.59)	6.67	-5.06
(-1,0)	13	20	r1	r2	(-5.59,-3.65)	6.67	-146.87
(-1,0)	15	26	r1	r2	(-6.65,0.59)	6.67	174.94
(-1,0)	27	4	r2	r1	(-6.65,0.59)	6.67	174.94
(-1,0)	33	6	r2	r1	(-5.59,-3.65)	6.67	-146.87
(0,1)	6	33	r1	r2	(0.59,6.65)	6.67	84.94
(0,1)	15	26	r1	r2	(-3.65,5.59)	6.67	123.13
(0,1)	20	13	r2	r1	(0.59,6.65)	6.67	84.94
(0,1)	27	4	r2	r1	(-3.65,5.59)	6.67	123.13
(0,-1)	4	27	r1	r2	(3.65,-5.59)	6.67	-56.87
(0,-1)	13	20	r1	r2	(-0.59,-6.65)	6.67	-95.06
(0,-1)	26	15	r2	r1	(3.65,-5.59)	6.67	-56.87
(0,-1)	33	6	r2	r1	(-0.59,-6.65)	6.67	-95.06
(1,1)	12	33	r1	r2	(3.59,5.65)	6.69	57.57
(1,1)	20	7	r2	r1	(3.59,5.65)	6.69	57.57
(-1,1)	8	26	r1	r2	(-5.65,3.59)	6.69	147.57
(-1,1)	27	11	r2	r1	(-5.65,3.59)	6.69	147.57
(-1,-1)	7	20	r1	r2	(-3.59,-5.65)	6.69	-122.43
(-1,-1)	33	12	r2	r1	(-3.59,-5.65)	6.69	-122.43
(1,-1)	26	8	r2	r1	(5.65,-3.59)	6.69	-32.43
(1,1)	6	24	r1	r2	(3.29,5.82)	6.69	60.51
(1,1)	29	13	r2	r1	(3.29,5.82)	6.69	60.51
(-1,1)	15	28	r1	r2	(-5.82,3.29)	6.69	150.51
(-1,1)	25	4	r2	r1	(-5.82,3.29)	6.69	150.51
(-1,-1)	13	29	r1	r2	(-3.29,-5.82)	6.69	-119.49
(-1,-1)	24	6	r2	r1	(-3.29,-5.82)	6.69	-119.49
(1,-1)	4	25	r1	r2	(5.82,-3.29)	6.69	-29.49
(1,-1)	11	27	r1	r2	(5.65,-3.59)	6.69	-32.43
(1,-1)	28	15	r2	r1	(5.82,-3.29)	6.69	-29.49
(1,0)	21	27	r2	r2	(6.71,0.18)	6.71	1.51
(1,0)	22	28	r2	r2	(6.71,0.18)	6.71	1.51
(1,0)	26	32	r2	r2	(6.71,0.18)	6.71	1.51
(-1,0)	27	21	r2	r2	(-6.71,-0.18)	6.71	-178.49
(-1,0)	28	22	r2	r2	(-6.71,-0.18)	6.71	-178.49
(-1,0)	31	25	r2	r2	(-6.71,-0.18)	6.71	-178.49
(-1,0)	32	26	r2	r2	(-6.71,-0.18)	6.71	-178.49
(0,1)	19	29	r2	r2	(-0.18,6.71)	6.71	91.51
(0,1)	20	30	r2	r2	(-0.18,6.71)	6.71	91.51
(0,1)	23	33	r2	r2	(-0.18,6.71)	6.71	91.51
(0,-1)	29	19	r2	r2	(0.18,-6.71)	6.71	-88.49
(0,-1)	30	20	r2	r2	(0.18,-6.71)	6.71	-88.49
(0,-1)	33	23	r2	r2	(0.18,-6.71)	6.71	-88.49
(0,-1)	34	24	r2	r2	(0.18,-6.71)	6.71	-88.49
(1,1)	25	29	r2	r2	(3.88,5.47)	6.71	54.64
(1,1)	27	22	r2	r2	(-0.18,6.71)	6.71	91.51
(1,1)	31	26	r2	r2	(-0.18,6.71)	6.71	91.51
(-1,1)	24	25	r2	r2	(-5.47,3.88)	6.71	144.64
(-1,1)	25	26	r2	r2	(-5.47,3.88)	6.71	144.64
(-1,1)	33	19	r2	r2	(-6.71,-0.18)	6.71	-178.49
(-1,1)	34	20	r2	r2	(-6.71,-0.18)	6.71	-178.49
(-1,-1)	22	27	r2	r2	(0.18,-6.71)	6.71	-88.49
(-1,-1)	26	31	r2	r2	(0.18,-6.71)	6.71	-88.49
(1,-1)	1	29	r1	r2	(6.71,0.18)	6.71	1.51
(1,-1)	18	29	r2	r2	(6.71,0.18)	6.71	1.51
(1,-1)	19	33	r2	r2	(6.71,0.18)	6.71	1.51
(1,-1)	20	34	r2	r2	(6.71,0.18)	6.71	1.51
(1,-1)	29	28	r2	r2	(5.47,-3.88)	6.71	-35.36
(1,-1)	30	29	r2	r2	(5.47,-3.88)	6.71	-35.36
(-1,1)	20	21	r2	r2	(-5.47,3.88)	6.71	144.64
(1,0)	1	11	r1	r1	(6.00,3.00)	6.71	26.57
(1,0)	2	12	r1	r1	(6.00,3.00)	6.71	26.57
(1,0)	3	13	r1	r1	(6.00,3.00)	6.71	26.57
(1,0)	6	16	r1	r1	(6.00,3.00)	6.71	26.57
(1,0)	7	17	r1	r1	(6.00,3.00)	6.71	26.57
(1,0)	18	11	r2	r1	(6.00,3.00)	6.71	26.57
(1,0)	25	31	r2	r2	(6.71,0.18)	6.71	1.51
(-1,0)	11	1	r1	r1	(-6.00,-3.00)	6.71	-153.43
(-1,0)	11	18	r1	r2	(-6.00,-3.00)	6.71	-153.43
(-1,0)	12	2	r1	r1	(-6.00,-3.00)	6.71	-153.43
(-1,0)	13	3	r1	r1	(-6.00,-3.00)	6.71	-153.43
(-1,0)	16	6	r1	r1	(-6.00,-3.00)	6.71	-153.43
(-1,0)	17	7	r1	r1	(-6.00,-3.00)	6.71	-153.43
(0,1)	1	25	r1	r2	(-0.18,6.71)	6.71	91.51
(0,1)	10	4	r1	r1	(-3.00,6.00)	6.71	116.57
(0,1)	11	5	r1	r1	(-3.00,6.00)	6.71	116.57
(0,1)	14	8	r1	r1	(-3.00,6.00)	6.71	116.57
(0,1)	15	9	r1	r1	(-3.00,6.00)	6.71	116.57
(0,1)	18	25	r2	r2	(-0.18,6.71)	6.71	91.51
(0,1)	24	34	r2	r2	(-0.18,6.71)	6.71	91.51
(0,-1)	4	10	r1	r1	(3.00,-6.00)	6.71	-63.43
(0,-1)	5	11	r1	r1	(3.00,-6.00)	6.71	-63.43
(0,-1)	8	14	r1	r1	(3.00,-6.00)	6.71	-63.43
(0,-1)	9	15	r1	r1	(3.00,-6.00)	6.71	-63.43
(0,-1)	25	1	r2	r1	(0.18,-6.71)	6.71	-88.49
(0,-1)	25	18	r2	r2	(0.18,-6.71)	6.71	-88.49
(1,1)	1	2	r1	r1	(3.00,6.00)	6.71	63.43
(1,1)	1	19	r1	r2	(3.88,5.47)	6.71	54.64
(1,1)	2	3	r1	r1	(3.00,6.00)	6.71	63.43
(1,1)	3	4	r1	r1	(3.00,6.00)	6.71	63.43
(1,1)	4	5	r1	r1	(3.00,6.00)	6.71	63.43
(1,1)	4	14	r1	r1	(6.00,3.00)	6.71	26.57
(1,1)	5	15	r1	r1	(6.00,3.00)	6.71	26.57
(1,1)	6	7	r1	r1	(3.00,6.00)	6.71	63.43
(1,1)	7	8	r1	r1	(3.00,6.00)	6.71	63.43
(1,1)	8	9	r1	r1	(3.00,6.00)	6.71	63.43
(1,1)	10	11	r1	r1	(3.00,6.00)	6.71	63.43
(1,1)	11	12	r1	r1	(3.00,6.00)	6.71	63.43
(1,1)	12	13	r1	r1	(3.00,6.00)	6.71	63.43
(1,1)	14	15	r1	r1	(3.00,6.00)	6.71	63.43
(1,1)	15	16	r1	r1	(3.00,6.00)	6.71	63.43
(1,1)	16	17	r1	r1	(3.00,6.00)	6.71	63.43
(1,1)	18	2	r2	r1	(3.00,6.00)	6.71	63.43
(1,1)	18	19	r2	r2	(3.88,5.47)	6.71	54.64
(1,1)	19	23	r2	r2	(3.88,5.47)	6.71	54.64
(1,1)	20	24	r2	r2	(3.88,5.47)	6.71	54.64
(1,1)	21	25	r2	r2	(3.88,5.47)	6.71	54.64
(1,1)	22	26	r2	r2	(3.88,5.47)	6.71	54.64
(1,1)	23	27	r2	r2	(3.88,5.47)	6.71	54.64
(1,1)	24	28	r2	r2	(3.88,5.47)	6.71	54.64
(1,1)	26	30	r2	r2	(3.88,5.47)	6.71	54.64
(1,1)	27	31	r2	r2	(3.88,5.47)	6.71	54.64
(1,1)	28	32	r2	r2	(3.88,5.47)	6.71	54.64
(1,1)	29	33	r2	r2	(3.88,5.47)	6.71	54.64
(1,1)	30	34	r2	r2	(3.88,5.47)	6.71	54.64
(-1,1)	1	12	r1	r1	(-3.00,6.00)	6.71	116.57
(-1,1)	2	13	r1	r1	(-3.00,6.00)	6.71	116.57
(-1,1)	6	2	r1	r1	(-6.00,3.00)	6.71	153.43
(-1,1)	6	17	r1	r1	(-3.00,6.00)	6.71	116.57
(-1,1)	7	3	r1	r1	(-6.00,3.00)	6.71	153.43
(-1,1)	8	4	r1	r1	(-6.00,3.00)	6.71	153.43
(-1,1)	9	5	r1	r1	(-6.00,3.00)	6.71	153.43
(-1,1)	10	6	r1	r1	(-6.00,3.00)	6.71	153.43
(-1,1)	11	7	r1	r1	(-6.00,3.00)	6.71	153.43
(-1,1)	12	8	r1	r1	(-6.00,3.00)	6.71	153.43
(-1,1)	13	9	r1	r1	(-6.00,3.00)	6.71	153.43
(-1,1)	14	10	r1	r1	(-6.00,3.00)	6.71	153.43
(-1,1)	15	11	r1	r1	(-6.00,3.00)	6.71	153.43
(-1,1)	16	12	r1	r1	(-6.00,3.00)	6.71	153.43
(-1,1)	17	13	r1	r1	(-6.00,3.00)	6.71	153.43
(-1,1)	18	12	r2	r1	(-3.00,6.00)	6.71	116.57
(-1,1)	19	20	r2	r2	(-5.47,3.88)	6.71	144.64
(-1,1)	21	22	r2	r2	(-5.47,3.88)	6.71	144.64
(-1,1)	23	24	r2	r2	(-5.47,3.88)	6.71	144.64
(-1,1)	27	28	r2	r2	(-5.47,3.88)	6.71	144.64
(-1,1)	28	29	r2	r2	(-5.47,3.88)	6.71	144.64
(-1,1)	29	1	r2	r1	(-6.71,-0.18)	6.71	-178.49
(-1,1)	29	18	r2	r2	(-6.71,-0.18)	6.71	-178.49
(-1,1)	29	30	r2	r2	(-5.47,3.88)	6.71	144.64
(-1,1)	31	32	r2	r2	(-5.47,3.88)	6.71	144.64
(-1,1)	32	33	r2	r2	(-5.47,3.88)	6.71	144.64
(-1,1)	33	34	r2	r2	(-5.47,3.88)	6.71	144.64
(-1,-1)	2	1	r1	r1	(-3.00,-6.00)	6.71	-116.57
(-1,-1)	2	18	r1	r2	(-3.00,-6.00)	6.71	-116.57
(-1,-1)	3	2	r1	r1	(-3.00,-6.00)	6.71	-116.57
(-1,-1)	4	3	r1	r1	(-3.00,-6.00)	6.71	-116.57
(-1,-1)	5	4	r1	r1	(-3.00,-6.00)	6.71	-116.57
(-1,-1)	7	6	r1	r1	(-3.00,-6.00)	6.71	-116.57
(-1,-1)	8	7	r1	r1	(-3.00,-6.00)	6.71	-116.57
(-1,-1)	9	8	r1	r1	(-3.00,-6.00)	6.71	-116.57
(-1,-1)	11	10	r1	r1	(-3.00,-6.00)	6.71	-116.57
(-1,-1)	12	11	r1	r1	(-3.00,-6.00)	6.71	-116.57
(-1,-1)	13	12	r1	r1	(-3.00,-6.00)	6.71	-116.57
(-1,-1)	14	4	r1	r1	(-6.00,-3.00)	6.71	-153.43
(-1,-1)	15	5	r1	r1	(-6.00,-3.00)	6.71	-153.43
(-1,-1)	15	14	r1	r1	(-3.00,-6.00)	6.71	-116.57
(-1,-1)	16	15	r1	r1	(-3.00,-6.00)	6.71	-116.57
(-1,-1)	17	16	r1	r1	(-3.00,-6.00)	6.71	-116.57
(-1,-1)	19	1	r2	r1	(-3.88,-5.47)	6.71	-125.36
(-1,-1)	19	18	r2	r2	(-3.88,-5.47)	6.71	-125.36
(-1,-1)	23	19	r2	r2	(-3.88,-5.47)	6.71	-125.36
(-1,-1)	24	20	r2	r2	(-3.88,-5.47)	6.71	-125.36
(-1,-1)	25	21	r2	r2	(-3.88,-5.47)	6.71	-125.36
(-1,-1)	26	22	r2	r2	(-3.88,-5.47)	6.71	-125.36
(-1,-1)	27	23	r2	r2	(-3.88,-5.47)	6.71	-125.36
(-1,-1)	28	24	r2	r2	(-3.88,-5.47)	6.71	-125.36
(-1,-1)	29	25	r2	r2	(-3.88,-5.47)	6.71	-125.36
(-1,-1)	30	26	r2	r2	(-3.88,-5.47)	6.71	-125.36
(-1,-1)	31	27	r2	r2	(-3.88,-5.47)	6.71	-125.36
(-1,-1)	32	28	r2	r2	(-3.88,-5.47)	6.71	-125.36
(-1,-1)	33	29	r2	r2	(-3.88,-5.47)	6.71	-125.36
(-1,-1)	34	30	r2	r2	(-3.88,-5.47)	6.71	-125.36
(1,-1)	2	6	r1	r1	(6.00,-3.00)	6.71	-26.57
(1,-1)	3	7	r1	r1	(6.00,-3.00)	6.71	-26.57
(1,-1)	4	8	r1	r1	(6.00,-3.00)	6.71	-26.57
(1,-1)	5	9	r1	r1	(6.00,-3.00)	6.71	-26.57
(1,-1)	6	10	r1	r1	(6.00,-3.00)	6.71	-26.57
(1,-1)	7	11	r1	r1	(6.00,-3.00)	6.71	-26.57
(1,-1)	8	12	r1	r1	(6.00,-3.00)	6.71	-26.57
(1,-1)	9	13	r1	r1	(6.00,-3.00)	6.71	-26.57
(1,-1)	10	14	r1	r1	(6.00,-3.00)	6.71	-26.57
(1,-1)	11	15	r1	r1	(6.00,-3.00)	6.71	-26.57
(1,-1)	12	1	r1	r1	(3.00,-6.00)	6.71	-63.43
(1,-1)	12	16	r1	r1	(6.00,-3.00)	6.71	-26.57
(1,-1)	12	18	r1	r2	(3.00,-6.00)	6.71	-63.43
(1,-1)	13	2	r1	r1	(3.00,-6.00)	6.71	-63.43
(1,-1)	13	17	r1	r1	(6.00,-3.00)	6.71	-26.57
(1,-1)	17	6	r1	r1	(3.00,-6.00)	6.71	-63.43
(1,-1)	20	19	r2	r2	(5.47,-3.88)	6.71	-35.36
(1,-1)	21	20	r2	r2	(5.47,-3.88)	6.71	-35.36
(1,-1)	22	21	r2	r2	(5.47,-3.88)	6.71	-35.36
(1,-1)	24	23	r2	r2	(5.47,-3.88)	6.71	-35.36
(1,-1)	25	24	r2	r2	(5.47,-3.88)	6.71	-35.36
(1,-1)	26	25	r2	r2	(5.47,-3.88)	6.71	-35.36
(1,-1)	28	27	r2	r2	(5.47,-3.88)	6.71	-35.36
(1,-1)	32	31	r2	r2	(5.47,-3.88)	6.71	-35.36
(1,-1)	33	32	r2	r2	(5.47,-3.88)	6.71	-35.36
(1,-1)	34	33	r2	r2	(5.47,-3.88)	6.71	-35.36
(1,1)	4	28	r1	r2	(5.18,4.29)	6.73	39.68
(-1,1)	6	29	r1	r2	(-4.29,5.18)	6.73	129.68
(-1,-1)	15	25	r1	r2	(-5.18,-4.29)	6.73	-140.32
(-1,-1)	28	4	r2	r1	(-5.18,-4.29)	6.73	-140.32
(1,-1)	13	24	r1	r2	(4.29,-5.18)	6.73	-50.32
(1,-1)	29	6	r2	r1	(4.29,-5.18)	6.73	-50.32
(1,1)	11	26	r1	r2	(1.35,6.59)	6.73	78.40
(1,1)	25	15	r2	r1	(5.18,4.29)	6.73	39.68
(1,1)	27	8	r2	r1	(1.35,6.59)	6.73	78.40
(-1,1)	12	20	r1	r2	(-6.59,1.35)	6.73	168.40
(-1,1)	24	13	r2	r1	(-4.29,5.18)	6.73	129.68
(-1,1)	33	7	r2	r1	(-6.59,1.35)	6.73	168.40
(-1,-1)	8	27	r1	r2	(-1.35,-6.59)	6.73	-101.60
(-1,-1)	26	11	r2	r1	(-1.35,-6.59)	6.73	-101.60
(1,-1)	7	33	r1	r2	(6.59,-1.35)	6.73	-11.60
(1,-1)	20	12	r2	r1	(6.59,-1.35)	6.73	-11.60
(1,1)	11	29	r1	r2	(2.71,6.18)	6.74	66.34
(-1,1)	12	25	r1	r2	(-6.18,2.71)	6.74	156.34
(1,1)	7	28	r1	r2	(4.18,5.29)	6.74	51.73
(1,1)	25	12	r2	r1	(4.18,5.29)	6.74	51.73
(-1,1)	11	29	r1	r2	(-5.29,4.18)	6.74	141.73
(-1,1)	24	8	r2	r1	(-5.29,4.18)	6.74	141.73
(-1,1)	28	7	r2	r1	(-6.18,2.71)	6.74	156.34
(-1,-1)	8	24	r1	r2	(-2.71,-6.18)	6.74	-113.66
(-1,-1)	12	25	r1	r2	(-4.18,-5.29)	6.74	-128.27
(-1,-1)	28	7	r2	r1	(-4.18,-5.29)	6.74	-128.27
(-1,-1)	29	11	r2	r1	(-2.71,-6.18)	6.74	-113.66
(1,-1)	7	28	r1	r2	(6.18,-2.71)	6.74	-23.66
(1,-1)	8	24	r1	r2	(5.29,-4.18)	6.74	-38.27
(1,-1)	29	11	r2	r1	(5.29,-4.18)	6.74	-38.27
(1,1)	24	8	r2	r1	(2.71,6.18)	6.74	66.34
(1,-1)	25	12	r2	r1	(6.18,-2.71)	6.74	-23.66
(-1,1)	17	24	r1	r2	(-6.71,0.82)	6.76	173.00
(1,-1)	2	29	r1	r2	(6.71,-0.82)	6.76	-7.00
(1,1)	8	31	r1	r2	(5.53,3.88)	6.76	35.07
(1,1)	14	25	r1	r2	(0.82,6.71)	6.76	83.00
(1,1)	22	11	r2	r1	(5.53,3.88)	6.76	35.07
(1,1)	28	5	r2	r1	(0.82,6.71)	6.76	83.00
(-1,1)	7	34	r1	r2	(-3.88,5.53)	6.76	125.07
(-1,1)	19	12	r2	r1	(-3.88,5.53)	6.76	125.07
(-1,1)	29	2	r2	r1	(-6.71,0.82)	6.76	173.00
(-1,-1)	5	28	r1	r2	(-0.82,-6.71)	6.76	-97.00
(-1,-1)	11	22	r1	r2	(-5.53,-3.88)	6.76	-144.93
(-1,-1)	25	14	r2	r1	(-0.82,-6.71)	6.76	-97.00
(-1,-1)	31	8	r2	r1	(-5.53,-3.88)	6.76	-144.93
(1,-1)	12	19	r1	r2	(3.88,-5.53)	6.76	-54.93
(1,-1)	24	17	r2	r1	(6.71,-0.82)	6.76	-7.00
(1,-1)	34	7	r2	r1	(3.88,-5.53)	6.76	-54.93
(1,0)	4	33	r1	r2	(6.59,1.65)	6.79	14.04
(1,0)	20	15	r2	r1	(6.59,1.65)	6.79	14.04
(-1,0)	15	20	r1	r2	(-6.59,-1.65)	6.79	-165.96
(-1,0)	33	4	r2	r1	(-6.59,-1.65)	6.79	-165.96
(0,1)	6	26	r1	r2	(-1.65,6.59)	6.79	104.04
(0,1)	27	13	r2	r1	(-1.65,6.59)	6.79	104.04
(0,-1)	13	27	r1	r2	(1.65,-6.59)	6.79	-75.96
(0,-1)	26	6	r2	r1	(1.65,-6.59)	6.79	-75.96
(1,0)	2	27	r1	r2	(6.65,1.41)	6.80	11.99
(1,0)	6	31	r1	r2	(6.53,1.88)	6.80	16.08
(1,0)	22	13	r2	r1	(6.53,1.88)	6.80	16.08
(1,0)	26	17	r2	r1	(6.65,1.41)	6.80	11.99
(-1,0)	13	22	r1	r2	(-6.53,-1.88)	6.80	-163.92
(-1,0)	17	26	r1	r2	(-6.65,-1.41)	6.80	-168.01
(-1,0)	27	2	r2	r1	(-6.65,-1.41)	6.80	-168.01
(-1,0)	31	6	r2	r1	(-6.53,-1.88)	6.80	-163.92
(0,1)	14	33	r1	r2	(-1.41,6.65)	6.80	101.99
(0,1)	15	34	r1	r2	(-1.88,6.53)	6.80	106.08
(0,1)	19	4	r2	r1	(-1.88,6.53)	6.80	106.08
(0,1)	20	5	r2	r1	(-1.41,6.65)	6.80	101.99
(0,-1)	4	19	r1	r2	(1.88,-6.53)	6.80	-73.92
(0,-1)	5	20	r1	r2	(1.41,-6.65)	6.80	-78.01
(0,-1)	33	14	r2	r1	(1.41,-6.65)	6.80	-78.01
(0,-1)	34	15	r2	r1	(1.88,-6.53)	6.80	-73.92
(1,0)	5	27	r1	r2	(6.65,-1.59)	6.83	-13.44
(1,0)	6	34	r1	r2	(5.12,4.53)	6.83	41.51
(1,0)	19	13	r2	r1	(5.12,4.53)	6.83	41.51
(1,0)	26	14	r2	r1	(6.65,-1.59)	6.83	-13.44
(-1,0)	13	19	r1	r2	(-5.12,-4.53)	6.83	-138.49
(-1,0)	14	26	r1	r2	(-6.65,1.59)	6.83	166.56
(-1,0)	27	5	r2	r1	(-6.65,1.59)	6.83	166.56
(-1,0)	34	6	r2	r1	(-5.12,-4.53)	6.83	-138.49
(0,1)	2	33	r1	r2	(1.59,6.65)	6.83	76.56
(0,1)	15	22	r1	r2	(-4.53,5.12)	6.83	131.51
(0,1)	20	17	r2	r1	(1.59,6.65)	6.83	76.56
(0,1)	31	4	r2	r1	(-4.53,5.12)	6.83	131.51
(0,-1)	4	31	r1	r2	(4.53,-5.12)	6.83	-48.49
(0,-1)	17	20	r1	r2	(-1.59,-6.65)	6.83	-103.44
(0,-1)	22	15	r2	r1	(4.53,-5.12)	6.83	-48.49
(0,-1)	33	2	r2	r1	(-1.59,-6.65)	6.83	-103.44
(1,1)	14	31	r1	r2	(3.53,5.88)	6.86	59.04
(1,1)	22	5	r2	r1	(3.53,5.88)	6.86	59.04
(-1,1)	17	34	r1	r2	(-5.88,3.53)	6.86	149.04
(-1,1)	19	2	r2	r1	(-5.88,3.53)	6.86	149.04
(-1,-1)	5	22	r1	r2	(-3.53,-5.88)	6.86	-120.96
(-1,-1)	31	14	r2	r1	(-3.53,-5.88)	6.86	-120.96
(1,-1)	34	17	r2	r1	(5.88,-3.53)	6.86	-30.96
(1,-1)	2	19	r1	r2	(5.88,-3.53)	6.86	-30.96
(1,1)	2	23	r1	r2	(4.76,4.94)	6.86	46.04
(1,1)	16	34	r1	r2	(2.12,6.53)	6.86	72.03
(1,1)	19	3	r2	r1	(2.12,6.53)	6.86	72.03
(1,1)	30	17	r2	r1	(4.76,4.94)	6.86	46.04
(-1,1)	9	22	r1	r2	(-6.53,2.12)	6.86	162.03
(-1,1)	14	32	r1	r2	(-4.94,4.76)	6.86	136.04
(-1,1)	21	5	r2	r1	(-4.94,4.76)	6.86	136.04
(-1,1)	31	10	r2	r1	(-6.53,2.12)	6.86	162.03
(-1,-1)	3	19	r1	r2	(-2.12,-6.53)	6.86	-107.97
(-1,-1)	17	30	r1	r2	(-4.76,-4.94)	6.86	-133.96
(-1,-1)	23	2	r2	r1	(-4.76,-4.94)	6.86	-133.96
(-1,-1)	34	16	r2	r1	(-2.12,-6.53)	6.86	-107.97
(1,-1)	5	21	r1	r2	(4.94,-4.76)	6.86	-43.96
(1,-1)	10	31	r1	r2	(6.53,-2.12)	6.86	-17.97
(1,-1)	22	9	r2	r1	(6.53,-2.12)	6.86	-17.97
(1,-1)	32	14	r2	r1	(4.94,-4.76)	6.86	-43.96
(-1,1)	7	21	r1	r2	(-6.06,3.24)	6.87	151.90
(-1,1)	10	24	r1	r2	(-5.71,3.82)	6.87	146.17
(1,-1)	9	29	r1	r2	(5.71,-3.82)	6.87	-33.83
(1,1)	3	25	r1	r2	(3.82,5.71)	6.87	56.17
(1,1)	8	30	r1	r2	(3.24,6.06)	6.87	61.90
(1,1)	23	11	r2	r1	(3.24,6.06)	6.87	61.90
(1,1)	28	16	r2	r1	(3.82,5.71)	6.87	56.17
(-1,1)	29	9	r2	r1	(-5.71,3.82)	6.87	146.17
(-1,1)	32	12	r2	r1	(-6.06,3.24)	6.87	151.90
(-1,-1)	11	23	r1	r2	(-3.24,-6.06)	6.87	-118.10
(-1,-1)	16	28	r1	r2	(-3.82,-5.71)	6.87	-123.83
(-1,-1)	25	3	r2	r1	(-3.82,-5.71)	6.87	-123.83
(-1,-1)	30	8	r2	r1	(-3.24,-6.06)	6.87	-118.10
(1,-1)	12	32	r1	r2	(6.06,-3.24)	6.87	-28.10
(1,-1)	21	7	r2	r1	(6.06,-3.24)	6.87	-28.10
(1,-1)	24	10	r2	r1	(5.71,-3.82)	6.87	-33.83
(1,1)	2	21	r1	r2	(2.94,6.24)	6.89	64.75
(1,1)	9	34	r1	r2	(4.12,5.53)	6.89	53.33
(1,1)	19	10	r2	r1	(4.12,5.53)	6.89	53.33
(1,1)	32	17	r2	r1	(2.94,6.24)	6.89	64.75
(-1,1)	3	22	r1	r2	(-5.53,4.12)	6.89	143.33
(-1,1)	14	23	r1	r2	(-6.24,2.94)	6.89	154.75
(-1,1)	30	5	r2	r1	(-6.24,2.94)	6.89	154.75
(-1,1)	31	16	r2	r1	(-5.53,4.12)	6.89	143.33
(-1,-1)	10	19	r1	r2	(-4.12,-5.53)	6.89	-126.67
(-1,-1)	17	32	r1	r2	(-2.94,-6.24)	6.89	-115.25
(-1,-1)	21	2	r2	r1	(-2.94,-6.24)	6.89	-115.25
(-1,-1)	34	9	r2	r1	(-4.12,-5.53)	6.89	-126.67
(1,-1)	5	30	r1	r2	(6.24,-2.94)	6.89	-25.25
(1,-1)	16	31	r1	r2	(5.53,-4.12)	6.89	-36.67
(1,-1)	22	3	r2	r1	(5.53,-4.12)	6.89	-36.67
(1,-1)	23	14	r2	r1	(6.24,-2.94)	6.89	-25.25
(-1,1)	16	24	r1	r2	(-6.71,1.82)	6.95	164.79
(1,-1)	3	29	r1	r2	(6.71,-1.82)	6.95	-15.21
(1,1)	8	32	r1	r2	(5.06,4.76)	6.95	43.29
(1,1)	10	25	r1	r2	(1.82,6.71)	6.95	74.79
(1,1)	21	11	r2	r1	(5.06,4.76)	6.95	43.29
(1,1)	28	9	r2	r1	(1.82,6.71)	6.95	74.79
(-1,1)	7	30	r1	r2	(-4.76,5.06)	6.95	133.29
(-1,1)	23	12	r2	r1	(-4.76,5.06)	6.95	133.29
(-1,1)	29	3	r2	r1	(-6.71,1.82)	6.95	164.79
(-1,-1)	9	28	r1	r2	(-1.82,-6.71)	6.95	-105.21
(-1,-1)	11	21	r1	r2	(-5.06,-4.76)	6.95	-136.71
(-1,-1)	25	10	r2	r1	(-1.82,-6.71)	6.95	-105.21
(-1,-1)	32	8	r2	r1	(-5.06,-4.76)	6.95	-136.71
(1,-1)	12	23	r1	r2	(4.76,-5.06)	6.95	-46.71
(1,-1)	24	16	r2	r1	(6.71,-1.82)	6.95	-15.21
(1,-1)	30	7	r2	r1	(4.76,-5.06)	6.95	-46.71
(1,1)	4	29	r1	r2	(4.71,5.18)	7.00	47.73
(1,1)	7	26	r1	r2	(2.35,6.59)	7.00	70.35
(1,1)	27	12	r2	r1	(2.35,6.59)	7.00	70.35
(-1,1)	6	25	r1	r2	(-5.18,4.71)	7.00	137.73
(-1,1)	11	20	r1	r2	(-6.59,2.35)	7.00	160.35
(-1,1)	28	13	r2	r1	(-5.18,4.71)	7.00	137.73
(-1,1)	33	8	r2	r1	(-6.59,2.35)	7.00	160.35
(-1,-1)	12	27	r1	r2	(-2.35,-6.59)	7.00	-109.65
(-1,-1)	15	24	r1	r2	(-4.71,-5.18)	7.00	-132.27
(-1,-1)	26	7	r2	r1	(-2.35,-6.59)	7.00	-109.65
(-1,-1)	29	4	r2	r1	(-4.71,-5.18)	7.00	-132.27
(1,-1)	8	33	r1	r2	(6.59,-2.35)	7.00	-19.65
(1,-1)	13	28	r1	r2	(5.18,-4.71)	7.00	-42.27
(1,-1)	20	11	r2	r1	(6.59,-2.35)	7.00	-19.65
(1,1)	24	15	r2	r1	(4.71,5.18)	7.00	47.73
(1,-1)	25	6	r2	r1	(5.18,-4.71)	7.00	-42.27
(1,0)	1	28	r1	r2	(6.18,3.29)	7.00	28.07
(1,0)	18	28	r2	r2	(6.18,3.29)	7.00	28.07
(1,0)	19	32	r2	r2	(6.18,3.29)	7.00	28.07
(1,0)	20	33	r2	r2	(6.18,3.29)	7.00	28.07
(1,0)	21	34	r2	r2	(6.18,3.29)	7.00	28.07
(-1,0)	28	1	r2	r1	(-6.18,-3.29)	7.00	-151.93
(-1,0)	28	18	r2	r2	(-6.18,-3.29)	7.00	-151.93
(-1,0)	32	19	r2	r2	(-6.18,-3.29)	7.00	-151.93
(-1,0)	33	20	r2	r2	(-6.18,-3.29)	7.00	-151.93
(-1,0)	34	21	r2	r2	(-6.18,-3.29)	7.00	-151.93
(0,1)	23	22	r2	r2	(-3.29,6.18)	7.00	118.07
(0,1)	27	26	r2	r2	(-3.29,6.18)	7.00	118.07
(0,1)	31	30	r2	r2	(-3.29,6.18)	7.00	118.07
(0,-1)	22	23	r2	r2	(3.29,-6.18)	7.00	-61.93
(0,-1)	26	27	r2	r2	(3.29,-6.18)	7.00	-61.93
(0,-1)	30	31	r2	r2	(3.29,-6.18)	7.00	-61.93
(1,1)	22	27	r2	r2	(6.18,3.29)	7.00	28.07
(1,1)	26	31	r2	r2	(6.18,3.29)	7.00	28.07
(-1,1)	1	29	r1	r2	(-3.29,6.18)	7.00	118.07
(-1,1)	18	29	r2	r2	(-3.29,6.18)	7.00	118.07
(-1,1)	19	33	r2	r2	(-3.29,6.18)	7.00	118.07
(-1,1)	20	34	r2	r2	(-3.29,6.18)	7.00	118.07
(-1,-1)	27	22	r2	r2	(-6.18,-3.29)	7.00	-151.93
(-1,-1)	31	26	r2	r2	(-6.18,-3.29)	7.00	-151.93
(1,-1)	29	1	r2	r1	(3.29,-6.18)	7.00	-61.93
(1,-1)	34	20	r2	r2	(3.29,-6.18)	7.00	-61.93
(1,0)	3	14	r1	r1	(7.00,0.00)	7.00	0.00
(1,0)	4	15	r1	r1	(7.00,0.00)	7.00	0.00
(1,0)	5	16	r1	r1	(7.00,0.00)	7.00	0.00
(-1,0)	14	3	r1	r1	(-7.00,0.00)	7.00	180.00
(-1,0)	15	4	r1	r1	(-7.00,0.00)	7.00	180.00
(-1,0)	16	5	r1	r1	(-7.00,0.00)	7.00	180.00
(0,1)	1	8	r1	r1	(0.00,7.00)	7.00	90.00
(0,1)	2	9	r1	r1	(0.00,7.00)	7.00	90.00
(0,1)	6	13	r1	r1	(0.00,7.00)	7.00	90.00
(0,1)	10	17	r1	r1	(0.00,7.00)	7.00	90.00
(0,1)	18	8	r2	r1	(0.00,7.00)	7.00	90.00
(0,-1)	8	1	r1	r1	(0.00,-7.00)	7.00	-90.00
(0,-1)	8	18	r1	r2	(0.00,-7.00)	7.00	-90.00
(0,-1)	9	2	r1	r1	(0.00,-7.00)	7.00	-90.00
(0,-1)	13	6	r1	r1	(0.00,-7.00)	7.00	-90.00
(0,-1)	17	10	r1	r1	(0.00,-7.00)	7.00	-90.00
(1,1)	14	4	r1	r1	(0.00,7.00)	7.00	90.00
(1,1)	15	5	r1	r1	(0.00,7.00)	7.00	90.00
(-1,1)	12	1	r1	r1	(-7.00,0.00)	7.00	180.00
(-1,1)	12	18	r1	r2	(-7.00,0.00)	7.00	180.00
(-1,1)	13	2	r1	r1	(-7.00,0.00)	7.00	180.00
(-1,1)	17	6	r1	r1	(-7.00,0.00)	7.00	180.00
(-1,-1)	4	14	r1	r1	(0.00,-7.00)	7.00	-90.00
(-1,-1)	5	15	r1	r1	(0.00,-7.00)	7.00	-90.00
(1,-1)	1	12	r1	r1	(7.00,0.00)	7.00	0.00
(1,-1)	2	13	r1	r1	(7.00,0.00)	7.00	0.00
(1,-1)	6	17	r1	r1	(7.00,0.00)	7.00	0.00
(1,-1)	18	12	r2	r1	(7.00,0.00)	7.00	0.00
(1,-1)	29	18	r2	r2	(3.29,-6.18)	7.00	-61.93
(1,-1)	33	19	r2	r2	(3.29,-6.18)	7.00	-61.93
(1,1)	10	28	r1	r2	(3.18,6.29)	7.05	63.22
(1,1)	11	32	r1	r2	(4.06,5.76)	7.05	54.85
(1,1)	21	8	r2	r1	(4.06,5.76)	7.05	54.85
(1,1)	25	9	r2	r1	(3.18,6.29)	7.05	63.22
(-1,1)	12	30	r1	r2	(-5.76,4.06)	7.05	144.85
(-1,1)	16	29	r1	r2	(-6.29,3.18)	7.05	153.22
(-1,1)	23	7	r2	r1	(-5.76,4.06)	7.05	144.85
(-1,1)	24	3	r2	r1	(-6.29,3.18)	7.05	153.22
(-1,-1)	8	21	r1	r2	(-4.06,-5.76)	7.05	-125.15
(-1,-1)	9	25	r1	r2	(-3.18,-6.29)	7.05	-116.78
(-1,-1)	28	10	r2	r1	(-3.18,-6.29)	7.05	-116.78
(-1,-1)	32	11	r2	r1	(-4.06,-5.76)	7.05	-125.15
(1,-1)	3	24	r1	r2	(6.29,-3.18)	7.05	-26.78
(1,-1)	7	23	r1	r2	(5.76,-4.06)	7.05	-35.15
(1,-1)	29	16	r2	r1	(6.29,-3.18)	7.05	-26.78
(1,-1)	30	12	r2	r1	(5.76,-4.06)	7.05	-35.15
(1,0)	3	34	r1	r2	(6.12,3.53)	7.06	29.98
(1,0)	5	32	r1	r2	(7.06,-0.24)	7.06	-1.91
(1,0)	19	16	r2	r1	(6.12,3.53)	7.06	29.98
(1,0)	21	14	r2	r1	(7.06,-0.24)	7.06	-1.91
(-1,0)	14	21	r1	r2	(-7.06,0.24)	7.06	178.09
(-1,0)	16	19	r1	r2	(-6.12,-3.53)	7.06	-150.02
(-1,0)	32	5	r2	r1	(-7.06,0.24)	7.06	178.09
(-1,0)	34	3	r2	r1	(-6.12,-3.53)	7.06	-150.02
(0,1)	2	30	r1	r2	(0.24,7.06)	7.06	88.09
(0,1)	10	22	r1	r2	(-3.53,6.12)	7.06	119.98
(0,1)	23	17	r2	r1	(0.24,7.06)	7.06	88.09
(0,1)	31	9	r2	r1	(-3.53,6.12)	7.06	119.98
(0,-1)	9	31	r1	r2	(3.53,-6.12)	7.06	-60.02
(0,-1)	17	23	r1	r2	(-0.24,-7.06)	7.06	-91.91
(0,-1)	22	10	r2	r1	(3.53,-6.12)	7.06	-60.02
(0,-1)	30	2	r2	r1	(-0.24,-7.06)	7.06	-91.91
(1,0)	1	27	r1	r2	(6.65,2.41)	7.07	19.94
(1,0)	18	27	r2	r2	(6.65,2.41)	7.07	19.94
(1,0)	19	31	r2	r2	(6.65,2.41)	7.07	19.94
(1,0)	19	33	r2	r2	(5.71,4.18)	7.07	36.20
(1,0)	20	32	r2	r2	(6.65,2.41)	7.07	19.94
(1,0)	20	34	r2	r2	(5.71,4.18)	7.07	36.20
(1,0)	21	33	r2	r2	(6.65,2.41)	7.07	19.94
(1,0)	22	34	r2	r2	(6.65,2.41)	7.07	19.94
(-1,0)	27	1	r2	r1	(-6.65,-2.41)	7.07	-160.06
(-1,0)	27	18	r2	r2	(-6.65,-2.41)	7.07	-160.06
(-1,0)	31	19	r2	r2	(-6.65,-2.41)	7.07	-160.06
(-1,0)	32	20	r2	r2	(-6.65,-2.41)	7.07	-160.06
(-1,0)	33	21	r2	r2	(-6.65,-2.41)	7.07	-160.06
(-1,0)	34	22	r2	r2	(-6.65,-2.41)	7.07	-160.06
(0,1)	19	22	r2	r2	(-2.41,6.65)	7.07	109.94
(0,1)	23	26	r2	r2	(-2.41,6.65)	7.07	109.94
(0,1)	27	22	r2	r2	(-4.18,5.71)	7.07	126.20
(0,1)	27	30	r2	r2	(-2.41,6.65)	7.07	109.94
(0,1)	31	26	r2	r2	(-4.18,5.71)	7.07	126.20
(0,1)	31	34	r2	r2	(-2.41,6.65)	7.07	109.94
(0,-1)	22	19	r2	r2	(2.41,-6.65)	7.07	-70.06
(0,-1)	22	27	r2	r2	(4.18,-5.71)	7.07	-53.80
(0,-1)	26	23	r2	r2	(2.41,-6.65)	7.07	-70.06
(0,-1)	26	31	r2	r2	(4.18,-5.71)	7.07	-53.80
(0,-1)	30	27	r2	r2	(2.41,-6.65)	7.07	-70.06
(0,-1)	34	31	r2	r2	(2.41,-6.65)	7.07	-70.06
(1,1)	20	22	r2	r2	(2.06,6.76)	7.07	73.07
(1,1)	22	28	r2	r2	(5.71,4.18)	7.07	36.20
(1,1)	27	29	r2	r2	(2.06,6.76)	7.07	73.07
(1,1)	31	33	r2	r2	(2.06,6.76)	7.07	73.07
(-1,1)	1	25	r1	r2	(-4.18,5.71)	7.07	126.20
(-1,1)	1	33	r1	r2	(-2.41,6.65)	7.07	109.94
(-1,1)	18	25	r2	r2	(-4.18,5.71)	7.07	126.20
(-1,1)	18	33	r2	r2	(-2.41,6.65)	7.07	109.94
(-1,1)	19	29	r2	r2	(-4.18,5.71)	7.07	126.20
(-1,1)	23	33	r2	r2	(-4.18,5.71)	7.07	126.20
(-1,1)	27	19	r2	r2	(-6.76,2.06)	7.07	163.07
(-1,1)	28	20	r2	r2	(-6.76,2.06)	7.07	163.07
(-1,1)	32	24	r2	r2	(-6.76,2.06)	7.07	163.07
(-1,1)	33	25	r2	r2	(-6.76,2.06)	7.07	163.07
(-1,1)	34	26	r2	r2	(-6.76,2.06)	7.07	163.07
(-1,-1)	26	24	r2	r2	(-2.06,-6.76)	7.07	-106.93
(-1,-1)	27	21	r2	r2	(-5.71,-4.18)	7.07	-143.80
(-1,-1)	28	22	r2	r2	(-5.71,-4.18)	7.07	-143.80
(-1,-1)	29	27	r2	r2	(-2.06,-6.76)	7.07	-106.93
(-1,-1)	31	25	r2	r2	(-5.71,-4.18)	7.07	-143.80
(-1,-1)	32	26	r2	r2	(-5.71,-4.18)	7.07	-143.80
(1,-1)	19	27	r2	r2	(6.76,-2.06)	7.07	-16.93
(1,-1)	20	28	r2	r2	(6.76,-2.06)	7.07	-16.93
(1,-1)	21	29	r2	r2	(6.76,-2.06)	7.07	-16.93
(1,-1)	26	34	r2	r2	(6.76,-2.06)	7.07	-16.93
(1,-1)	33	1	r2	r1	(2.41,-6.65)	7.07	-70.06
(1,-1)	34	24	r2	r2	(4.18,-5.71)	7.07	-53.80
(1,0)	1	9	r1	r1	(5.00,5.00)	7.07	45.00
(1,0)	1	29	r1	r2	(5.71,4.18)	7.07	36.20
(1,0)	2	14	r1	r1	(7.00,1.00)	7.07	8.13
(1,0)	3	15	r1	r1	(7.00,1.00)	7.07	8.13
(1,0)	4	14	r1	r1	(7.00,-1.00)	7.07	-8.13
(1,0)	4	16	r1	r1	(7.00,1.00)	7.07	8.13
(1,0)	5	15	r1	r1	(7.00,-1.00)	7.07	-8.13
(1,0)	5	17	r1	r1	(7.00,1.00)	7.07	8.13
(1,0)	18	9	r2	r1	(5.00,5.00)	7.07	45.00
(1,0)	18	29	r2	r2	(5.71,4.18)	7.07	36.20
(-1,0)	9	1	r1	r1	(-5.00,-5.00)	7.07	-135.00
(-1,0)	9	18	r1	r2	(-5.00,-5.00)	7.07	-135.00
(-1,0)	14	2	r1	r1	(-7.00,-1.00)	7.07	-171.87
(-1,0)	14	4	r1	r1	(-7.00,1.00)	7.07	171.87
(-1,0)	15	3	r1	r1	(-7.00,-1.00)	7.07	-171.87
(-1,0)	15	5	r1	r1	(-7.00,1.00)	7.07	171.87
(-1,0)	16	4	r1	r1	(-7.00,-1.00)	7.07	-171.87
(-1,0)	17	5	r1	r1	(-7.00,-1.00)	7.07	-171.87
(-1,0)	29	1	r2	r1	(-5.71,-4.18)	7.07	-143.80
(-1,0)	29	18	r2	r2	(-5.71,-4.18)	7.07	-143.80
(-1,0)	33	19	r2	r2	(-5.71,-4.18)	7.07	-143.80
(-1,0)	34	20	r2	r2	(-5.71,-4.18)	7.07	-143.80
(0,1)	1	4	r1	r1	(-1.00,7.00)	7.07	98.13
(0,1)	1	12	r1	r1	(1.00,7.00)	7.07	81.87
(0,1)	1	32	r1	r2	(2.06,6.76)	7.07	73.07
(0,1)	2	5	r1	r1	(-1.00,7.00)	7.07	98.13
(0,1)	2	13	r1	r1	(1.00,7.00)	7.07	81.87
(0,1)	6	9	r1	r1	(-1.00,7.00)	7.07	98.13
(0,1)	6	17	r1	r1	(1.00,7.00)	7.07	81.87
(0,1)	10	13	r1	r1	(-1.00,7.00)	7.07	98.13
(0,1)	14	17	r1	r1	(-1.00,7.00)	7.07	98.13
(0,1)	18	4	r2	r1	(-1.00,7.00)	7.07	98.13
(0,1)	18	12	r2	r1	(1.00,7.00)	7.07	81.87
(0,1)	18	32	r2	r2	(2.06,6.76)	7.07	73.07
(0,-1)	4	1	r1	r1	(1.00,-7.00)	7.07	-81.87
(0,-1)	4	18	r1	r2	(1.00,-7.00)	7.07	-81.87
(0,-1)	5	2	r1	r1	(1.00,-7.00)	7.07	-81.87
(0,-1)	9	6	r1	r1	(1.00,-7.00)	7.07	-81.87
(0,-1)	12	1	r1	r1	(-1.00,-7.00)	7.07	-98.13
(0,-1)	12	18	r1	r2	(-1.00,-7.00)	7.07	-98.13
(0,-1)	13	2	r1	r1	(-1.00,-7.00)	7.07	-98.13
(0,-1)	13	10	r1	r1	(1.00,-7.00)	7.07	-81.87
(0,-1)	17	6	r1	r1	(-1.00,-7.00)	7.07	-98.13
(0,-1)	17	14	r1	r1	(1.00,-7.00)	7.07	-81.87
(0,-1)	32	1	r2	r1	(-2.06,-6.76)	7.07	-106.93
(0,-1)	32	18	r2	r2	(-2.06,-6.76)	7.07	-106.93
(1,1)	2	10	r1	r1	(5.00,5.00)	7.07	45.00
(1,1)	3	11	r1	r1	(5.00,5.00)	7.07	45.00
(1,1)	4	12	r1	r1	(5.00,5.00)	7.07	45.00
(1,1)	5	13	r1	r1	(5.00,5.00)	7.07	45.00
(1,1)	6	14	r1	r1	(5.00,5.00)	7.07	45.00
(1,1)	7	15	r1	r1	(5.00,5.00)	7.07	45.00
(1,1)	8	16	r1	r1	(5.00,5.00)	7.07	45.00
(1,1)	9	17	r1	r1	(5.00,5.00)	7.07	45.00
(1,1)	10	4	r1	r1	(1.00,7.00)	7.07	81.87
(1,1)	11	5	r1	r1	(1.00,7.00)	7.07	81.87
(1,1)	14	8	r1	r1	(1.00,7.00)	7.07	81.87
(1,1)	15	9	r1	r1	(1.00,7.00)	7.07	81.87
(1,1)	19	21	r2	r2	(2.06,6.76)	7.07	73.07
(1,1)	21	27	r2	r2	(5.71,4.18)	7.07	36.20
(1,1)	23	25	r2	r2	(2.06,6.76)	7.07	73.07
(1,1)	24	26	r2	r2	(2.06,6.76)	7.07	73.07
(1,1)	25	31	r2	r2	(5.71,4.18)	7.07	36.20
(1,1)	26	32	r2	r2	(5.71,4.18)	7.07	36.20
(1,1)	28	30	r2	r2	(2.06,6.76)	7.07	73.07
(1,1)	32	34	r2	r2	(2.06,6.76)	7.07	73.07
(-1,1)	1	3	r1	r1	(-5.00,5.00)	7.07	135.00
(-1,1)	2	4	r1	r1	(-5.00,5.00)	7.07	135.00
(-1,1)	3	5	r1	r1	(-5.00,5.00)	7.07	135.00
(-1,1)	6	8	r1	r1	(-5.00,5.00)	7.07	135.00
(-1,1)	7	9	r1	r1	(-5.00,5.00)	7.07	135.00
(-1,1)	10	12	r1	r1	(-5.00,5.00)	7.07	135.00
(-1,1)	11	1	r1	r1	(-7.00,1.00)	7.07	171.87
(-1,1)	11	13	r1	r1	(-5.00,5.00)	7.07	135.00
(-1,1)	11	18	r1	r2	(-7.00,1.00)	7.07	171.87
(-1,1)	12	2	r1	r1	(-7.00,1.00)	7.07	171.87
(-1,1)	13	1	r1	r1	(-7.00,-1.00)	7.07	-171.87
(-1,1)	13	3	r1	r1	(-7.00,1.00)	7.07	171.87
(-1,1)	13	18	r1	r2	(-7.00,-1.00)	7.07	-171.87
(-1,1)	14	16	r1	r1	(-5.00,5.00)	7.07	135.00
(-1,1)	15	17	r1	r1	(-5.00,5.00)	7.07	135.00
(-1,1)	16	6	r1	r1	(-7.00,1.00)	7.07	171.87
(-1,1)	17	7	r1	r1	(-7.00,1.00)	7.07	171.87
(-1,1)	18	3	r2	r1	(-5.00,5.00)	7.07	135.00
(-1,1)	20	30	r2	r2	(-4.18,5.71)	7.07	126.20
(-1,1)	23	1	r2	r1	(-6.76,2.06)	7.07	163.07
(-1,1)	23	18	r2	r2	(-6.76,2.06)	7.07	163.07
(-1,1)	24	34	r2	r2	(-4.18,5.71)	7.07	126.20
(-1,1)	29	21	r2	r2	(-6.76,2.06)	7.07	163.07
(-1,1)	30	22	r2	r2	(-6.76,2.06)	7.07	163.07
(-1,1)	31	23	r2	r2	(-6.76,2.06)	7.07	163.07
(-1,-1)	4	10	r1	r1	(-1.00,-7.00)	7.07	-98.13
(-1,-1)	5	11	r1	r1	(-1.00,-7.00)	7.07	-98.13
(-1,-1)	8	14	r1	r1	(-1.00,-7.00)	7.07	-98.13
(-1,-1)	9	15	r1	r1	(-1.00,-7.00)	7.07	-98.13
(-1,-1)	10	2	r1	r1	(-5.00,-5.00)	7.07	-135.00
(-1,-1)	11	3	r1	r1	(-5.00,-5.00)	7.07	-135.00
(-1,-1)	12	4	r1	r1	(-5.00,-5.00)	7.07	-135.00
(-1,-1)	13	5	r1	r1	(-5.00,-5.00)	7.07	-135.00
(-1,-1)	14	6	r1	r1	(-5.00,-5.00)	7.07	-135.00
(-1,-1)	15	7	r1	r1	(-5.00,-5.00)	7.07	-135.00
(-1,-1)	16	8	r1	r1	(-5.00,-5.00)	7.07	-135.00
(-1,-1)	17	9	r1	r1	(-5.00,-5.00)	7.07	-135.00
(-1,-1)	21	19	r2	r2	(-2.06,-6.76)	7.07	-106.93
(-1,-1)	22	20	r2	r2	(-2.06,-6.76)	7.07	-106.93
(-1,-1)	25	23	r2	r2	(-2.06,-6.76)	7.07	-106.93
(-1,-1)	30	28	r2	r2	(-2.06,-6.76)	7.07	-106.93
(-1,-1)	33	31	r2	r2	(-2.06,-6.76)	7.07	-106.93
(-1,-1)	34	32	r2	r2	(-2.06,-6.76)	7.07	-106.93
(1,-1)	1	11	r1	r1	(7.00,-1.00)	7.07	-8.13
(1,-1)	1	13	r1	r1	(7.00,1.00)	7.07	8.13
(1,-1)	1	23	r1	r2	(6.76,-2.06)	7.07	-16.93
(1,-1)	2	12	r1	r1	(7.00,-1.00)	7.07	-8.13
(1,-1)	3	1	r1	r1	(5.00,-5.00)	7.07	-45.00
(1,-1)	3	13	r1	r1	(7.00,-1.00)	7.07	-8.13
(1,-1)	3	18	r1	r2	(5.00,-5.00)	7.07	-45.00
(1,-1)	4	2	r1	r1	(5.00,-5.00)	7.07	-45.00
(1,-1)	5	3	r1	r1	(5.00,-5.00)	7.07	-45.00
(1,-1)	6	16	r1	r1	(7.00,-1.00)	7.07	-8.13
(1,-1)	7	17	r1	r1	(7.00,-1.00)	7.07	-8.13
(1,-1)	8	6	r1	r1	(5.00,-5.00)	7.07	-45.00
(1,-1)	9	7	r1	r1	(5.00,-5.00)	7.07	-45.00
(1,-1)	12	10	r1	r1	(5.00,-5.00)	7.07	-45.00
(1,-1)	13	11	r1	r1	(5.00,-5.00)	7.07	-45.00
(1,-1)	16	14	r1	r1	(5.00,-5.00)	7.07	-45.00
(1,-1)	17	15	r1	r1	(5.00,-5.00)	7.07	-45.00
(1,-1)	18	11	r2	r1	(7.00,-1.00)	7.07	-8.13
(1,-1)	18	13	r2	r1	(7.00,1.00)	7.07	8.13
(1,-1)	18	23	r2	r2	(6.76,-2.06)	7.07	-16.93
(1,-1)	22	30	r2	r2	(6.76,-2.06)	7.07	-16.93
(1,-1)	23	31	r2	r2	(6.76,-2.06)	7.07	-16.93
(1,-1)	24	32	r2	r2	(6.76,-2.06)	7.07	-16.93
(1,-1)	25	1	r2	r1	(4.18,-5.71)	7.07	-53.80
(1,-1)	25	33	r2	r2	(6.76,-2.06)	7.07	-16.93
(1,-1)	29	19	r2	r2	(4.18,-5.71)	7.07	-53.80
(1,-1)	30	20	r2	r2	(4.18,-5.71)	7.07	-53.80
(1,-1)	33	18	r2	r2	(2.41,-6.65)	7.07	-70.06
(1,-1)	33	23	r2	r2	(4.18,-5.71)	7.07	-53.80
(1,-1)	25	18	r2	r2	(4.18,-5.71)	7.07	-53.80
(1,0)	3	33	r1	r2	(6.59,2.65)	7.10	21.89
(1,0)	4	32	r1	r2	(7.06,0.76)	7.10	6.18
(1,0)	20	16	r2	r1	(6.59,2.65)	7.10	21.89
(1,0)	21	15	r2	r1	(7.06,0.76)	7.10	6.18
(-1,0)	15	21	r1	r2	(-7.06,-0.76)	7.10	-173.82
(-1,0)	16	20	r1	r2	(-6.59,-2.65)	7.10	-158.11
(-1,0)	32	4	r2	r1	(-7.06,-0.76)	7.10	-173.82
(-1,0)	33	3	r2	r1	(-6.59,-2.65)	7.10	-158.11
(0,1)	6	30	r1	r2	(-0.76,7.06)	7.10	96.18
(0,1)	10	26	r1	r2	(-2.65,6.59)	7.10	111.89
(0,1)	23	13	r2	r1	(-0.76,7.06)	7.10	96.18
(0,1)	27	9	r2	r1	(-2.65,6.59)	7.10	111.89
(0,-1)	9	27	r1	r2	(2.65,-6.59)	7.10	-68.11
(0,-1)	13	23	r1	r2	(0.76,-7.06)	7.10	-83.82
(0,-1)	26	10	r2	r1	(2.65,-6.59)	7.10	-68.11
(0,-1)	30	6	r2	r1	(0.76,-7.06)	7.10	-83.82
(1,1)	5	32	r1	r2	(6.06,3.76)	7.13	31.86
(1,1)	15	33	r1	r2	(2.59,6.65)	7.13	68.73
(1,1)	20	4	r2	r1	(2.59,6.65)	7.13	68.73
(1,1)	21	14	r2	r1	(6.06,3.76)	7.13	31.86
(-1,1)	2	30	r1	r2	(-3.76,6.06)	7.13	121.86
(-1,1)	13	26	r1	r2	(-6.65,2.59)	7.13	158.73
(-1,1)	23	17	r2	r1	(-3.76,6.06)	7.13	121.86
(-1,1)	27	6	r2	r1	(-6.65,2.59)	7.13	158.73
(-1,-1)	4	20	r1	r2	(-2.59,-6.65)	7.13	-111.27
(-1,-1)	14	21	r1	r2	(-6.06,-3.76)	7.13	-148.14
(-1,-1)	32	5	r2	r1	(-6.06,-3.76)	7.13	-148.14
(-1,-1)	33	15	r2	r1	(-2.59,-6.65)	7.13	-111.27
(1,-1)	6	27	r1	r2	(6.65,-2.59)	7.13	-21.27
(1,-1)	17	23	r1	r2	(3.76,-6.06)	7.13	-58.14
(1,-1)	26	13	r2	r1	(6.65,-2.59)	7.13	-21.27
(1,-1)	30	2	r2	r1	(3.76,-6.06)	7.13	-58.14
(1,1)	6	27	r1	r2	(4.65,5.41)	7.13	49.35
(1,1)	10	22	r1	r2	(0.47,7.12)	7.13	86.22
(1,1)	26	13	r2	r1	(4.65,5.41)	7.13	49.35
(1,1)	31	9	r2	r1	(0.47,7.12)	7.13	86.22
(-1,1)	15	33	r1	r2	(-5.41,4.65)	7.13	139.35
(-1,1)	16	19	r1	r2	(-7.12,0.47)	7.13	176.22
(-1,1)	20	4	r2	r1	(-5.41,4.65)	7.13	139.35
(-1,1)	34	3	r2	r1	(-7.12,0.47)	7.13	176.22
(-1,-1)	9	31	r1	r2	(-0.47,-7.12)	7.13	-93.78
(-1,-1)	13	26	r1	r2	(-4.65,-5.41)	7.13	-130.65
(-1,-1)	22	10	r2	r1	(-0.47,-7.12)	7.13	-93.78
(-1,-1)	27	6	r2	r1	(-4.65,-5.41)	7.13	-130.65
(1,-1)	3	34	r1	r2	(7.12,-0.47)	7.13	-3.78
(1,-1)	4	20	r1	r2	(5.41,-4.65)	7.13	-40.65
(1,-1)	19	16	r2	r1	(7.12,-0.47)	7.13	-3.78
(1,-1)	33	15	r2	r1	(5.41,-4.65)	7.13	-40.65
(1,1)	5	31	r1	r2	(6.53,2.88)	7.14	23.82
(1,1)	14	22	r1	r2	(-0.53,7.12)	7.14	94.25
(1,1)	22	14	r2	r1	(6.53,2.88)	7.14	23.82
(1,1)	31	5	r2	r1	(-0.53,7.12)	7.14	94.25
(-1,1)	2	34	r1	r2	(-2.88,6.53)	7.14	113.82
(-1,1)	17	19	r1	r2	(-7.12,-0.53)	7.14	-175.75
(-1,1)	19	17	r2	r1	(-2.88,6.53)	7.14	113.82
(-1,1)	34	2	r2	r1	(-7.12,-0.53)	7.14	-175.75
(-1,-1)	5	31	r1	r2	(0.53,-7.12)	7.14	-85.75
(-1,-1)	14	22	r1	r2	(-6.53,-2.88)	7.14	-156.18
(-1,-1)	22	14	r2	r1	(0.53,-7.12)	7.14	-85.75
(-1,-1)	31	5	r2	r1	(-6.53,-2.88)	7.14	-156.18
(1,-1)	2	34	r1	r2	(7.12,0.53)	7.14	4.25
(1,-1)	17	19	r1	r2	(2.88,-6.53)	7.14	-66.18
(1,-1)	19	17	r2	r1	(7.12,0.53)	7.14	4.25
(1,-1)	34	2	r2	r1	(2.88,-6.53)	7.14	-66.18
(1,1)	3	27	r1	r2	(5.65,4.41)	7.17	38.00
(1,1)	15	30	r1	r2	(1.24,7.06)	7.17	80.07
(1,1)	23	4	r2	r1	(1.24,7.06)	7.17	80.07
(1,1)	26	16	r2	r1	(5.65,4.41)	7.17	38.00
(-1,1)	10	33	r1	r2	(-4.41,5.65)	7.17	128.00
(-1,1)	13	21	r1	r2	(-7.06,1.24)	7.17	170.07
(-1,1)	20	9	r2	r1	(-4.41,5.65)	7.17	128.00
(-1,1)	32	6	r2	r1	(-7.06,1.24)	7.17	170.07
(-1,-1)	4	23	r1	r2	(-1.24,-7.06)	7.17	-99.93
(-1,-1)	16	26	r1	r2	(-5.65,-4.41)	7.17	-142.00
(-1,-1)	27	3	r2	r1	(-5.65,-4.41)	7.17	-142.00
(-1,-1)	30	15	r2	r1	(-1.24,-7.06)	7.17	-99.93
(1,-1)	6	32	r1	r2	(7.06,-1.24)	7.17	-9.93
(1,-1)	9	20	r1	r2	(4.41,-5.65)	7.17	-52.00
(1,-1)	21	13	r2	r1	(7.06,-1.24)	7.17	-9.93
(1,-1)	33	10	r2	r1	(4.41,-5.65)	7.17	-52.00
(1,1)	7	29	r1	r2	(3.71,6.18)	7.20	59.04
(-1,1)	11	25	r1	r2	(-6.18,3.71)	7.20	149.04
(-1,1)	28	8	r2	r1	(-6.18,3.71)	7.20	149.04
(-1,-1)	12	24	r1	r2	(-3.71,-6.18)	7.20	-120.96
(-1,-1)	29	7	r2	r1	(-3.71,-6.18)	7.20	-120.96
(1,-1)	8	28	r1	r2	(6.18,-3.71)	7.20	-30.96
(1,1)	24	12	r2	r1	(3.71,6.18)	7.20	59.04
(1,-1)	25	11	r2	r1	(6.18,-3.71)	7.20	-30.96
(1,0)	22	27	r2	r2	(7.18,-0.71)	7.21	-5.62
(1,0)	26	31	r2	r2	(7.18,-0.71)	7.21	-5.62
(-1,0)	27	22	r2	r2	(-7.18,0.71)	7.21	174.38
(-1,0)	31	26	r2	r2	(-7.18,0.71)	7.21	174.38
(0,1)	1	29	r1	r2	(0.71,7.18)	7.21	84.38
(0,1)	18	29	r2	r2	(0.71,7.18)	7.21	84.38
(0,1)	19	33	r2	r2	(0.71,7.18)	7.21	84.38
(0,1)	20	34	r2	r2	(0.71,7.18)	7.21	84.38
(0,-1)	29	1	r2	r1	(-0.71,-7.18)	7.21	-95.62
(0,-1)	29	18	r2	r2	(-0.71,-7.18)	7.21	-95.62
(0,-1)	33	19	r2	r2	(-0.71,-7.18)	7.21	-95.62
(0,-1)	34	20	r2	r2	(-0.71,-7.18)	7.21	-95.62
(1,1)	23	22	r2	r2	(0.71,7.18)	7.21	84.38
(1,1)	27	26	r2	r2	(0.71,7.18)	7.21	84.38
(1,1)	31	30	r2	r2	(0.71,7.18)	7.21	84.38
(-1,1)	28	1	r2	r1	(-7.18,0.71)	7.21	174.38
(-1,1)	28	25	r2	r2	(-6.35,3.41)	7.21	151.76
(-1,1)	32	19	r2	r2	(-7.18,0.71)	7.21	174.38
(-1,1)	33	20	r2	r2	(-7.18,0.71)	7.21	174.38
(-1,1)	34	21	r2	r2	(-7.18,0.71)	7.21	174.38
(-1,-1)	22	23	r2	r2	(-0.71,-7.18)	7.21	-95.62
(-1,-1)	26	27	r2	r2	(-0.71,-7.18)	7.21	-95.62
(-1,-1)	30	31	r2	r2	(-0.71,-7.18)	7.21	-95.62
(1,-1)	1	28	r1	r2	(7.18,-0.71)	7.21	-5.62
(1,-1)	18	28	r2	r2	(7.18,-0.71)	7.21	-5.62
(1,-1)	19	32	r2	r2	(7.18,-0.71)	7.21	-5.62
(1,-1)	20	33	r2	r2	(7.18,-0.71)	7.21	-5.62
(1,-1)	21	34	r2	r2	(7.18,-0.71)	7.21	-5.62
(1,-1)	26	29	r2	r2	(6.35,-3.41)	7.21	-28.24
(1,0)	1	12	r1	r1	(6.00,4.00)	7.21	33.69
(1,0)	2	13	r1	r1	(6.00,4.00)	7.21	33.69
(1,0)	6	17	r1	r1	(6.00,4.00)	7.21	33.69
(1,0)	18	12	r2	r1	(6.00,4.00)	7.21	33.69
(-1,0)	12	1	r1	r1	(-6.00,-4.00)	7.21	-146.31
(-1,0)	12	18	r1	r2	(-6.00,-4.00)	7.21	-146.31
(-1,0)	13	2	r1	r1	(-6.00,-4.00)	7.21	-146.31
(-1,0)	17	6	r1	r1	(-6.00,-4.00)	7.21	-146.31
(0,1)	14	4	r1	r1	(-4.00,6.00)	7.21	123.69
(0,1)	15	5	r1	r1	(-4.00,6.00)	7.21	123.69
(0,-1)	4	14	r1	r1	(4.00,-6.00)	7.21	-56.31
(0,-1)	5	15	r1	r1	(4.00,-6.00)	7.21	-56.31
(1,1)	1	6	r1	r1	(4.00,6.00)	7.21	56.31
(1,1)	1	20	r1	r2	(3.41,6.35)	7.21	61.76
(1,1)	2	7	r1	r1	(4.00,6.00)	7.21	56.31
(1,1)	3	8	r1	r1	(4.00,6.00)	7.21	56.31
(1,1)	3	14	r1	r1	(6.00,4.00)	7.21	33.69
(1,1)	4	9	r1	r1	(4.00,6.00)	7.21	56.31
(1,1)	4	15	r1	r1	(6.00,4.00)	7.21	33.69
(1,1)	5	16	r1	r1	(6.00,4.00)	7.21	33.69
(1,1)	6	11	r1	r1	(4.00,6.00)	7.21	56.31
(1,1)	7	12	r1	r1	(4.00,6.00)	7.21	56.31
(1,1)	8	13	r1	r1	(4.00,6.00)	7.21	56.31
(1,1)	10	15	r1	r1	(4.00,6.00)	7.21	56.31
(1,1)	11	16	r1	r1	(4.00,6.00)	7.21	56.31
(1,1)	12	17	r1	r1	(4.00,6.00)	7.21	56.31
(1,1)	18	6	r2	r1	(4.00,6.00)	7.21	56.31
(1,1)	18	20	r2	r2	(3.41,6.35)	7.21	61.76
(1,1)	19	24	r2	r2	(3.41,6.35)	7.21	61.76
(1,1)	20	25	r2	r2	(3.41,6.35)	7.21	61.76
(1,1)	21	26	r2	r2	(3.41,6.35)	7.21	61.76
(1,1)	23	28	r2	r2	(3.41,6.35)	7.21	61.76
(1,1)	24	29	r2	r2	(3.41,6.35)	7.21	61.76
(1,1)	25	30	r2	r2	(3.41,6.35)	7.21	61.76
(1,1)	27	32	r2	r2	(3.41,6.35)	7.21	61.76
(1,1)	28	33	r2	r2	(3.41,6.35)	7.21	61.76
(1,1)	29	34	r2	r2	(3.41,6.35)	7.21	61.76
(-1,1)	1	8	r1	r1	(-4.00,6.00)	7.21	123.69
(-1,1)	2	9	r1	r1	(-4.00,6.00)	7.21	123.69
(-1,1)	6	3	r1	r1	(-6.00,4.00)	7.21	146.31
(-1,1)	6	13	r1	r1	(-4.00,6.00)	7.21	123.69
(-1,1)	7	4	r1	r1	(-6.00,4.00)	7.21	146.31
(-1,1)	8	5	r1	r1	(-6.00,4.00)	7.21	146.31
(-1,1)	10	7	r1	r1	(-6.00,4.00)	7.21	146.31
(-1,1)	10	17	r1	r1	(-4.00,6.00)	7.21	123.69
(-1,1)	11	8	r1	r1	(-6.00,4.00)	7.21	146.31
(-1,1)	12	9	r1	r1	(-6.00,4.00)	7.21	146.31
(-1,1)	14	11	r1	r1	(-6.00,4.00)	7.21	146.31
(-1,1)	15	12	r1	r1	(-6.00,4.00)	7.21	146.31
(-1,1)	16	13	r1	r1	(-6.00,4.00)	7.21	146.31
(-1,1)	18	8	r2	r1	(-4.00,6.00)	7.21	123.69
(-1,1)	23	20	r2	r2	(-6.35,3.41)	7.21	151.76
(-1,1)	24	21	r2	r2	(-6.35,3.41)	7.21	151.76
(-1,1)	25	22	r2	r2	(-6.35,3.41)	7.21	151.76
(-1,1)	27	24	r2	r2	(-6.35,3.41)	7.21	151.76
(-1,1)	28	18	r2	r2	(-7.18,0.71)	7.21	174.38
(-1,1)	29	26	r2	r2	(-6.35,3.41)	7.21	151.76
(-1,1)	31	28	r2	r2	(-6.35,3.41)	7.21	151.76
(-1,1)	32	29	r2	r2	(-6.35,3.41)	7.21	151.76
(-1,1)	33	30	r2	r2	(-6.35,3.41)	7.21	151.76
(-1,-1)	6	1	r1	r1	(-4.00,-6.00)	7.21	-123.69
(-1,-1)	6	18	r1	r2	(-4.00,-6.00)	7.21	-123.69
(-1,-1)	7	2	r1	r1	(-4.00,-6.00)	7.21	-123.69
(-1,-1)	8	3	r1	r1	(-4.00,-6.00)	7.21	-123.69
(-1,-1)	9	4	r1	r1	(-4.00,-6.00)	7.21	-123.69
(-1,-1)	11	6	r1	r1	(-4.00,-6.00)	7.21	-123.69
(-1,-1)	12	7	r1	r1	(-4.00,-6.00)	7.21	-123.69
(-1,-1)	13	8	r1	r1	(-4.00,-6.00)	7.21	-123.69
(-1,-1)	14	3	r1	r1	(-6.00,-4.00)	7.21	-146.31
(-1,-1)	15	4	r1	r1	(-6.00,-4.00)	7.21	-146.31
(-1,-1)	15	10	r1	r1	(-4.00,-6.00)	7.21	-123.69
(-1,-1)	16	5	r1	r1	(-6.00,-4.00)	7.21	-146.31
(-1,-1)	16	11	r1	r1	(-4.00,-6.00)	7.21	-123.69
(-1,-1)	17	12	r1	r1	(-4.00,-6.00)	7.21	-123.69
(-1,-1)	20	1	r2	r1	(-3.41,-6.35)	7.21	-118.24
(-1,-1)	20	18	r2	r2	(-3.41,-6.35)	7.21	-118.24
(-1,-1)	24	19	r2	r2	(-3.41,-6.35)	7.21	-118.24
(-1,-1)	25	20	r2	r2	(-3.41,-6.35)	7.21	-118.24
(-1,-1)	26	21	r2	r2	(-3.41,-6.35)	7.21	-118.24
(-1,-1)	28	23	r2	r2	(-3.41,-6.35)	7.21	-118.24
(-1,-1)	29	24	r2	r2	(-3.41,-6.35)	7.21	-118.24
(-1,-1)	30	25	r2	r2	(-3.41,-6.35)	7.21	-118.24
(-1,-1)	32	27	r2	r2	(-3.41,-6.35)	7.21	-118.24
(-1,-1)	33	28	r2	r2	(-3.41,-6.35)	7.21	-118.24
(-1,-1)	34	29	r2	r2	(-3.41,-6.35)	7.21	-118.24
(1,-1)	3	6	r1	r1	(6.00,-4.00)	7.21	-33.69
(1,-1)	4	7	r1	r1	(6.00,-4.00)	7.21	-33.69
(1,-1)	5	8	r1	r1	(6.00,-4.00)	7.21	-33.69
(1,-1)	7	10	r1	r1	(6.00,-4.00)	7.21	-33.69
(1,-1)	8	1	r1	r1	(4.00,-6.00)	7.21	-56.31
(1,-1)	8	11	r1	r1	(6.00,-4.00)	7.21	-33.69
(1,-1)	8	18	r1	r2	(4.00,-6.00)	7.21	-56.31
(1,-1)	9	2	r1	r1	(4.00,-6.00)	7.21	-56.31
(1,-1)	9	12	r1	r1	(6.00,-4.00)	7.21	-33.69
(1,-1)	11	14	r1	r1	(6.00,-4.00)	7.21	-33.69
(1,-1)	12	15	r1	r1	(6.00,-4.00)	7.21	-33.69
(1,-1)	13	6	r1	r1	(4.00,-6.00)	7.21	-56.31
(1,-1)	13	16	r1	r1	(6.00,-4.00)	7.21	-33.69
(1,-1)	17	10	r1	r1	(4.00,-6.00)	7.21	-56.31
(1,-1)	20	23	r2	r2	(6.35,-3.41)	7.21	-28.24
(1,-1)	21	24	r2	r2	(6.35,-3.41)	7.21	-28.24
(1,-1)	22	25	r2	r2	(6.35,-3.41)	7.21	-28.24
(1,-1)	24	27	r2	r2	(6.35,-3.41)	7.21	-28.24
(1,-1)	25	28	r2	r2	(6.35,-3.41)	7.21	-28.24
(1,-1)	29	32	r2	r2	(6.35,-3.41)	7.21	-28.24
(1,-1)	30	33	r2	r2	(6.35,-3.41)	7.21	-28.24
(1,-1)	28	31	r2	r2	(6.35,-3.41)	7.21	-28.24
(1,1)	2	24	r1	r2	(4.29,5.82)	7.24	53.60
(1,1)	12	34	r1	r2	(3.12,6.53)	7.24	64.48
(-1,1)	8	22	r1	r2	(-6.53,3.12)	7.24	154.48
(-1,1)	14	28	r1	r2	(-5.82,4.29)	7.24	143.60
(-1,1)	25	5	r2	r1	(-5.82,4.29)	7.24	143.60
(-1,-1)	17	29	r1	r2	(-4.29,-5.82)	7.24	-126.40
(-1,-1)	24	2	r2	r1	(-4.29,-5.82)	7.24	-126.40
(1,-1)	5	25	r1	r2	(5.82,-4.29)	7.24	-36.40
(1,1)	19	7	r2	r1	(3.12,6.53)	7.24	64.48
(1,1)	29	17	r2	r1	(4.29,5.82)	7.24	53.60
(-1,1)	31	11	r2	r1	(-6.53,3.12)	7.24	154.48
(-1,-1)	7	19	r1	r2	(-3.12,-6.53)	7.24	-115.52
(-1,-1)	34	12	r2	r1	(-3.12,-6.53)	7.24	-115.52
(1,-1)	11	31	r1	r2	(6.53,-3.12)	7.24	-25.52
(1,-1)	22	8	r2	r1	(6.53,-3.12)	7.24	-25.52
(1,-1)	28	14	r2	r1	(5.82,-4.29)	7.24	-36.40
(1,1)	5	33	r1	r2	(5.59,4.65)	7.27	39.75
(1,1)	6	22	r1	r2	(1.47,7.12)	7.27	78.33
(1,1)	20	14	r2	r1	(5.59,4.65)	7.27	39.75
(1,1)	31	13	r2	r1	(1.47,7.12)	7.27	78.33
(-1,1)	2	26	r1	r2	(-4.65,5.59)	7.27	129.75
(-1,1)	15	19	r1	r2	(-7.12,1.47)	7.27	168.33
(-1,1)	27	17	r2	r1	(-4.65,5.59)	7.27	129.75
(-1,1)	34	4	r2	r1	(-7.12,1.47)	7.27	168.33
(-1,-1)	13	31	r1	r2	(-1.47,-7.12)	7.27	-101.67
(-1,-1)	14	20	r1	r2	(-5.59,-4.65)	7.27	-140.25
(-1,-1)	22	6	r2	r1	(-1.47,-7.12)	7.27	-101.67
(-1,-1)	33	5	r2	r1	(-5.59,-4.65)	7.27	-140.25
(1,-1)	4	34	r1	r2	(7.12,-1.47)	7.27	-11.67
(1,-1)	19	15	r2	r1	(7.12,-1.47)	7.27	-11.67
(1,-1)	26	2	r2	r1	(4.65,-5.59)	7.27	-50.25
(1,-1)	17	27	r1	r2	(4.65,-5.59)	7.27	-50.25
(1,0)	3	32	r1	r2	(7.06,1.76)	7.28	14.04
(1,0)	21	16	r2	r1	(7.06,1.76)	7.28	14.04
(-1,0)	16	21	r1	r2	(-7.06,-1.76)	7.28	-165.96
(-1,0)	32	3	r2	r1	(-7.06,-1.76)	7.28	-165.96
(0,1)	10	30	r1	r2	(-1.76,7.06)	7.28	104.04
(0,1)	23	9	r2	r1	(-1.76,7.06)	7.28	104.04
(0,-1)	9	23	r1	r2	(1.76,-7.06)	7.28	-75.96
(0,-1)	30	10	r2	r1	(1.76,-7.06)	7.28	-75.96
(1,1)	8	33	r1	r2	(4.59,5.65)	7.28	50.91
(1,1)	20	11	r2	r1	(4.59,5.65)	7.28	50.91
(-1,1)	7	26	r1	r2	(-5.65,4.59)	7.28	140.91
(-1,1)	15	24	r1	r2	(-6.71,2.82)	7.28	157.17
(-1,1)	27	12	r2	r1	(-5.65,4.59)	7.28	140.91
(-1,-1)	11	20	r1	r2	(-4.59,-5.65)	7.28	-129.09
(-1,-1)	33	8	r2	r1	(-4.59,-5.65)	7.28	-129.09
(1,-1)	4	29	r1	r2	(6.71,-2.82)	7.28	-22.83
(1,-1)	12	27	r1	r2	(5.65,-4.59)	7.28	-39.09
(1,-1)	26	7	r2	r1	(5.65,-4.59)	7.28	-39.09
(1,1)	6	25	r1	r2	(2.82,6.71)	7.28	67.17
(1,1)	28	13	r2	r1	(2.82,6.71)	7.28	67.17
(-1,1)	29	4	r2	r1	(-6.71,2.82)	7.28	157.17
(-1,-1)	13	28	r1	r2	(-2.82,-6.71)	7.28	-112.83
(-1,-1)	25	6	r2	r1	(-2.82,-6.71)	7.28	-112.83
(1,-1)	24	15	r2	r1	(6.71,-2.82)	7.28	-22.83
(1,0)	19	34	r2	r2	(5.24,5.06)	7.28	44.02
(0,1)	31	22	r2	r2	(-5.06,5.24)	7.28	134.02
(1,1)	20	27	r2	r2	(5.24,5.06)	7.28	44.02
(1,1)	21	28	r2	r2	(5.24,5.06)	7.28	44.02
(1,1)	22	29	r2	r2	(5.24,5.06)	7.28	44.02
(1,1)	26	33	r2	r2	(5.24,5.06)	7.28	44.02
(-1,1)	1	21	r1	r2	(-5.06,5.24)	7.28	134.02
(-1,1)	18	21	r2	r2	(-5.06,5.24)	7.28	134.02
(-1,1)	19	25	r2	r2	(-5.06,5.24)	7.28	134.02
(-1,1)	20	26	r2	r2	(-5.06,5.24)	7.28	134.02
(-1,1)	23	29	r2	r2	(-5.06,5.24)	7.28	134.02
(-1,1)	27	33	r2	r2	(-5.06,5.24)	7.28	134.02
(-1,-1)	27	20	r2	r2	(-5.24,-5.06)	7.28	-135.98
(-1,-1)	28	21	r2	r2	(-5.24,-5.06)	7.28	-135.98
(-1,-1)	32	25	r2	r2	(-5.24,-5.06)	7.28	-135.98
(-1,-1)	33	26	r2	r2	(-5.24,-5.06)	7.28	-135.98
(1,-1)	26	20	r2	r2	(5.06,-5.24)	7.28	-45.98
(1,-1)	30	24	r2	r2	(5.06,-5.24)	7.28	-45.98
(1,0)	1	14	r1	r1	(7.00,2.00)	7.28	15.95
(1,0)	1	30	r1	r2	(5.24,5.06)	7.28	44.02
(1,0)	2	15	r1	r1	(7.00,2.00)	7.28	15.95
(1,0)	3	16	r1	r1	(7.00,2.00)	7.28	15.95
(1,0)	4	17	r1	r1	(7.00,2.00)	7.28	15.95
(1,0)	5	14	r1	r1	(7.00,-2.00)	7.28	-15.95
(1,0)	18	14	r2	r1	(7.00,2.00)	7.28	15.95
(1,0)	18	30	r2	r2	(5.24,5.06)	7.28	44.02
(1,0)	20	31	r2	r2	(7.12,1.53)	7.28	12.13
(1,0)	21	32	r2	r2	(7.12,1.53)	7.28	12.13
(1,0)	22	33	r2	r2	(7.12,1.53)	7.28	12.13
(-1,0)	14	1	r1	r1	(-7.00,-2.00)	7.28	-164.05
(-1,0)	14	5	r1	r1	(-7.00,2.00)	7.28	164.05
(-1,0)	14	18	r1	r2	(-7.00,-2.00)	7.28	-164.05
(-1,0)	15	2	r1	r1	(-7.00,-2.00)	7.28	-164.05
(-1,0)	16	3	r1	r1	(-7.00,-2.00)	7.28	-164.05
(-1,0)	17	4	r1	r1	(-7.00,-2.00)	7.28	-164.05
(-1,0)	30	1	r2	r1	(-5.24,-5.06)	7.28	-135.98
(-1,0)	30	18	r2	r2	(-5.24,-5.06)	7.28	-135.98
(-1,0)	31	20	r2	r2	(-7.12,-1.53)	7.28	-167.87
(-1,0)	32	21	r2	r2	(-7.12,-1.53)	7.28	-167.87
(-1,0)	33	22	r2	r2	(-7.12,-1.53)	7.28	-167.87
(-1,0)	34	19	r2	r2	(-5.24,-5.06)	7.28	-135.98
(0,1)	1	16	r1	r1	(2.00,7.00)	7.28	74.05
(0,1)	1	22	r1	r2	(-1.53,7.12)	7.28	102.13
(0,1)	2	17	r1	r1	(2.00,7.00)	7.28	74.05
(0,1)	6	5	r1	r1	(-2.00,7.00)	7.28	105.95
(0,1)	10	9	r1	r1	(-2.00,7.00)	7.28	105.95
(0,1)	14	13	r1	r1	(-2.00,7.00)	7.28	105.95
(0,1)	18	16	r2	r1	(2.00,7.00)	7.28	74.05
(0,1)	18	22	r2	r2	(-1.53,7.12)	7.28	102.13
(0,1)	19	26	r2	r2	(-1.53,7.12)	7.28	102.13
(0,1)	23	30	r2	r2	(-1.53,7.12)	7.28	102.13
(0,1)	27	34	r2	r2	(-1.53,7.12)	7.28	102.13
(0,-1)	5	6	r1	r1	(2.00,-7.00)	7.28	-74.05
(0,-1)	9	10	r1	r1	(2.00,-7.00)	7.28	-74.05
(0,-1)	13	14	r1	r1	(2.00,-7.00)	7.28	-74.05
(0,-1)	16	1	r1	r1	(-2.00,-7.00)	7.28	-105.95
(0,-1)	16	18	r1	r2	(-2.00,-7.00)	7.28	-105.95
(0,-1)	17	2	r1	r1	(-2.00,-7.00)	7.28	-105.95
(0,-1)	22	1	r2	r1	(1.53,-7.12)	7.28	-77.87
(0,-1)	22	18	r2	r2	(1.53,-7.12)	7.28	-77.87
(0,-1)	22	31	r2	r2	(5.06,-5.24)	7.28	-45.98
(0,-1)	26	19	r2	r2	(1.53,-7.12)	7.28	-77.87
(0,-1)	30	23	r2	r2	(1.53,-7.12)	7.28	-77.87
(0,-1)	34	27	r2	r2	(1.53,-7.12)	7.28	-77.87
(1,1)	6	4	r1	r1	(2.00,7.00)	7.28	74.05
(1,1)	7	5	r1	r1	(2.00,7.00)	7.28	74.05
(1,1)	10	8	r1	r1	(2.00,7.00)	7.28	74.05
(1,1)	11	9	r1	r1	(2.00,7.00)	7.28	74.05
(1,1)	14	12	r1	r1	(2.00,7.00)	7.28	74.05
(1,1)	15	13	r1	r1	(2.00,7.00)	7.28	74.05
(1,1)	24	31	r2	r2	(5.24,5.06)	7.28	44.02
(1,1)	25	32	r2	r2	(5.24,5.06)	7.28	44.02
(-1,1)	1	17	r1	r1	(-2.00,7.00)	7.28	105.95
(-1,1)	10	1	r1	r1	(-7.00,2.00)	7.28	164.05
(-1,1)	10	18	r1	r2	(-7.00,2.00)	7.28	164.05
(-1,1)	11	2	r1	r1	(-7.00,2.00)	7.28	164.05
(-1,1)	12	3	r1	r1	(-7.00,2.00)	7.28	164.05
(-1,1)	13	4	r1	r1	(-7.00,2.00)	7.28	164.05
(-1,1)	15	6	r1	r1	(-7.00,2.00)	7.28	164.05
(-1,1)	16	7	r1	r1	(-7.00,2.00)	7.28	164.05
(-1,1)	17	8	r1	r1	(-7.00,2.00)	7.28	164.05
(-1,1)	18	17	r2	r1	(-2.00,7.00)	7.28	105.95
(-1,1)	24	30	r2	r2	(-5.06,5.24)	7.28	134.02
(-1,1)	28	34	r2	r2	(-5.06,5.24)	7.28	134.02
(-1,1)	34	1	r2	r1	(-7.12,-1.53)	7.28	-167.87
(-1,1)	34	18	r2	r2	(-7.12,-1.53)	7.28	-167.87
(-1,-1)	4	6	r1	r1	(-2.00,-7.00)	7.28	-105.95
(-1,-1)	5	7	r1	r1	(-2.00,-7.00)	7.28	-105.95
(-1,-1)	8	10	r1	r1	(-2.00,-7.00)	7.28	-105.95
(-1,-1)	9	11	r1	r1	(-2.00,-7.00)	7.28	-105.95
(-1,-1)	12	14	r1	r1	(-2.00,-7.00)	7.28	-105.95
(-1,-1)	13	15	r1	r1	(-2.00,-7.00)	7.28	-105.95
(-1,-1)	29	22	r2	r2	(-5.24,-5.06)	7.28	-135.98
(-1,-1)	31	24	r2	r2	(-5.24,-5.06)	7.28	-135.98
(1,-1)	1	10	r1	r1	(7.00,-2.00)	7.28	-15.95
(1,-1)	1	34	r1	r2	(7.12,1.53)	7.28	12.13
(1,-1)	2	11	r1	r1	(7.00,-2.00)	7.28	-15.95
(1,-1)	3	12	r1	r1	(7.00,-2.00)	7.28	-15.95
(1,-1)	4	13	r1	r1	(7.00,-2.00)	7.28	-15.95
(1,-1)	6	15	r1	r1	(7.00,-2.00)	7.28	-15.95
(1,-1)	7	16	r1	r1	(7.00,-2.00)	7.28	-15.95
(1,-1)	8	17	r1	r1	(7.00,-2.00)	7.28	-15.95
(1,-1)	17	1	r1	r1	(2.00,-7.00)	7.28	-74.05
(1,-1)	17	18	r1	r2	(2.00,-7.00)	7.28	-74.05
(1,-1)	18	10	r2	r1	(7.00,-2.00)	7.28	-15.95
(1,-1)	18	34	r2	r2	(7.12,1.53)	7.28	12.13
(1,-1)	21	1	r2	r1	(5.06,-5.24)	7.28	-45.98
(1,-1)	29	23	r2	r2	(5.06,-5.24)	7.28	-45.98
(1,-1)	33	27	r2	r2	(5.06,-5.24)	7.28	-45.98
(1,-1)	34	28	r2	r2	(5.06,-5.24)	7.28	-45.98
(1,-1)	21	18	r2	r2	(5.06,-5.24)	7.28	-45.98
(1,-1)	25	19	r2	r2	(5.06,-5.24)	7.28	-45.98
(1,1)	14	29	r1	r2	(1.71,7.18)	7.38	76.63
(-1,1)	17	25	r1	r2	(-7.18,1.71)	7.38	166.63
(-1,1)	28	2	r2	r1	(-7.18,1.71)	7.38	166.63
(-1,-1)	5	24	r1	r2	(-1.71,-7.18)	7.38	-103.37
(-1,-1)	29	14	r2	r1	(-1.71,-7.18)	7.38	-103.37
(1,-1)	2	28	r1	r2	(7.18,-1.71)	7.38	-13.37
(1,1)	7	31	r1	r2	(5.53,4.88)	7.38	41.44
(1,1)	22	12	r2	r1	(5.53,4.88)	7.38	41.44
(1,1)	24	5	r2	r1	(1.71,7.18)	7.38	76.63
(-1,1)	11	34	r1	r2	(-4.88,5.53)	7.38	131.44
(-1,1)	19	8	r2	r1	(-4.88,5.53)	7.38	131.44
(-1,-1)	12	22	r1	r2	(-5.53,-4.88)	7.38	-138.56
(-1,-1)	31	7	r2	r1	(-5.53,-4.88)	7.38	-138.56
(1,-1)	8	19	r1	r2	(4.88,-5.53)	7.38	-48.56
(1,-1)	25	17	r2	r1	(7.18,-1.71)	7.38	-13.37
(1,-1)	34	11	r2	r1	(4.88,-5.53)	7.38	-48.56
(1,1)	3	26	r1	r2	(3.35,6.59)	7.39	63.03
(1,1)	4	30	r1	r2	(4.24,6.06)	7.39	55.05
(1,1)	23	15	r2	r1	(4.24,6.06)	7.39	55.05
(1,1)	27	16	r2	r1	(3.35,6.59)	7.39	63.03
(-1,1)	6	21	r1	r2	(-6.06,4.24)	7.39	145.05
(-1,1)	10	20	r1	r2	(-6.59,3.35)	7.39	153.03
(-1,1)	32	13	r2	r1	(-6.06,4.24)	7.39	145.05
(-1,1)	33	9	r2	r1	(-6.59,3.35)	7.39	153.03
(-1,-1)	15	23	r1	r2	(-4.24,-6.06)	7.39	-124.95
(-1,-1)	16	27	r1	r2	(-3.35,-6.59)	7.39	-116.97
(-1,-1)	26	3	r2	r1	(-3.35,-6.59)	7.39	-116.97
(-1,-1)	30	4	r2	r1	(-4.24,-6.06)	7.39	-124.95
(1,-1)	9	33	r1	r2	(6.59,-3.35)	7.39	-26.97
(1,-1)	13	32	r1	r2	(6.06,-4.24)	7.39	-34.95
(1,-1)	20	10	r2	r1	(6.59,-3.35)	7.39	-26.97
(1,-1)	21	6	r2	r1	(6.06,-4.24)	7.39	-34.95
(1,1)	3	28	r1	r2	(5.18,5.29)	7.40	45.64
(1,1)	11	30	r1	r2	(2.24,7.06)	7.40	72.43
(1,1)	23	8	r2	r1	(2.24,7.06)	7.40	72.43
(-1,1)	10	29	r1	r2	(-5.29,5.18)	7.40	135.64
(-1,1)	12	21	r1	r2	(-7.06,2.24)	7.40	162.43
(-1,1)	32	7	r2	r1	(-7.06,2.24)	7.40	162.43
(-1,-1)	8	23	r1	r2	(-2.24,-7.06)	7.40	-107.57
(-1,-1)	16	25	r1	r2	(-5.18,-5.29)	7.40	-134.36
(-1,-1)	28	3	r2	r1	(-5.18,-5.29)	7.40	-134.36
(-1,-1)	30	11	r2	r1	(-2.24,-7.06)	7.40	-107.57
(1,-1)	7	32	r1	r2	(7.06,-2.24)	7.40	-17.57
(1,-1)	9	24	r1	r2	(5.29,-5.18)	7.40	-44.36
(1,-1)	21	12	r2	r1	(7.06,-2.24)	7.40	-17.57
(1,-1)	29	10	r2	r1	(5.29,-5.18)	7.40	-44.36
(1,1)	25	16	r2	r1	(5.18,5.29)	7.40	45.64
(-1,1)	24	9	r2	r1	(-5.29,5.18)	7.40	135.64
(1,1)	10	31	r1	r2	(4.53,5.88)	7.42	52.40
(1,1)	14	32	r1	r2	(3.06,6.76)	7.42	65.67
(1,1)	21	5	r2	r1	(3.06,6.76)	7.42	65.67
(1,1)	22	9	r2	r1	(4.53,5.88)	7.42	52.40
(-1,1)	16	34	r1	r2	(-5.88,4.53)	7.42	142.40
(-1,1)	17	30	r1	r2	(-6.76,3.06)	7.42	155.67
(-1,1)	19	3	r2	r1	(-5.88,4.53)	7.42	142.40
(-1,1)	23	2	r2	r1	(-6.76,3.06)	7.42	155.67
(-1,-1)	5	21	r1	r2	(-3.06,-6.76)	7.42	-114.33
(-1,-1)	9	22	r1	r2	(-4.53,-5.88)	7.42	-127.60
(-1,-1)	31	10	r2	r1	(-4.53,-5.88)	7.42	-127.60
(-1,-1)	32	14	r2	r1	(-3.06,-6.76)	7.42	-114.33
(1,-1)	2	23	r1	r2	(6.76,-3.06)	7.42	-24.33
(1,-1)	3	19	r1	r2	(5.88,-4.53)	7.42	-37.60
(1,-1)	30	17	r2	r1	(6.76,-3.06)	7.42	-24.33
(1,-1)	34	16	r2	r1	(5.88,-4.53)	7.42	-37.60
(1,0)	2	33	r1	r2	(6.59,3.65)	7.53	28.97
(1,0)	20	17	r2	r1	(6.59,3.65)	7.53	28.97
(-1,0)	17	20	r1	r2	(-6.59,-3.65)	7.53	-151.03
(-1,0)	33	2	r2	r1	(-6.59,-3.65)	7.53	-151.03
(0,1)	14	26	r1	r2	(-3.65,6.59)	7.53	118.97
(0,1)	27	5	r2	r1	(-3.65,6.59)	7.53	118.97
(0,-1)	5	27	r1	r2	(3.65,-6.59)	7.53	-61.03
(0,-1)	26	14	r2	r1	(3.65,-6.59)	7.53	-61.03
(1,0)	4	31	r1	r2	(7.53,-0.12)	7.53	-0.90
(1,0)	22	15	r2	r1	(7.53,-0.12)	7.53	-0.90
(-1,0)	15	22	r1	r2	(-7.53,0.12)	7.53	179.10
(-1,0)	31	4	r2	r1	(-7.53,0.12)	7.53	179.10
(0,1)	6	34	r1	r2	(0.12,7.53)	7.53	89.10
(0,1)	19	13	r2	r1	(0.12,7.53)	7.53	89.10
(0,-1)	13	19	r1	r2	(-0.12,-7.53)	7.53	-90.90
(0,-1)	34	6	r2	r1	(-0.12,-7.53)	7.53	-90.90
(1,1)	5	34	r1	r2	(5.12,5.53)	7.53	47.21
(1,1)	19	14	r2	r1	(5.12,5.53)	7.53	47.21
(-1,1)	2	22	r1	r2	(-5.53,5.12)	7.53	137.21
(-1,1)	31	17	r2	r1	(-5.53,5.12)	7.53	137.21
(-1,-1)	14	19	r1	r2	(-5.12,-5.53)	7.53	-132.79
(-1,-1)	34	5	r2	r1	(-5.12,-5.53)	7.53	-132.79
(1,-1)	22	2	r2	r1	(5.53,-5.12)	7.53	-42.79
(1,1)	2	22	r1	r2	(2.47,7.12)	7.53	70.86
(1,1)	31	17	r2	r1	(2.47,7.12)	7.53	70.86
(-1,1)	14	19	r1	r2	(-7.12,2.47)	7.53	160.86
(-1,1)	34	5	r2	r1	(-7.12,2.47)	7.53	160.86
(-1,-1)	17	31	r1	r2	(-2.47,-7.12)	7.53	-109.14
(-1,-1)	22	2	r2	r1	(-2.47,-7.12)	7.53	-109.14
(1,-1)	5	34	r1	r2	(7.12,-2.47)	7.53	-19.14
(1,-1)	17	31	r1	r2	(5.53,-5.12)	7.53	-42.79
(1,-1)	19	14	r2	r1	(7.12,-2.47)	7.53	-19.14
(1,1)	6	28	r1	r2	(4.18,6.29)	7.55	56.43
(1,1)	11	33	r1	r2	(3.59,6.65)	7.55	61.64
(-1,1)	12	26	r1	r2	(-6.65,3.59)	7.55	151.64
(-1,1)	15	29	r1	r2	(-6.29,4.18)	7.55	146.43
(-1,-1)	8	20	r1	r2	(-3.59,-6.65)	7.55	-118.36
(-1,-1)	13	25	r1	r2	(-4.18,-6.29)	7.55	-123.57
(-1,-1)	28	6	r2	r1	(-4.18,-6.29)	7.55	-123.57
(-1,-1)	33	11	r2	r1	(-3.59,-6.65)	7.55	-118.36
(1,-1)	4	24	r1	r2	(6.29,-4.18)	7.55	-33.57
(1,-1)	26	12	r2	r1	(6.65,-3.59)	7.55	-28.36
(1,-1)	29	15	r2	r1	(6.29,-4.18)	7.55	-33.57
(1,1)	20	8	r2	r1	(3.59,6.65)	7.55	61.64
(1,1)	25	13	r2	r1	(4.18,6.29)	7.55	56.43
(-1,1)	24	4	r2	r1	(-6.29,4.18)	7.55	146.43
(-1,1)	27	7	r2	r1	(-6.65,3.59)	7.55	151.64
(1,-1)	7	27	r1	r2	(6.65,-3.59)	7.55	-28.36
(1,0)	2	32	r1	r2	(7.06,2.76)	7.58	21.39
(1,0)	3	31	r1	r2	(7.53,0.88)	7.58	6.68
(1,0)	21	17	r2	r1	(7.06,2.76)	7.58	21.39
(1,0)	22	16	r2	r1	(7.53,0.88)	7.58	6.68
(-1,0)	16	22	r1	r2	(-7.53,-0.88)	7.58	-173.32
(-1,0)	17	21	r1	r2	(-7.06,-2.76)	7.58	-158.61
(-1,0)	31	3	r2	r1	(-7.53,-0.88)	7.58	-173.32
(-1,0)	32	2	r2	r1	(-7.06,-2.76)	7.58	-158.61
(0,1)	10	34	r1	r2	(-0.88,7.53)	7.58	96.68
(0,1)	14	30	r1	r2	(-2.76,7.06)	7.58	111.39
(0,1)	19	9	r2	r1	(-0.88,7.53)	7.58	96.68
(0,1)	23	5	r2	r1	(-2.76,7.06)	7.58	111.39
(0,-1)	5	23	r1	r2	(2.76,-7.06)	7.58	-68.61
(0,-1)	9	19	r1	r2	(0.88,-7.53)	7.58	-83.32
(0,-1)	30	14	r2	r1	(2.76,-7.06)	7.58	-68.61
(0,-1)	34	10	r2	r1	(0.88,-7.53)	7.58	-83.32
(1,1)	4	31	r1	r2	(6.53,3.88)	7.60	30.74
(1,1)	14	26	r1	r2	(0.35,7.59)	7.60	87.34
(1,1)	22	15	r2	r1	(6.53,3.88)	7.60	30.74
(1,1)	27	5	r2	r1	(0.35,7.59)	7.60	87.34
(-1,1)	6	34	r1	r2	(-3.88,6.53)	7.60	120.74
(-1,1)	17	20	r1	r2	(-7.59,0.35)	7.60	177.34
(-1,1)	19	13	r2	r1	(-3.88,6.53)	7.60	120.74
(-1,1)	33	2	r2	r1	(-7.59,0.35)	7.60	177.34
(-1,-1)	5	27	r1	r2	(-0.35,-7.59)	7.60	-92.66
(-1,-1)	15	22	r1	r2	(-6.53,-3.88)	7.60	-149.26
(-1,-1)	26	14	r2	r1	(-0.35,-7.59)	7.60	-92.66
(-1,-1)	31	4	r2	r1	(-6.53,-3.88)	7.60	-149.26
(1,-1)	2	33	r1	r2	(7.59,-0.35)	7.60	-2.66
(1,-1)	13	19	r1	r2	(3.88,-6.53)	7.60	-59.26
(1,-1)	20	17	r2	r1	(7.59,-0.35)	7.60	-2.66
(1,-1)	34	6	r2	r1	(3.88,-6.53)	7.60	-59.26
(1,0)	2	34	r1	r2	(6.12,4.53)	7.61	36.52
(1,0)	19	17	r2	r1	(6.12,4.53)	7.61	36.52
(-1,0)	17	19	r1	r2	(-6.12,-4.53)	7.61	-143.48
(-1,0)	34	2	r2	r1	(-6.12,-4.53)	7.61	-143.48
(0,1)	14	22	r1	r2	(-4.53,6.12)	7.61	126.52
(0,1)	31	5	r2	r1	(-4.53,6.12)	7.61	126.52
(0,-1)	5	31	r1	r2	(4.53,-6.12)	7.61	-53.48
(0,-1)	22	14	r2	r1	(4.53,-6.12)	7.61	-53.48
(1,0)	5	31	r1	r2	(7.53,-1.12)	7.61	-8.44
(1,0)	22	14	r2	r1	(7.53,-1.12)	7.61	-8.44
(-1,0)	14	22	r1	r2	(-7.53,1.12)	7.61	171.56
(-1,0)	31	5	r2	r1	(-7.53,1.12)	7.61	171.56
(0,1)	2	34	r1	r2	(1.12,7.53)	7.61	81.56
(0,1)	19	17	r2	r1	(1.12,7.53)	7.61	81.56
(0,-1)	17	19	r1	r2	(-1.12,-7.53)	7.61	-98.44
(0,-1)	34	2	r2	r1	(-1.12,-7.53)	7.61	-98.44
(1,0)	21	31	r2	r2	(7.59,0.65)	7.62	4.87
(1,0)	22	32	r2	r2	(7.59,0.65)	7.62	4.87
(-1,0)	31	21	r2	r2	(-7.59,-0.65)	7.62	-175.13
(-1,0)	32	22	r2	r2	(-7.59,-0.65)	7.62	-175.13
(0,1)	1	26	r1	r2	(-0.65,7.59)	7.62	94.87
(0,1)	18	26	r2	r2	(-0.65,7.59)	7.62	94.87
(0,1)	19	30	r2	r2	(-0.65,7.59)	7.62	94.87
(0,1)	23	34	r2	r2	(-0.65,7.59)	7.62	94.87
(0,-1)	26	1	r2	r1	(0.65,-7.59)	7.62	-85.13
(0,-1)	26	18	r2	r2	(0.65,-7.59)	7.62	-85.13
(0,-1)	30	19	r2	r2	(0.65,-7.59)	7.62	-85.13
(0,-1)	34	23	r2	r2	(0.65,-7.59)	7.62	-85.13
(1,1)	19	27	r2	r2	(4.76,5.94)	7.62	51.27
(1,1)	20	28	r2	r2	(4.76,5.94)	7.62	51.27
(1,1)	21	29	r2	r2	(4.76,5.94)	7.62	51.27
(1,1)	23	31	r2	r2	(4.76,5.94)	7.62	51.27
(1,1)	25	33	r2	r2	(4.76,5.94)	7.62	51.27
(1,1)	26	34	r2	r2	(4.76,5.94)	7.62	51.27
(-1,1)	19	21	r2	r2	(-5.94,4.76)	7.62	141.27
(-1,1)	20	22	r2	r2	(-5.94,4.76)	7.62	141.27
(-1,1)	23	25	r2	r2	(-5.94,4.76)	7.62	141.27
(-1,1)	24	26	r2	r2	(-5.94,4.76)	7.62	141.27
(-1,1)	27	29	r2	r2	(-5.94,4.76)	7.62	141.27
(-1,1)	31	33	r2	r2	(-5.94,4.76)	7.62	141.27
(-1,1)	33	1	r2	r1	(-7.59,-0.65)	7.62	-175.13
(-1,1)	33	18	r2	r2	(-7.59,-0.65)	7.62	-175.13
(-1,-1)	28	20	r2	r2	(-4.76,-5.94)	7.62	-128.73
(-1,-1)	33	25	r2	r2	(-4.76,-5.94)	7.62	-128.73
(1,-1)	1	33	r1	r2	(7.59,0.65)	7.62	4.87
(1,-1)	18	33	r2	r2	(7.59,0.65)	7.62	4.87
(1,-1)	26	24	r2	r2	(5.94,-4.76)	7.62	-38.73
(1,-1)	29	27	r2	r2	(5.94,-4.76)	7.62	-38.73
(1,-1)	30	28	r2	r2	(5.94,-4.76)	7.62	-38.73
(1,0)	1	15	r1	r1	(7.00,3.00)	7.62	23.20
(1,0)	2	16	r1	r1	(7.00,3.00)	7.62	23.20
(1,0)	3	17	r1	r1	(7.00,3.00)	7.62	23.20
(1,0)	18	15	r2	r1	(7.00,3.00)	7.62	23.20
(-1,0)	15	1	r1	r1	(-7.00,-3.00)	7.62	-156.80
(-1,0)	15	18	r1	r2	(-7.00,-3.00)	7.62	-156.80
(-1,0)	16	2	r1	r1	(-7.00,-3.00)	7.62	-156.80
(-1,0)	17	3	r1	r1	(-7.00,-3.00)	7.62	-156.80
(0,1)	10	5	r1	r1	(-3.00,7.00)	7.62	113.20
(0,1)	14	9	r1	r1	(-3.00,7.00)	7.62	113.20
(0,-1)	5	10	r1	r1	(3.00,-7.00)	7.62	-66.80
(0,-1)	9	14	r1	r1	(3.00,-7.00)	7.62	-66.80
(1,1)	1	3	r1	r1	(3.00,7.00)	7.62	66.80
(1,1)	1	23	r1	r2	(4.76,5.94)	7.62	51.27
(1,1)	2	4	r1	r1	(3.00,7.00)	7.62	66.80
(1,1)	3	5	r1	r1	(3.00,7.00)	7.62	66.80
(1,1)	6	8	r1	r1	(3.00,7.00)	7.62	66.80
(1,1)	7	9	r1	r1	(3.00,7.00)	7.62	66.80
(1,1)	10	12	r1	r1	(3.00,7.00)	7.62	66.80
(1,1)	11	13	r1	r1	(3.00,7.00)	7.62	66.80
(1,1)	14	16	r1	r1	(3.00,7.00)	7.62	66.80
(1,1)	15	17	r1	r1	(3.00,7.00)	7.62	66.80
(1,1)	18	3	r2	r1	(3.00,7.00)	7.62	66.80
(1,1)	18	23	r2	r2	(4.76,5.94)	7.62	51.27
(1,1)	22	30	r2	r2	(4.76,5.94)	7.62	51.27
(1,1)	24	32	r2	r2	(4.76,5.94)	7.62	51.27
(-1,1)	1	13	r1	r1	(-3.00,7.00)	7.62	113.20
(-1,1)	10	2	r1	r1	(-7.00,3.00)	7.62	156.80
(-1,1)	11	3	r1	r1	(-7.00,3.00)	7.62	156.80
(-1,1)	12	4	r1	r1	(-7.00,3.00)	7.62	156.80
(-1,1)	13	5	r1	r1	(-7.00,3.00)	7.62	156.80
(-1,1)	14	6	r1	r1	(-7.00,3.00)	7.62	156.80
(-1,1)	15	7	r1	r1	(-7.00,3.00)	7.62	156.80
(-1,1)	16	8	r1	r1	(-7.00,3.00)	7.62	156.80
(-1,1)	17	9	r1	r1	(-7.00,3.00)	7.62	156.80
(-1,1)	18	13	r2	r1	(-3.00,7.00)	7.62	113.20
(-1,1)	28	30	r2	r2	(-5.94,4.76)	7.62	141.27
(-1,1)	32	34	r2	r2	(-5.94,4.76)	7.62	141.27
(-1,-1)	3	1	r1	r1	(-3.00,-7.00)	7.62	-113.20
(-1,-1)	3	18	r1	r2	(-3.00,-7.00)	7.62	-113.20
(-1,-1)	4	2	r1	r1	(-3.00,-7.00)	7.62	-113.20
(-1,-1)	5	3	r1	r1	(-3.00,-7.00)	7.62	-113.20
(-1,-1)	8	6	r1	r1	(-3.00,-7.00)	7.62	-113.20
(-1,-1)	9	7	r1	r1	(-3.00,-7.00)	7.62	-113.20
(-1,-1)	12	10	r1	r1	(-3.00,-7.00)	7.62	-113.20
(-1,-1)	13	11	r1	r1	(-3.00,-7.00)	7.62	-113.20
(-1,-1)	16	14	r1	r1	(-3.00,-7.00)	7.62	-113.20
(-1,-1)	17	15	r1	r1	(-3.00,-7.00)	7.62	-113.20
(-1,-1)	23	1	r2	r1	(-4.76,-5.94)	7.62	-128.73
(-1,-1)	23	18	r2	r2	(-4.76,-5.94)	7.62	-128.73
(-1,-1)	27	19	r2	r2	(-4.76,-5.94)	7.62	-128.73
(-1,-1)	29	21	r2	r2	(-4.76,-5.94)	7.62	-128.73
(-1,-1)	30	22	r2	r2	(-4.76,-5.94)	7.62	-128.73
(-1,-1)	31	23	r2	r2	(-4.76,-5.94)	7.62	-128.73
(-1,-1)	32	24	r2	r2	(-4.76,-5.94)	7.62	-128.73
(-1,-1)	34	26	r2	r2	(-4.76,-5.94)	7.62	-128.73
(1,-1)	2	10	r1	r1	(7.00,-3.00)	7.62	-23.20
(1,-1)	3	11	r1	r1	(7.00,-3.00)	7.62	-23.20
(1,-1)	4	12	r1	r1	(7.00,-3.00)	7.62	-23.20
(1,-1)	5	13	r1	r1	(7.00,-3.00)	7.62	-23.20
(1,-1)	6	14	r1	r1	(7.00,-3.00)	7.62	-23.20
(1,-1)	7	15	r1	r1	(7.00,-3.00)	7.62	-23.20
(1,-1)	8	16	r1	r1	(7.00,-3.00)	7.62	-23.20
(1,-1)	9	17	r1	r1	(7.00,-3.00)	7.62	-23.20
(1,-1)	13	1	r1	r1	(3.00,-7.00)	7.62	-66.80
(1,-1)	13	18	r1	r2	(3.00,-7.00)	7.62	-66.80
(1,-1)	22	20	r2	r2	(5.94,-4.76)	7.62	-38.73
(1,-1)	34	32	r2	r2	(5.94,-4.76)	7.62	-38.73
(1,-1)	21	19	r2	r2	(5.94,-4.76)	7.62	-38.73
(1,-1)	25	23	r2	r2	(5.94,-4.76)	7.62	-38.73
(1,-1)	33	31	r2	r2	(5.94,-4.76)	7.62	-38.73
(1,1)	10	29	r1	r2	(2.71,7.18)	7.67	69.34
(-1,1)	16	25	r1	r2	(-7.18,2.71)	7.67	159.34
(1,1)	7	32	r1	r2	(5.06,5.76)	7.67	48.73
(1,1)	21	12	r2	r1	(5.06,5.76)	7.67	48.73
(-1,1)	11	30	r1	r2	(-5.76,5.06)	7.67	138.73
(-1,1)	23	8	r2	r1	(-5.76,5.06)	7.67	138.73
(-1,1)	28	3	r2	r1	(-7.18,2.71)	7.67	159.34
(-1,-1)	9	24	r1	r2	(-2.71,-7.18)	7.67	-110.66
(-1,-1)	12	21	r1	r2	(-5.06,-5.76)	7.67	-131.27
(-1,-1)	29	10	r2	r1	(-2.71,-7.18)	7.67	-110.66
(-1,-1)	32	7	r2	r1	(-5.06,-5.76)	7.67	-131.27
(1,-1)	3	28	r1	r2	(7.18,-2.71)	7.67	-20.66
(1,-1)	8	23	r1	r2	(5.76,-5.06)	7.67	-41.27
(1,-1)	30	11	r2	r1	(5.76,-5.06)	7.67	-41.27
(1,1)	24	9	r2	r1	(2.71,7.18)	7.67	69.34
(1,-1)	25	16	r2	r1	(7.18,-2.71)	7.67	-20.66
(1,1)	4	32	r1	r2	(6.06,4.76)	7.71	38.18
(1,1)	10	26	r1	r2	(1.35,7.59)	7.71	79.89
(1,1)	21	15	r2	r1	(6.06,4.76)	7.71	38.18
(1,1)	27	9	r2	r1	(1.35,7.59)	7.71	79.89
(-1,1)	6	30	r1	r2	(-4.76,6.06)	7.71	128.18
(-1,1)	16	20	r1	r2	(-7.59,1.35)	7.71	169.89
(-1,1)	23	13	r2	r1	(-4.76,6.06)	7.71	128.18
(-1,1)	33	3	r2	r1	(-7.59,1.35)	7.71	169.89
(-1,-1)	9	27	r1	r2	(-1.35,-7.59)	7.71	-100.11
(-1,-1)	15	21	r1	r2	(-6.06,-4.76)	7.71	-141.82
(-1,-1)	26	10	r2	r1	(-1.35,-7.59)	7.71	-100.11
(-1,-1)	32	4	r2	r1	(-6.06,-4.76)	7.71	-141.82
(1,-1)	3	33	r1	r2	(7.59,-1.35)	7.71	-10.11
(1,-1)	13	23	r1	r2	(4.76,-6.06)	7.71	-51.82
(1,-1)	20	16	r2	r1	(7.59,-1.35)	7.71	-10.11
(1,-1)	30	6	r2	r1	(4.76,-6.06)	7.71	-51.82
(1,1)	8	34	r1	r2	(4.12,6.53)	7.72	57.76
(1,1)	19	11	r2	r1	(4.12,6.53)	7.72	57.76
(-1,1)	7	22	r1	r2	(-6.53,4.12)	7.72	147.76
(-1,1)	14	24	r1	r2	(-6.71,3.82)	7.72	150.31
(-1,1)	31	12	r2	r1	(-6.53,4.12)	7.72	147.76
(-1,-1)	11	19	r1	r2	(-4.12,-6.53)	7.72	-122.24
(-1,-1)	34	8	r2	r1	(-4.12,-6.53)	7.72	-122.24
(1,-1)	5	29	r1	r2	(6.71,-3.82)	7.72	-29.69
(1,-1)	22	7	r2	r1	(6.53,-4.12)	7.72	-32.24
(1,1)	2	25	r1	r2	(3.82,6.71)	7.72	60.31
(1,1)	28	17	r2	r1	(3.82,6.71)	7.72	60.31
(-1,1)	29	5	r2	r1	(-6.71,3.82)	7.72	150.31
(-1,-1)	17	28	r1	r2	(-3.82,-6.71)	7.72	-119.69
(-1,-1)	25	2	r2	r1	(-3.82,-6.71)	7.72	-119.69
(1,-1)	12	31	r1	r2	(6.53,-4.12)	7.72	-32.24
(1,-1)	24	14	r2	r1	(6.71,-3.82)	7.72	-29.69
(1,0)	2	31	r1	r2	(7.53,1.88)	7.76	14.04
(1,0)	22	17	r2	r1	(7.53,1.88)	7.76	14.04
(-1,0)	17	22	r1	r2	(-7.53,-1.88)	7.76	-165.96
(-1,0)	31	2	r2	r1	(-7.53,-1.88)	7.76	-165.96
(0,1)	14	34	r1	r2	(-1.88,7.53)	7.76	104.04
(0,1)	19	5	r2	r1	(-1.88,7.53)	7.76	104.04
(0,-1)	5	19	r1	r2	(1.88,-7.53)	7.76	-75.96
(0,-1)	34	14	r2	r1	(1.88,-7.53)	7.76	-75.96
(1,1)	3	29	r1	r2	(4.71,6.18)	7.76	52.70
(-1,1)	10	25	r1	r2	(-6.18,4.71)	7.76	142.70
(-1,1)	11	21	r1	r2	(-7.06,3.24)	7.76	155.38
(-1,1)	28	9	r2	r1	(-6.18,4.71)	7.76	142.70
(-1,-1)	16	24	r1	r2	(-4.71,-6.18)	7.76	-127.30
(-1,-1)	29	3	r2	r1	(-4.71,-6.18)	7.76	-127.30
(1,-1)	9	28	r1	r2	(6.18,-4.71)	7.76	-37.30
(1,1)	7	30	r1	r2	(3.24,7.06)	7.76	65.38
(1,1)	23	12	r2	r1	(3.24,7.06)	7.76	65.38
(1,1)	24	16	r2	r1	(4.71,6.18)	7.76	52.70
(-1,1)	32	8	r2	r1	(-7.06,3.24)	7.76	155.38
(-1,-1)	12	23	r1	r2	(-3.24,-7.06)	7.76	-114.62
(-1,-1)	30	7	r2	r1	(-3.24,-7.06)	7.76	-114.62
(1,-1)	8	32	r1	r2	(7.06,-3.24)	7.76	-24.62
(1,-1)	21	11	r2	r1	(7.06,-3.24)	7.76	-24.62
(1,-1)	25	10	r2	r1	(6.18,-4.71)	7.76	-37.30
(0,1)	1	33	r1	r2	(1.59,7.65)	7.81	78.27
(0,1)	18	33	r2	r2	(1.59,7.65)	7.81	78.27
(0,-1)	33	1	r2	r1	(-1.59,-7.65)	7.81	-101.73
(0,-1)	33	18	r2	r2	(-1.59,-7.65)	7.81	-101.73
(1,1)	19	22	r2	r2	(1.59,7.65)	7.81	78.27
(1,1)	20	26	r2	r2	(2.94,7.24)	7.81	67.88
(1,1)	23	26	r2	r2	(1.59,7.65)	7.81	78.27
(1,1)	23	29	r2	r2	(2.94,7.24)	7.81	67.88
(1,1)	27	30	r2	r2	(1.59,7.65)	7.81	78.27
(1,1)	27	33	r2	r2	(2.94,7.24)	7.81	67.88
(1,1)	31	34	r2	r2	(1.59,7.65)	7.81	78.27
(-1,1)	27	1	r2	r1	(-7.65,1.59)	7.81	168.27
(-1,1)	27	20	r2	r2	(-7.24,2.94)	7.81	157.88
(-1,1)	28	21	r2	r2	(-7.24,2.94)	7.81	157.88
(-1,1)	31	19	r2	r2	(-7.65,1.59)	7.81	168.27
(-1,1)	31	24	r2	r2	(-7.24,2.94)	7.81	157.88
(-1,1)	32	20	r2	r2	(-7.65,1.59)	7.81	168.27
(-1,1)	32	25	r2	r2	(-7.24,2.94)	7.81	157.88
(-1,1)	33	21	r2	r2	(-7.65,1.59)	7.81	168.27
(-1,1)	33	26	r2	r2	(-7.24,2.94)	7.81	157.88
(-1,1)	34	22	r2	r2	(-7.65,1.59)	7.81	168.27
(-1,-1)	22	19	r2	r2	(-1.59,-7.65)	7.81	-101.73
(-1,-1)	26	20	r2	r2	(-2.94,-7.24)	7.81	-112.12
(-1,-1)	26	23	r2	r2	(-1.59,-7.65)	7.81	-101.73
(-1,-1)	29	23	r2	r2	(-2.94,-7.24)	7.81	-112.12
(-1,-1)	30	24	r2	r2	(-2.94,-7.24)	7.81	-112.12
(-1,-1)	30	27	r2	r2	(-1.59,-7.65)	7.81	-101.73
(-1,-1)	33	27	r2	r2	(-2.94,-7.24)	7.81	-112.12
(-1,-1)	34	31	r2	r2	(-1.59,-7.65)	7.81	-101.73
(1,-1)	20	27	r2	r2	(7.24,-2.94)	7.81	-22.12
(1,-1)	20	32	r2	r2	(7.65,-1.59)	7.81	-11.73
(1,-1)	21	28	r2	r2	(7.24,-2.94)	7.81	-22.12
(1,-1)	21	33	r2	r2	(7.65,-1.59)	7.81	-11.73
(1,-1)	22	29	r2	r2	(7.24,-2.94)	7.81	-22.12
(1,-1)	22	34	r2	r2	(7.65,-1.59)	7.81	-11.73
(1,-1)	26	33	r2	r2	(7.24,-2.94)	7.81	-22.12
(1,0)	1	13	r1	r1	(6.00,5.00)	7.81	39.81
(1,0)	18	13	r2	r1	(6.00,5.00)	7.81	39.81
(-1,0)	13	1	r1	r1	(-6.00,-5.00)	7.81	-140.19
(-1,0)	13	18	r1	r2	(-6.00,-5.00)	7.81	-140.19
(1,1)	1	10	r1	r1	(5.00,6.00)	7.81	50.19
(1,1)	1	21	r1	r2	(2.94,7.24)	7.81	67.88
(1,1)	2	11	r1	r1	(5.00,6.00)	7.81	50.19
(1,1)	2	14	r1	r1	(6.00,5.00)	7.81	39.81
(1,1)	3	12	r1	r1	(5.00,6.00)	7.81	50.19
(1,1)	3	15	r1	r1	(6.00,5.00)	7.81	39.81
(1,1)	4	13	r1	r1	(5.00,6.00)	7.81	50.19
(1,1)	4	16	r1	r1	(6.00,5.00)	7.81	39.81
(1,1)	5	17	r1	r1	(6.00,5.00)	7.81	39.81
(1,1)	6	15	r1	r1	(5.00,6.00)	7.81	50.19
(1,1)	7	16	r1	r1	(5.00,6.00)	7.81	50.19
(1,1)	8	17	r1	r1	(5.00,6.00)	7.81	50.19
(1,1)	18	10	r2	r1	(5.00,6.00)	7.81	50.19
(1,1)	18	21	r2	r2	(2.94,7.24)	7.81	67.88
(1,1)	19	25	r2	r2	(2.94,7.24)	7.81	67.88
(1,1)	24	30	r2	r2	(2.94,7.24)	7.81	67.88
(1,1)	28	34	r2	r2	(2.94,7.24)	7.81	67.88
(-1,1)	1	4	r1	r1	(-5.00,6.00)	7.81	129.81
(-1,1)	2	5	r1	r1	(-5.00,6.00)	7.81	129.81
(-1,1)	6	4	r1	r1	(-6.00,5.00)	7.81	140.19
(-1,1)	6	9	r1	r1	(-5.00,6.00)	7.81	129.81
(-1,1)	7	5	r1	r1	(-6.00,5.00)	7.81	140.19
(-1,1)	10	8	r1	r1	(-6.00,5.00)	7.81	140.19
(-1,1)	10	13	r1	r1	(-5.00,6.00)	7.81	129.81
(-1,1)	11	9	r1	r1	(-6.00,5.00)	7.81	140.19
(-1,1)	14	12	r1	r1	(-6.00,5.00)	7.81	140.19
(-1,1)	14	17	r1	r1	(-5.00,6.00)	7.81	129.81
(-1,1)	15	13	r1	r1	(-6.00,5.00)	7.81	140.19
(-1,1)	18	4	r2	r1	(-5.00,6.00)	7.81	129.81
(-1,1)	27	18	r2	r2	(-7.65,1.59)	7.81	168.27
(-1,1)	29	22	r2	r2	(-7.24,2.94)	7.81	157.88
(-1,-1)	10	1	r1	r1	(-5.00,-6.00)	7.81	-129.81
(-1,-1)	10	18	r1	r2	(-5.00,-6.00)	7.81	-129.81
(-1,-1)	11	2	r1	r1	(-5.00,-6.00)	7.81	-129.81
(-1,-1)	12	3	r1	r1	(-5.00,-6.00)	7.81	-129.81
(-1,-1)	13	4	r1	r1	(-5.00,-6.00)	7.81	-129.81
(-1,-1)	14	2	r1	r1	(-6.00,-5.00)	7.81	-140.19
(-1,-1)	15	3	r1	r1	(-6.00,-5.00)	7.81	-140.19
(-1,-1)	15	6	r1	r1	(-5.00,-6.00)	7.81	-129.81
(-1,-1)	16	4	r1	r1	(-6.00,-5.00)	7.81	-140.19
(-1,-1)	16	7	r1	r1	(-5.00,-6.00)	7.81	-129.81
(-1,-1)	17	5	r1	r1	(-6.00,-5.00)	7.81	-140.19
(-1,-1)	17	8	r1	r1	(-5.00,-6.00)	7.81	-129.81
(-1,-1)	21	1	r2	r1	(-2.94,-7.24)	7.81	-112.12
(-1,-1)	21	18	r2	r2	(-2.94,-7.24)	7.81	-112.12
(-1,-1)	25	19	r2	r2	(-2.94,-7.24)	7.81	-112.12
(-1,-1)	34	28	r2	r2	(-2.94,-7.24)	7.81	-112.12
(1,-1)	1	27	r1	r2	(7.65,-1.59)	7.81	-11.73
(1,-1)	4	1	r1	r1	(5.00,-6.00)	7.81	-50.19
(1,-1)	4	6	r1	r1	(6.00,-5.00)	7.81	-39.81
(1,-1)	4	18	r1	r2	(5.00,-6.00)	7.81	-50.19
(1,-1)	5	2	r1	r1	(5.00,-6.00)	7.81	-50.19
(1,-1)	5	7	r1	r1	(6.00,-5.00)	7.81	-39.81
(1,-1)	8	10	r1	r1	(6.00,-5.00)	7.81	-39.81
(1,-1)	9	6	r1	r1	(5.00,-6.00)	7.81	-50.19
(1,-1)	9	11	r1	r1	(6.00,-5.00)	7.81	-39.81
(1,-1)	12	14	r1	r1	(6.00,-5.00)	7.81	-39.81
(1,-1)	13	10	r1	r1	(5.00,-6.00)	7.81	-50.19
(1,-1)	13	15	r1	r1	(6.00,-5.00)	7.81	-39.81
(1,-1)	17	14	r1	r1	(5.00,-6.00)	7.81	-50.19
(1,-1)	18	27	r2	r2	(7.65,-1.59)	7.81	-11.73
(1,-1)	19	31	r2	r2	(7.65,-1.59)	7.81	-11.73
(1,-1)	24	31	r2	r2	(7.24,-2.94)	7.81	-22.12
(1,-1)	25	32	r2	r2	(7.24,-2.94)	7.81	-22.12
(1,1)	2	27	r1	r2	(5.65,5.41)	7.82	43.78
(1,1)	26	17	r2	r1	(5.65,5.41)	7.82	43.78
(-1,1)	14	33	r1	r2	(-5.41,5.65)	7.82	133.78
(-1,1)	20	5	r2	r1	(-5.41,5.65)	7.82	133.78
(-1,-1)	17	26	r1	r2	(-5.65,-5.41)	7.82	-136.22
(-1,-1)	27	2	r2	r1	(-5.65,-5.41)	7.82	-136.22
(1,-1)	5	20	r1	r2	(5.41,-5.65)	7.82	-46.22
(1,-1)	33	14	r2	r1	(5.41,-5.65)	7.82	-46.22
(1,1)	15	34	r1	r2	(2.12,7.53)	7.82	74.29
(1,1)	19	4	r2	r1	(2.12,7.53)	7.82	74.29
(-1,1)	13	22	r1	r2	(-7.53,2.12)	7.82	164.29
(-1,1)	31	6	r2	r1	(-7.53,2.12)	7.82	164.29
(-1,-1)	4	19	r1	r2	(-2.12,-7.53)	7.82	-105.71
(-1,-1)	34	15	r2	r1	(-2.12,-7.53)	7.82	-105.71
(1,-1)	6	31	r1	r2	(7.53,-2.12)	7.82	-15.71
(1,-1)	22	13	r2	r1	(7.53,-2.12)	7.82	-15.71
(1,1)	10	32	r1	r2	(4.06,6.76)	7.89	59.04
(1,1)	21	9	r2	r1	(4.06,6.76)	7.89	59.04
(-1,1)	16	30	r1	r2	(-6.76,4.06)	7.89	149.04
(-1,1)	23	3	r2	r1	(-6.76,4.06)	7.89	149.04
(-1,-1)	9	21	r1	r2	(-4.06,-6.76)	7.89	-120.96
(-1,-1)	32	10	r2	r1	(-4.06,-6.76)	7.89	-120.96
(1,-1)	3	23	r1	r2	(6.76,-4.06)	7.89	-30.96
(1,-1)	30	16	r2	r1	(6.76,-4.06)	7.89	-30.96
(1,1)	4	33	r1	r2	(5.59,5.65)	7.94	45.30
(1,1)	6	26	r1	r2	(2.35,7.59)	7.94	72.77
(1,1)	20	15	r2	r1	(5.59,5.65)	7.94	45.30
(1,1)	27	13	r2	r1	(2.35,7.59)	7.94	72.77
(-1,1)	6	26	r1	r2	(-5.65,5.59)	7.94	135.30
(-1,1)	15	20	r1	r2	(-7.59,2.35)	7.94	162.77
(-1,1)	27	13	r2	r1	(-5.65,5.59)	7.94	135.30
(-1,1)	33	4	r2	r1	(-7.59,2.35)	7.94	162.77
(-1,-1)	13	27	r1	r2	(-2.35,-7.59)	7.94	-107.23
(-1,-1)	15	20	r1	r2	(-5.59,-5.65)	7.94	-134.70
(-1,-1)	26	6	r2	r1	(-2.35,-7.59)	7.94	-107.23
(-1,-1)	33	4	r2	r1	(-5.59,-5.65)	7.94	-134.70
(1,-1)	4	33	r1	r2	(7.59,-2.35)	7.94	-17.23
(1,-1)	13	27	r1	r2	(5.65,-5.59)	7.94	-44.70
(1,-1)	20	15	r2	r1	(7.59,-2.35)	7.94	-17.23
(1,-1)	26	6	r2	r1	(5.65,-5.59)	7.94	-44.70
(1,1)	22	31	r2	r2	(7.06,3.76)	8.00	28.07
(1,0)	1	32	r1	r2	(7.06,3.76)	8.00	28.07
(1,0)	18	32	r2	r2	(7.06,3.76)	8.00	28.07
(-1,0)	32	1	r2	r1	(-7.06,-3.76)	8.00	-151.93
(-1,0)	32	18	r2	r2	(-7.06,-3.76)	8.00	-151.93
(0,1)	1	9	r1	r1	(0.00,8.00)	8.00	90.00
(0,1)	18	9	r2	r1	(0.00,8.00)	8.00	90.00
(0,-1)	9	1	r1	r1	(0.00,-8.00)	8.00	-90.00
(0,-1)	9	18	r1	r2	(0.00,-8.00)	8.00	-90.00
(1,1)	14	5	r1	r1	(0.00,8.00)	8.00	90.00
(-1,1)	1	30	r1	r2	(-3.76,7.06)	8.00	118.07
(-1,1)	16	1	r1	r1	(-8.00,0.00)	8.00	180.00
(-1,1)	16	18	r1	r2	(-8.00,0.00)	8.00	180.00
(-1,1)	17	2	r1	r1	(-8.00,0.00)	8.00	180.00
(-1,1)	18	30	r2	r2	(-3.76,7.06)	8.00	118.07
(-1,1)	19	34	r2	r2	(-3.76,7.06)	8.00	118.07
(-1,-1)	5	14	r1	r1	(0.00,-8.00)	8.00	-90.00
(-1,-1)	31	22	r2	r2	(-7.06,-3.76)	8.00	-151.93
(1,-1)	1	16	r1	r1	(8.00,0.00)	8.00	0.00
(1,-1)	2	17	r1	r1	(8.00,0.00)	8.00	0.00
(1,-1)	18	16	r2	r1	(8.00,0.00)	8.00	0.00
(1,-1)	30	1	r2	r1	(3.76,-7.06)	8.00	-61.93
(1,-1)	30	18	r2	r2	(3.76,-7.06)	8.00	-61.93
(1,-1)	34	19	r2	r2	(3.76,-7.06)	8.00	-61.93
(1,1)	20	29	r2	r2	(4.29,6.82)	8.06	57.82
(-1,1)	27	25	r2	r2	(-6.82,4.29)	8.06	147.82
(1,0)	1	16	r1	r1	(7.00,4.00)	8.06	29.74
(1,0)	1	31	r1	r2	(7.53,2.88)	8.06	20.95
(1,0)	1	33	r1	r2	(6.59,4.65)	8.06	35.20
(1,0)	2	17	r1	r1	(7.00,4.00)	8.06	29.74
(1,0)	18	16	r2	r1	(7.00,4.00)	8.06	29.74
(1,0)	18	31	r2	r2	(7.53,2.88)	8.06	20.95
(1,0)	18	33	r2	r2	(6.59,4.65)	8.06	35.20
(1,0)	22	31	r2	r2	(8.06,-0.24)	8.06	-1.67
(-1,0)	16	1	r1	r1	(-7.00,-4.00)	8.06	-150.26
(-1,0)	16	18	r1	r2	(-7.00,-4.00)	8.06	-150.26
(-1,0)	17	2	r1	r1	(-7.00,-4.00)	8.06	-150.26
(-1,0)	31	1	r2	r1	(-7.53,-2.88)	8.06	-159.05
(-1,0)	31	18	r2	r2	(-7.53,-2.88)	8.06	-159.05
(-1,0)	31	22	r2	r2	(-8.06,0.24)	8.06	178.33
(-1,0)	33	1	r2	r1	(-6.59,-4.65)	8.06	-144.80
(-1,0)	33	18	r2	r2	(-6.59,-4.65)	8.06	-144.80
(0,1)	1	5	r1	r1	(-1.00,8.00)	8.06	97.13
(0,1)	1	13	r1	r1	(1.00,8.00)	8.06	82.87
(0,1)	1	30	r1	r2	(0.24,8.06)	8.06	88.33
(0,1)	14	5	r1	r1	(-4.00,7.00)	8.06	119.74
(0,1)	18	5	r2	r1	(-1.00,8.00)	8.06	97.13
(0,1)	18	13	r2	r1	(1.00,8.00)	8.06	82.87
(0,1)	18	30	r2	r2	(0.24,8.06)	8.06	88.33
(0,1)	19	34	r2	r2	(0.24,8.06)	8.06	88.33
(0,-1)	5	1	r1	r1	(1.00,-8.00)	8.06	-82.87
(0,-1)	5	14	r1	r1	(4.00,-7.00)	8.06	-60.26
(0,-1)	5	18	r1	r2	(1.00,-8.00)	8.06	-82.87
(0,-1)	13	1	r1	r1	(-1.00,-8.00)	8.06	-97.13
(0,-1)	13	18	r1	r2	(-1.00,-8.00)	8.06	-97.13
(0,-1)	30	1	r2	r1	(-0.24,-8.06)	8.06	-91.67
(0,-1)	30	18	r2	r2	(-0.24,-8.06)	8.06	-91.67
(0,-1)	34	19	r2	r2	(-0.24,-8.06)	8.06	-91.67
(1,1)	1	7	r1	r1	(4.00,7.00)	8.06	60.26
(1,1)	1	24	r1	r2	(4.29,6.82)	8.06	57.82
(1,1)	2	8	r1	r1	(4.00,7.00)	8.06	60.26
(1,1)	3	9	r1	r1	(4.00,7.00)	8.06	60.26
(1,1)	6	12	r1	r1	(4.00,7.00)	8.06	60.26
(1,1)	7	13	r1	r1	(4.00,7.00)	8.06	60.26
(1,1)	10	5	r1	r1	(1.00,8.00)	8.06	82.87
(1,1)	10	16	r1	r1	(4.00,7.00)	8.06	60.26
(1,1)	11	17	r1	r1	(4.00,7.00)	8.06	60.26
(1,1)	14	9	r1	r1	(1.00,8.00)	8.06	82.87
(1,1)	18	7	r2	r1	(4.00,7.00)	8.06	60.26
(1,1)	18	24	r2	r2	(4.29,6.82)	8.06	57.82
(1,1)	19	28	r2	r2	(4.29,6.82)	8.06	57.82
(1,1)	21	30	r2	r2	(4.29,6.82)	8.06	57.82
(1,1)	21	31	r2	r2	(6.59,4.65)	8.06	35.20
(1,1)	22	32	r2	r2	(6.59,4.65)	8.06	35.20
(1,1)	23	32	r2	r2	(4.29,6.82)	8.06	57.82
(1,1)	24	33	r2	r2	(4.29,6.82)	8.06	57.82
(1,1)	25	34	r2	r2	(4.29,6.82)	8.06	57.82
(-1,1)	1	9	r1	r1	(-4.00,7.00)	8.06	119.74
(-1,1)	1	26	r1	r2	(-4.65,6.59)	8.06	125.20
(-1,1)	1	34	r1	r2	(-2.88,7.53)	8.06	110.95
(-1,1)	10	3	r1	r1	(-7.00,4.00)	8.06	150.26
(-1,1)	11	4	r1	r1	(-7.00,4.00)	8.06	150.26
(-1,1)	12	5	r1	r1	(-7.00,4.00)	8.06	150.26
(-1,1)	14	7	r1	r1	(-7.00,4.00)	8.06	150.26
(-1,1)	15	1	r1	r1	(-8.00,1.00)	8.06	172.87
(-1,1)	15	8	r1	r1	(-7.00,4.00)	8.06	150.26
(-1,1)	15	18	r1	r2	(-8.00,1.00)	8.06	172.87
(-1,1)	16	2	r1	r1	(-8.00,1.00)	8.06	172.87
(-1,1)	16	9	r1	r1	(-7.00,4.00)	8.06	150.26
(-1,1)	17	1	r1	r1	(-8.00,-1.00)	8.06	-172.87
(-1,1)	17	3	r1	r1	(-8.00,1.00)	8.06	172.87
(-1,1)	17	18	r1	r2	(-8.00,-1.00)	8.06	-172.87
(-1,1)	18	9	r2	r1	(-4.00,7.00)	8.06	119.74
(-1,1)	18	26	r2	r2	(-4.65,6.59)	8.06	125.20
(-1,1)	18	34	r2	r2	(-2.88,7.53)	8.06	110.95
(-1,1)	19	30	r2	r2	(-4.65,6.59)	8.06	125.20
(-1,1)	23	21	r2	r2	(-6.82,4.29)	8.06	147.82
(-1,1)	23	34	r2	r2	(-4.65,6.59)	8.06	125.20
(-1,1)	24	22	r2	r2	(-6.82,4.29)	8.06	147.82
(-1,1)	28	26	r2	r2	(-6.82,4.29)	8.06	147.82
(-1,1)	31	29	r2	r2	(-6.82,4.29)	8.06	147.82
(-1,1)	32	1	r2	r1	(-8.06,0.24)	8.06	178.33
(-1,1)	32	18	r2	r2	(-8.06,0.24)	8.06	178.33
(-1,1)	32	30	r2	r2	(-6.82,4.29)	8.06	147.82
(-1,-1)	5	10	r1	r1	(-1.00,-8.00)	8.06	-97.13
(-1,-1)	7	1	r1	r1	(-4.00,-7.00)	8.06	-119.74
(-1,-1)	7	18	r1	r2	(-4.00,-7.00)	8.06	-119.74
(-1,-1)	8	2	r1	r1	(-4.00,-7.00)	8.06	-119.74
(-1,-1)	9	3	r1	r1	(-4.00,-7.00)	8.06	-119.74
(-1,-1)	9	14	r1	r1	(-1.00,-8.00)	8.06	-97.13
(-1,-1)	12	6	r1	r1	(-4.00,-7.00)	8.06	-119.74
(-1,-1)	13	7	r1	r1	(-4.00,-7.00)	8.06	-119.74
(-1,-1)	16	10	r1	r1	(-4.00,-7.00)	8.06	-119.74
(-1,-1)	17	11	r1	r1	(-4.00,-7.00)	8.06	-119.74
(-1,-1)	24	1	r2	r1	(-4.29,-6.82)	8.06	-122.18
(-1,-1)	24	18	r2	r2	(-4.29,-6.82)	8.06	-122.18
(-1,-1)	28	19	r2	r2	(-4.29,-6.82)	8.06	-122.18
(-1,-1)	29	20	r2	r2	(-4.29,-6.82)	8.06	-122.18
(-1,-1)	30	21	r2	r2	(-4.29,-6.82)	8.06	-122.18
(-1,-1)	31	21	r2	r2	(-6.59,-4.65)	8.06	-144.80
(-1,-1)	32	22	r2	r2	(-6.59,-4.65)	8.06	-144.80
(-1,-1)	32	23	r2	r2	(-4.29,-6.82)	8.06	-122.18
(-1,-1)	33	24	r2	r2	(-4.29,-6.82)	8.06	-122.18
(-1,-1)	34	25	r2	r2	(-4.29,-6.82)	8.06	-122.18
(1,-1)	1	15	r1	r1	(8.00,-1.00)	8.06	-7.13
(1,-1)	1	17	r1	r1	(8.00,1.00)	8.06	7.13
(1,-1)	1	32	r1	r2	(8.06,-0.24)	8.06	-1.67
(1,-1)	2	16	r1	r1	(8.00,-1.00)	8.06	-7.13
(1,-1)	3	10	r1	r1	(7.00,-4.00)	8.06	-29.74
(1,-1)	3	17	r1	r1	(8.00,-1.00)	8.06	-7.13
(1,-1)	4	11	r1	r1	(7.00,-4.00)	8.06	-29.74
(1,-1)	5	12	r1	r1	(7.00,-4.00)	8.06	-29.74
(1,-1)	7	14	r1	r1	(7.00,-4.00)	8.06	-29.74
(1,-1)	8	15	r1	r1	(7.00,-4.00)	8.06	-29.74
(1,-1)	9	1	r1	r1	(4.00,-7.00)	8.06	-60.26
(1,-1)	9	16	r1	r1	(7.00,-4.00)	8.06	-29.74
(1,-1)	9	18	r1	r2	(4.00,-7.00)	8.06	-60.26
(1,-1)	18	15	r2	r1	(8.00,-1.00)	8.06	-7.13
(1,-1)	18	17	r2	r1	(8.00,1.00)	8.06	7.13
(1,-1)	18	32	r2	r2	(8.06,-0.24)	8.06	-1.67
(1,-1)	21	23	r2	r2	(6.82,-4.29)	8.06	-32.18
(1,-1)	22	24	r2	r2	(6.82,-4.29)	8.06	-32.18
(1,-1)	25	27	r2	r2	(6.82,-4.29)	8.06	-32.18
(1,-1)	26	1	r2	r1	(4.65,-6.59)	8.06	-54.80
(1,-1)	26	18	r2	r2	(4.65,-6.59)	8.06	-54.80
(1,-1)	26	28	r2	r2	(6.82,-4.29)	8.06	-32.18
(1,-1)	29	31	r2	r2	(6.82,-4.29)	8.06	-32.18
(1,-1)	30	19	r2	r2	(4.65,-6.59)	8.06	-54.80
(1,-1)	30	32	r2	r2	(6.82,-4.29)	8.06	-32.18
(1,-1)	34	1	r2	r1	(2.88,-7.53)	8.06	-69.05
(1,-1)	34	18	r2	r2	(2.88,-7.53)	8.06	-69.05
(1,-1)	34	23	r2	r2	(4.65,-6.59)	8.06	-54.80
(1,1)	14	33	r1	r2	(2.59,7.65)	8.07	71.30
(-1,1)	17	26	r1	r2	(-7.65,2.59)	8.07	161.30
(-1,-1)	5	20	r1	r2	(-2.59,-7.65)	8.07	-108.70
(-1,-1)	33	14	r2	r1	(-2.59,-7.65)	8.07	-108.70
(1,-1)	26	17	r2	r1	(7.65,-2.59)	8.07	-18.70
(1,1)	6	31	r1	r2	(5.53,5.88)	8.07	46.77
(1,1)	20	5	r2	r1	(2.59,7.65)	8.07	71.30
(1,1)	22	13	r2	r1	(5.53,5.88)	8.07	46.77
(-1,1)	15	34	r1	r2	(-5.88,5.53)	8.07	136.77
(-1,1)	19	4	r2	r1	(-5.88,5.53)	8.07	136.77
(-1,1)	27	2	r2	r1	(-7.65,2.59)	8.07	161.30
(-1,-1)	13	22	r1	r2	(-5.53,-5.88)	8.07	-133.23
(-1,-1)	31	6	r2	r1	(-5.53,-5.88)	8.07	-133.23
(1,-1)	2	27	r1	r2	(7.65,-2.59)	8.07	-18.70
(1,-1)	4	19	r1	r2	(5.88,-5.53)	8.07	-43.23
(1,-1)	34	15	r2	r1	(5.88,-5.53)	8.07	-43.23
(1,1)	6	29	r1	r2	(3.71,7.18)	8.08	62.69
(1,1)	7	33	r1	r2	(4.59,6.65)	8.08	55.38
(1,1)	20	12	r2	r1	(4.59,6.65)	8.08	55.38
(1,1)	24	13	r2	r1	(3.71,7.18)	8.08	62.69
(-1,1)	11	26	r1	r2	(-6.65,4.59)	8.08	145.38
(-1,1)	15	25	r1	r2	(-7.18,3.71)	8.08	152.69
(-1,1)	27	8	r2	r1	(-6.65,4.59)	8.08	145.38
(-1,1)	28	4	r2	r1	(-7.18,3.71)	8.08	152.69
(-1,-1)	12	20	r1	r2	(-4.59,-6.65)	8.08	-124.62
(-1,-1)	13	24	r1	r2	(-3.71,-7.18)	8.08	-117.31
(-1,-1)	29	6	r2	r1	(-3.71,-7.18)	8.08	-117.31
(-1,-1)	33	7	r2	r1	(-4.59,-6.65)	8.08	-124.62
(1,-1)	4	28	r1	r2	(7.18,-3.71)	8.08	-27.31
(1,-1)	8	27	r1	r2	(6.65,-4.59)	8.08	-34.62
(1,-1)	25	15	r2	r1	(7.18,-3.71)	8.08	-27.31
(1,-1)	26	11	r2	r1	(6.65,-4.59)	8.08	-34.62
(1,1)	2	28	r1	r2	(5.18,6.29)	8.15	50.57
(1,1)	11	34	r1	r2	(3.12,7.53)	8.15	67.51
(1,1)	19	8	r2	r1	(3.12,7.53)	8.15	67.51
(1,1)	25	17	r2	r1	(5.18,6.29)	8.15	50.57
(-1,1)	12	22	r1	r2	(-7.53,3.12)	8.15	157.51
(-1,1)	14	29	r1	r2	(-6.29,5.18)	8.15	140.57
(-1,1)	24	5	r2	r1	(-6.29,5.18)	8.15	140.57
(-1,1)	31	7	r2	r1	(-7.53,3.12)	8.15	157.51
(-1,-1)	8	19	r1	r2	(-3.12,-7.53)	8.15	-112.49
(-1,-1)	17	25	r1	r2	(-5.18,-6.29)	8.15	-129.43
(-1,-1)	28	2	r2	r1	(-5.18,-6.29)	8.15	-129.43
(-1,-1)	34	11	r2	r1	(-3.12,-7.53)	8.15	-112.49
(1,-1)	5	24	r1	r2	(6.29,-5.18)	8.15	-39.43
(1,-1)	22	12	r2	r1	(7.53,-3.12)	8.15	-22.49
(1,-1)	29	14	r2	r1	(6.29,-5.18)	8.15	-39.43
(1,-1)	7	31	r1	r2	(7.53,-3.12)	8.15	-22.49
(1,1)	3	31	r1	r2	(6.53,4.88)	8.15	36.79
(1,1)	14	30	r1	r2	(1.24,8.06)	8.15	81.29
(1,1)	22	16	r2	r1	(6.53,4.88)	8.15	36.79
(1,1)	23	5	r2	r1	(1.24,8.06)	8.15	81.29
(-1,1)	10	34	r1	r2	(-4.88,6.53)	8.15	126.79
(-1,1)	17	21	r1	r2	(-8.06,1.24)	8.15	171.29
(-1,1)	19	9	r2	r1	(-4.88,6.53)	8.15	126.79
(-1,1)	32	2	r2	r1	(-8.06,1.24)	8.15	171.29
(-1,-1)	5	23	r1	r2	(-1.24,-8.06)	8.15	-98.71
(-1,-1)	16	22	r1	r2	(-6.53,-4.88)	8.15	-143.21
(-1,-1)	30	14	r2	r1	(-1.24,-8.06)	8.15	-98.71
(-1,-1)	31	3	r2	r1	(-6.53,-4.88)	8.15	-143.21
(1,-1)	2	32	r1	r2	(8.06,-1.24)	8.15	-8.71
(1,-1)	9	19	r1	r2	(4.88,-6.53)	8.15	-53.21
(1,-1)	21	17	r2	r1	(8.06,-1.24)	8.15	-8.71
(1,-1)	34	10	r2	r1	(4.88,-6.53)	8.15	-53.21
(-1,1)	10	21	r1	r2	(-7.06,4.24)	8.23	149.04
(1,1)	3	30	r1	r2	(4.24,7.06)	8.23	59.04
(1,1)	23	16	r2	r1	(4.24,7.06)	8.23	59.04
(-1,1)	32	9	r2	r1	(-7.06,4.24)	8.23	149.04
(-1,-1)	16	23	r1	r2	(-4.24,-7.06)	8.23	-120.96
(-1,-1)	30	3	r2	r1	(-4.24,-7.06)	8.23	-120.96
(1,-1)	9	32	r1	r2	(7.06,-4.24)	8.23	-30.96
(1,-1)	21	10	r2	r1	(7.06,-4.24)	8.23	-30.96
(1,0)	1	34	r1	r2	(6.12,5.53)	8.25	42.11
(1,0)	18	34	r2	r2	(6.12,5.53)	8.25	42.11
(-1,0)	34	1	r2	r1	(-6.12,-5.53)	8.25	-137.89
(-1,0)	34	18	r2	r2	(-6.12,-5.53)	8.25	-137.89
(0,1)	1	17	r1	r1	(2.00,8.00)	8.25	75.96
(0,1)	18	17	r2	r1	(2.00,8.00)	8.25	75.96
(0,-1)	17	1	r1	r1	(-2.00,-8.00)	8.25	-104.04
(0,-1)	17	18	r1	r2	(-2.00,-8.00)	8.25	-104.04
(1,1)	6	5	r1	r1	(2.00,8.00)	8.25	75.96
(1,1)	10	9	r1	r1	(2.00,8.00)	8.25	75.96
(1,1)	14	13	r1	r1	(2.00,8.00)	8.25	75.96
(1,1)	20	31	r2	r2	(6.12,5.53)	8.25	42.11
(1,1)	21	32	r2	r2	(6.12,5.53)	8.25	42.11
(1,1)	22	33	r2	r2	(6.12,5.53)	8.25	42.11
(-1,1)	1	22	r1	r2	(-5.53,6.12)	8.25	132.11
(-1,1)	14	1	r1	r1	(-8.00,2.00)	8.25	165.96
(-1,1)	14	18	r1	r2	(-8.00,2.00)	8.25	165.96
(-1,1)	15	2	r1	r1	(-8.00,2.00)	8.25	165.96
(-1,1)	16	3	r1	r1	(-8.00,2.00)	8.25	165.96
(-1,1)	17	4	r1	r1	(-8.00,2.00)	8.25	165.96
(-1,1)	18	22	r2	r2	(-5.53,6.12)	8.25	132.11
(-1,1)	19	26	r2	r2	(-5.53,6.12)	8.25	132.11
(-1,1)	23	30	r2	r2	(-5.53,6.12)	8.25	132.11
(-1,1)	27	34	r2	r2	(-5.53,6.12)	8.25	132.11
(-1,-1)	5	6	r1	r1	(-2.00,-8.00)	8.25	-104.04
(-1,-1)	9	10	r1	r1	(-2.00,-8.00)	8.25	-104.04
(-1,-1)	13	14	r1	r1	(-2.00,-8.00)	8.25	-104.04
(-1,-1)	31	20	r2	r2	(-6.12,-5.53)	8.25	-137.89
(-1,-1)	32	21	r2	r2	(-6.12,-5.53)	8.25	-137.89
(-1,-1)	33	22	r2	r2	(-6.12,-5.53)	8.25	-137.89
(1,-1)	1	14	r1	r1	(8.00,-2.00)	8.25	-14.04
(1,-1)	2	15	r1	r1	(8.00,-2.00)	8.25	-14.04
(1,-1)	3	16	r1	r1	(8.00,-2.00)	8.25	-14.04
(1,-1)	4	17	r1	r1	(8.00,-2.00)	8.25	-14.04
(1,-1)	18	14	r2	r1	(8.00,-2.00)	8.25	-14.04
(1,-1)	22	1	r2	r1	(5.53,-6.12)	8.25	-47.89
(1,-1)	22	18	r2	r2	(5.53,-6.12)	8.25	-47.89
(1,-1)	26	19	r2	r2	(5.53,-6.12)	8.25	-47.89
(1,-1)	30	23	r2	r2	(5.53,-6.12)	8.25	-47.89
(1,-1)	34	27	r2	r2	(5.53,-6.12)	8.25	-47.89
(1,1)	2	26	r1	r2	(3.35,7.59)	8.30	66.16
(1,1)	4	34	r1	r2	(5.12,6.53)	8.30	51.91
(1,1)	19	15	r2	r1	(5.12,6.53)	8.30	51.91
(1,1)	27	17	r2	r1	(3.35,7.59)	8.30	66.16
(-1,1)	6	22	r1	r2	(-6.53,5.12)	8.30	141.91
(-1,1)	14	20	r1	r2	(-7.59,3.35)	8.30	156.16
(-1,1)	31	13	r2	r1	(-6.53,5.12)	8.30	141.91
(-1,1)	33	5	r2	r1	(-7.59,3.35)	8.30	156.16
(-1,-1)	15	19	r1	r2	(-5.12,-6.53)	8.30	-128.09
(-1,-1)	17	27	r1	r2	(-3.35,-7.59)	8.30	-113.84
(-1,-1)	26	2	r2	r1	(-3.35,-7.59)	8.30	-113.84
(-1,-1)	34	4	r2	r1	(-5.12,-6.53)	8.30	-128.09
(1,-1)	5	33	r1	r2	(7.59,-3.35)	8.30	-23.84
(1,-1)	13	31	r1	r2	(6.53,-5.12)	8.30	-38.09
(1,-1)	20	14	r2	r1	(7.59,-3.35)	8.30	-23.84
(1,-1)	22	6	r2	r1	(6.53,-5.12)	8.30	-38.09
(1,1)	3	32	r1	r2	(6.06,5.76)	8.36	43.58
(1,1)	10	30	r1	r2	(2.24,8.06)	8.36	74.50
(1,1)	21	16	r2	r1	(6.06,5.76)	8.36	43.58
(1,1)	23	9	r2	r1	(2.24,8.06)	8.36	74.50
(-1,1)	10	30	r1	r2	(-5.76,6.06)	8.36	133.58
(-1,1)	16	21	r1	r2	(-8.06,2.24)	8.36	164.50
(-1,1)	23	9	r2	r1	(-5.76,6.06)	8.36	133.58
(-1,1)	32	3	r2	r1	(-8.06,2.24)	8.36	164.50
(-1,-1)	9	23	r1	r2	(-2.24,-8.06)	8.36	-105.50
(-1,-1)	16	21	r1	r2	(-6.06,-5.76)	8.36	-136.42
(-1,-1)	30	10	r2	r1	(-2.24,-8.06)	8.36	-105.50
(-1,-1)	32	3	r2	r1	(-6.06,-5.76)	8.36	-136.42
(1,-1)	3	32	r1	r2	(8.06,-2.24)	8.36	-15.50
(1,-1)	9	23	r1	r2	(5.76,-6.06)	8.36	-46.42
(1,-1)	21	16	r2	r1	(8.06,-2.24)	8.36	-15.50
(1,-1)	30	10	r2	r1	(5.76,-6.06)	8.36	-46.42
(1,1)	6	32	r1	r2	(5.06,6.76)	8.45	53.21
(1,1)	10	33	r1	r2	(3.59,7.65)	8.45	64.86
(1,1)	20	9	r2	r1	(3.59,7.65)	8.45	64.86
(1,1)	21	13	r2	r1	(5.06,6.76)	8.45	53.21
(-1,1)	15	30	r1	r2	(-6.76,5.06)	8.45	143.21
(-1,1)	16	26	r1	r2	(-7.65,3.59)	8.45	154.86
(-1,1)	23	4	r2	r1	(-6.76,5.06)	8.45	143.21
(-1,1)	27	3	r2	r1	(-7.65,3.59)	8.45	154.86
(-1,-1)	9	20	r1	r2	(-3.59,-7.65)	8.45	-115.14
(-1,-1)	13	21	r1	r2	(-5.06,-6.76)	8.45	-126.79
(-1,-1)	32	6	r2	r1	(-5.06,-6.76)	8.45	-126.79
(-1,-1)	33	10	r2	r1	(-3.59,-7.65)	8.45	-115.14
(1,-1)	3	27	r1	r2	(7.65,-3.59)	8.45	-25.14
(1,-1)	4	23	r1	r2	(6.76,-5.06)	8.45	-36.79
(1,-1)	26	16	r2	r1	(7.65,-3.59)	8.45	-25.14
(1,-1)	30	15	r2	r1	(6.76,-5.06)	8.45	-36.79
(1,1)	1	14	r1	r1	(6.00,6.00)	8.49	45.00
(1,1)	1	22	r1	r2	(2.47,8.12)	8.49	73.07
(1,1)	2	15	r1	r1	(6.00,6.00)	8.49	45.00
(1,1)	3	16	r1	r1	(6.00,6.00)	8.49	45.00
(1,1)	4	17	r1	r1	(6.00,6.00)	8.49	45.00
(1,1)	18	14	r2	r1	(6.00,6.00)	8.49	45.00
(1,1)	18	22	r2	r2	(2.47,8.12)	8.49	73.07
(1,1)	19	26	r2	r2	(2.47,8.12)	8.49	73.07
(1,1)	23	30	r2	r2	(2.47,8.12)	8.49	73.07
(1,1)	27	34	r2	r2	(2.47,8.12)	8.49	73.07
(-1,1)	6	5	r1	r1	(-6.00,6.00)	8.49	135.00
(-1,1)	10	9	r1	r1	(-6.00,6.00)	8.49	135.00
(-1,1)	14	13	r1	r1	(-6.00,6.00)	8.49	135.00
(-1,1)	31	20	r2	r2	(-8.12,2.47)	8.49	163.07
(-1,1)	32	21	r2	r2	(-8.12,2.47)	8.49	163.07
(-1,1)	33	22	r2	r2	(-8.12,2.47)	8.49	163.07
(-1,-1)	14	1	r1	r1	(-6.00,-6.00)	8.49	-135.00
(-1,-1)	14	18	r1	r2	(-6.00,-6.00)	8.49	-135.00
(-1,-1)	15	2	r1	r1	(-6.00,-6.00)	8.49	-135.00
(-1,-1)	16	3	r1	r1	(-6.00,-6.00)	8.49	-135.00
(-1,-1)	17	4	r1	r1	(-6.00,-6.00)	8.49	-135.00
(-1,-1)	22	1	r2	r1	(-2.47,-8.12)	8.49	-106.93
(-1,-1)	22	18	r2	r2	(-2.47,-8.12)	8.49	-106.93
(-1,-1)	26	19	r2	r2	(-2.47,-8.12)	8.49	-106.93
(-1,-1)	30	23	r2	r2	(-2.47,-8.12)	8.49	-106.93
(-1,-1)	34	27	r2	r2	(-2.47,-8.12)	8.49	-106.93
(1,-1)	5	6	r1	r1	(6.00,-6.00)	8.49	-45.00
(1,-1)	9	10	r1	r1	(6.00,-6.00)	8.49	-45.00
(1,-1)	13	14	r1	r1	(6.00,-6.00)	8.49	-45.00
(1,-1)	20	31	r2	r2	(8.12,-2.47)	8.49	-16.93
(1,-1)	21	32	r2	r2	(8.12,-2.47)	8.49	-16.93
(1,-1)	22	33	r2	r2	(8.12,-2.47)	8.49	-16.93
(1,1)	1	4	r1	r1	(3.00,8.00)	8.54	69.44
(1,1)	1	27	r1	r2	(5.65,6.41)	8.54	48.63
(1,1)	2	5	r1	r1	(3.00,8.00)	8.54	69.44
(1,1)	6	9	r1	r1	(3.00,8.00)	8.54	69.44
(1,1)	10	13	r1	r1	(3.00,8.00)	8.54	69.44
(1,1)	14	17	r1	r1	(3.00,8.00)	8.54	69.44
(1,1)	18	4	r2	r1	(3.00,8.00)	8.54	69.44
(1,1)	18	27	r2	r2	(5.65,6.41)	8.54	48.63
(1,1)	19	31	r2	r2	(5.65,6.41)	8.54	48.63
(1,1)	20	32	r2	r2	(5.65,6.41)	8.54	48.63
(1,1)	21	33	r2	r2	(5.65,6.41)	8.54	48.63
(1,1)	22	34	r2	r2	(5.65,6.41)	8.54	48.63
(-1,1)	14	2	r1	r1	(-8.00,3.00)	8.54	159.44
(-1,1)	15	3	r1	r1	(-8.00,3.00)	8.54	159.44
(-1,1)	16	4	r1	r1	(-8.00,3.00)	8.54	159.44
(-1,1)	17	5	r1	r1	(-8.00,3.00)	8.54	159.44
(-1,1)	19	22	r2	r2	(-6.41,5.65)	8.54	138.63
(-1,1)	23	26	r2	r2	(-6.41,5.65)	8.54	138.63
(-1,1)	27	30	r2	r2	(-6.41,5.65)	8.54	138.63
(-1,1)	31	34	r2	r2	(-6.41,5.65)	8.54	138.63
(-1,-1)	4	1	r1	r1	(-3.00,-8.00)	8.54	-110.56
(-1,-1)	4	18	r1	r2	(-3.00,-8.00)	8.54	-110.56
(-1,-1)	5	2	r1	r1	(-3.00,-8.00)	8.54	-110.56
(-1,-1)	9	6	r1	r1	(-3.00,-8.00)	8.54	-110.56
(-1,-1)	13	10	r1	r1	(-3.00,-8.00)	8.54	-110.56
(-1,-1)	17	14	r1	r1	(-3.00,-8.00)	8.54	-110.56
(-1,-1)	27	1	r2	r1	(-5.65,-6.41)	8.54	-131.37
(-1,-1)	27	18	r2	r2	(-5.65,-6.41)	8.54	-131.37
(-1,-1)	31	19	r2	r2	(-5.65,-6.41)	8.54	-131.37
(-1,-1)	32	20	r2	r2	(-5.65,-6.41)	8.54	-131.37
(-1,-1)	33	21	r2	r2	(-5.65,-6.41)	8.54	-131.37
(-1,-1)	34	22	r2	r2	(-5.65,-6.41)	8.54	-131.37
(1,-1)	2	14	r1	r1	(8.00,-3.00)	8.54	-20.56
(1,-1)	3	15	r1	r1	(8.00,-3.00)	8.54	-20.56
(1,-1)	4	16	r1	r1	(8.00,-3.00)	8.54	-20.56
(1,-1)	5	17	r1	r1	(8.00,-3.00)	8.54	-20.56
(1,-1)	22	19	r2	r2	(6.41,-5.65)	8.54	-41.37
(1,-1)	26	23	r2	r2	(6.41,-5.65)	8.54	-41.37
(1,-1)	30	27	r2	r2	(6.41,-5.65)	8.54	-41.37
(1,-1)	34	31	r2	r2	(6.41,-5.65)	8.54	-41.37
(1,1)	2	29	r1	r2	(4.71,7.18)	8.58	56.75
(-1,1)	14	25	r1	r2	(-7.18,4.71)	8.58	146.75
(1,1)	7	34	r1	r2	(4.12,7.53)	8.58	61.33
(1,1)	19	12	r2	r1	(4.12,7.53)	8.58	61.33
(1,1)	24	17	r2	r1	(4.71,7.18)	8.58	56.75
(-1,1)	11	22	r1	r2	(-7.53,4.12)	8.58	151.33
(-1,1)	28	5	r2	r1	(-7.18,4.71)	8.58	146.75
(-1,1)	31	8	r2	r1	(-7.53,4.12)	8.58	151.33
(-1,-1)	12	19	r1	r2	(-4.12,-7.53)	8.58	-118.67
(-1,-1)	17	24	r1	r2	(-4.71,-7.18)	8.58	-123.25
(-1,-1)	29	2	r2	r1	(-4.71,-7.18)	8.58	-123.25
(-1,-1)	34	7	r2	r1	(-4.12,-7.53)	8.58	-118.67
(1,-1)	5	28	r1	r2	(7.18,-4.71)	8.58	-33.25
(1,-1)	8	31	r1	r2	(7.53,-4.12)	8.58	-28.67
(1,-1)	22	11	r2	r1	(7.53,-4.12)	8.58	-28.67
(1,-1)	25	14	r2	r1	(7.18,-4.71)	8.58	-33.25
(1,0)	1	17	r1	r1	(7.00,5.00)	8.60	35.54
(1,0)	18	17	r2	r1	(7.00,5.00)	8.60	35.54
(-1,0)	17	1	r1	r1	(-7.00,-5.00)	8.60	-144.46
(-1,0)	17	18	r1	r2	(-7.00,-5.00)	8.60	-144.46
(0,1)	1	34	r1	r2	(1.12,8.53)	8.60	82.53
(0,1)	18	34	r2	r2	(1.12,8.53)	8.60	82.53
(0,-1)	34	1	r2	r1	(-1.12,-8.53)	8.60	-97.47
(0,-1)	34	18	r2	r2	(-1.12,-8.53)	8.60	-97.47
(1,1)	1	11	r1	r1	(5.00,7.00)	8.60	54.46
(1,1)	1	25	r1	r2	(3.82,7.71)	8.60	63.61
(1,1)	2	12	r1	r1	(5.00,7.00)	8.60	54.46
(1,1)	3	13	r1	r1	(5.00,7.00)	8.60	54.46
(1,1)	6	16	r1	r1	(5.00,7.00)	8.60	54.46
(1,1)	7	17	r1	r1	(5.00,7.00)	8.60	54.46
(1,1)	18	11	r2	r1	(5.00,7.00)	8.60	54.46
(1,1)	18	25	r2	r2	(3.82,7.71)	8.60	63.61
(1,1)	19	29	r2	r2	(3.82,7.71)	8.60	63.61
(1,1)	20	30	r2	r2	(3.82,7.71)	8.60	63.61
(1,1)	23	33	r2	r2	(3.82,7.71)	8.60	63.61
(1,1)	24	34	r2	r2	(3.82,7.71)	8.60	63.61
(-1,1)	1	5	r1	r1	(-5.00,7.00)	8.60	125.54
(-1,1)	10	4	r1	r1	(-7.00,5.00)	8.60	144.46
(-1,1)	11	5	r1	r1	(-7.00,5.00)	8.60	144.46
(-1,1)	14	8	r1	r1	(-7.00,5.00)	8.60	144.46
(-1,1)	15	9	r1	r1	(-7.00,5.00)	8.60	144.46
(-1,1)	18	5	r2	r1	(-5.00,7.00)	8.60	125.54
(-1,1)	27	21	r2	r2	(-7.71,3.82)	8.60	153.61
(-1,1)	28	22	r2	r2	(-7.71,3.82)	8.60	153.61
(-1,1)	31	1	r2	r1	(-8.53,1.12)	8.60	172.53
(-1,1)	31	18	r2	r2	(-8.53,1.12)	8.60	172.53
(-1,1)	31	25	r2	r2	(-7.71,3.82)	8.60	153.61
(-1,1)	32	26	r2	r2	(-7.71,3.82)	8.60	153.61
(-1,-1)	11	1	r1	r1	(-5.00,-7.00)	8.60	-125.54
(-1,-1)	11	18	r1	r2	(-5.00,-7.00)	8.60	-125.54
(-1,-1)	12	2	r1	r1	(-5.00,-7.00)	8.60	-125.54
(-1,-1)	13	3	r1	r1	(-5.00,-7.00)	8.60	-125.54
(-1,-1)	16	6	r1	r1	(-5.00,-7.00)	8.60	-125.54
(-1,-1)	17	7	r1	r1	(-5.00,-7.00)	8.60	-125.54
(-1,-1)	25	1	r2	r1	(-3.82,-7.71)	8.60	-116.39
(-1,-1)	25	18	r2	r2	(-3.82,-7.71)	8.60	-116.39
(-1,-1)	29	19	r2	r2	(-3.82,-7.71)	8.60	-116.39
(-1,-1)	30	20	r2	r2	(-3.82,-7.71)	8.60	-116.39
(-1,-1)	33	23	r2	r2	(-3.82,-7.71)	8.60	-116.39
(-1,-1)	34	24	r2	r2	(-3.82,-7.71)	8.60	-116.39
(1,-1)	1	31	r1	r2	(8.53,-1.12)	8.60	-7.47
(1,-1)	4	10	r1	r1	(7.00,-5.00)	8.60	-35.54
(1,-1)	5	1	r1	r1	(5.00,-7.00)	8.60	-54.46
(1,-1)	5	11	r1	r1	(7.00,-5.00)	8.60	-35.54
(1,-1)	5	18	r1	r2	(5.00,-7.00)	8.60	-54.46
(1,-1)	8	14	r1	r1	(7.00,-5.00)	8.60	-35.54
(1,-1)	9	15	r1	r1	(7.00,-5.00)	8.60	-35.54
(1,-1)	18	31	r2	r2	(8.53,-1.12)	8.60	-7.47
(1,-1)	21	27	r2	r2	(7.71,-3.82)	8.60	-26.39
(1,-1)	22	28	r2	r2	(7.71,-3.82)	8.60	-26.39
(1,-1)	26	32	r2	r2	(7.71,-3.82)	8.60	-26.39
(1,-1)	25	31	r2	r2	(7.71,-3.82)	8.60	-26.39
(1,1)	3	33	r1	r2	(5.59,6.65)	8.68	49.95
(1,1)	6	30	r1	r2	(3.24,8.06)	8.68	68.13
(1,1)	20	16	r2	r1	(5.59,6.65)	8.68	49.95
(1,1)	23	13	r2	r1	(3.24,8.06)	8.68	68.13
(-1,1)	10	26	r1	r2	(-6.65,5.59)	8.68	139.95
(-1,1)	15	21	r1	r2	(-8.06,3.24)	8.68	158.13
(-1,1)	27	9	r2	r1	(-6.65,5.59)	8.68	139.95
(-1,1)	32	4	r2	r1	(-8.06,3.24)	8.68	158.13
(-1,-1)	13	23	r1	r2	(-3.24,-8.06)	8.68	-111.87
(-1,-1)	16	20	r1	r2	(-5.59,-6.65)	8.68	-130.05
(-1,-1)	30	6	r2	r1	(-3.24,-8.06)	8.68	-111.87
(-1,-1)	33	3	r2	r1	(-5.59,-6.65)	8.68	-130.05
(1,-1)	4	32	r1	r2	(8.06,-3.24)	8.68	-21.87
(1,-1)	9	27	r1	r2	(6.65,-5.59)	8.68	-40.05
(1,-1)	21	15	r2	r1	(8.06,-3.24)	8.68	-21.87
(1,-1)	26	10	r2	r1	(6.65,-5.59)	8.68	-40.05
(1,1)	2	31	r1	r2	(6.53,5.88)	8.79	42.02
(1,1)	14	34	r1	r2	(2.12,8.53)	8.79	76.06
(1,1)	19	5	r2	r1	(2.12,8.53)	8.79	76.06
(1,1)	22	17	r2	r1	(6.53,5.88)	8.79	42.02
(-1,1)	14	34	r1	r2	(-5.88,6.53)	8.79	132.02
(-1,1)	17	22	r1	r2	(-8.53,2.12)	8.79	166.06
(-1,1)	19	5	r2	r1	(-5.88,6.53)	8.79	132.02
(-1,1)	31	2	r2	r1	(-8.53,2.12)	8.79	166.06
(-1,-1)	5	19	r1	r2	(-2.12,-8.53)	8.79	-103.94
(-1,-1)	17	22	r1	r2	(-6.53,-5.88)	8.79	-137.98
(-1,-1)	31	2	r2	r1	(-6.53,-5.88)	8.79	-137.98
(-1,-1)	34	14	r2	r1	(-2.12,-8.53)	8.79	-103.94
(1,-1)	2	31	r1	r2	(8.53,-2.12)	8.79	-13.94
(1,-1)	5	19	r1	r2	(5.88,-6.53)	8.79	-47.98
(1,-1)	22	17	r2	r1	(8.53,-2.12)	8.79	-13.94
(1,-1)	34	14	r2	r1	(5.88,-6.53)	8.79	-47.98
(1,1)	6	33	r1	r2	(4.59,7.65)	8.92	59.04
(1,1)	20	13	r2	r1	(4.59,7.65)	8.92	59.04
(-1,1)	15	26	r1	r2	(-7.65,4.59)	8.92	149.04
(-1,1)	27	4	r2	r1	(-7.65,4.59)	8.92	149.04
(-1,-1)	13	20	r1	r2	(-4.59,-7.65)	8.92	-120.96
(-1,-1)	33	6	r2	r1	(-4.59,-7.65)	8.92	-120.96
(1,-1)	26	15	r2	r1	(7.65,-4.59)	8.92	-30.96
(1,-1)	4	27	r1	r2	(7.65,-4.59)	8.92	-30.96
(1,1)	1	28	r1	r2	(5.18,7.29)	8.94	54.64
(1,1)	18	28	r2	r2	(5.18,7.29)	8.94	54.64
(1,1)	19	32	r2	r2	(5.18,7.29)	8.94	54.64
(1,1)	20	33	r2	r2	(5.18,7.29)	8.94	54.64
(1,1)	21	34	r2	r2	(5.18,7.29)	8.94	54.64
(-1,1)	23	22	r2	r2	(-7.29,5.18)	8.94	144.64
(-1,1)	27	26	r2	r2	(-7.29,5.18)	8.94	144.64
(-1,1)	31	30	r2	r2	(-7.29,5.18)	8.94	144.64
(-1,-1)	28	1	r2	r1	(-5.18,-7.29)	8.94	-125.36
(-1,-1)	28	18	r2	r2	(-5.18,-7.29)	8.94	-125.36
(-1,-1)	32	19	r2	r2	(-5.18,-7.29)	8.94	-125.36
(-1,-1)	33	20	r2	r2	(-5.18,-7.29)	8.94	-125.36
(-1,-1)	34	21	r2	r2	(-5.18,-7.29)	8.94	-125.36
(1,-1)	26	27	r2	r2	(7.29,-5.18)	8.94	-35.36
(1,1)	1	8	r1	r1	(4.00,8.00)	8.94	63.43
(1,1)	2	9	r1	r1	(4.00,8.00)	8.94	63.43
(1,1)	6	13	r1	r1	(4.00,8.00)	8.94	63.43
(1,1)	10	17	r1	r1	(4.00,8.00)	8.94	63.43
(1,1)	18	8	r2	r1	(4.00,8.00)	8.94	63.43
(-1,1)	14	3	r1	r1	(-8.00,4.00)	8.94	153.43
(-1,1)	15	4	r1	r1	(-8.00,4.00)	8.94	153.43
(-1,1)	16	5	r1	r1	(-8.00,4.00)	8.94	153.43
(-1,-1)	8	1	r1	r1	(-4.00,-8.00)	8.94	-116.57
(-1,-1)	8	18	r1	r2	(-4.00,-8.00)	8.94	-116.57
(-1,-1)	9	2	r1	r1	(-4.00,-8.00)	8.94	-116.57
(-1,-1)	13	6	r1	r1	(-4.00,-8.00)	8.94	-116.57
(-1,-1)	17	10	r1	r1	(-4.00,-8.00)	8.94	-116.57
(1,-1)	3	14	r1	r1	(8.00,-4.00)	8.94	-26.57
(1,-1)	4	15	r1	r1	(8.00,-4.00)	8.94	-26.57
(1,-1)	5	16	r1	r1	(8.00,-4.00)	8.94	-26.57
(1,-1)	22	23	r2	r2	(7.29,-5.18)	8.94	-35.36
(1,-1)	30	31	r2	r2	(7.29,-5.18)	8.94	-35.36
(1,1)	2	32	r1	r2	(6.06,6.76)	9.08	48.15
(1,1)	10	34	r1	r2	(3.12,8.53)	9.08	69.92
(1,1)	19	9	r2	r1	(3.12,8.53)	9.08	69.92
(1,1)	21	17	r2	r1	(6.06,6.76)	9.08	48.15
(-1,1)	14	30	r1	r2	(-6.76,6.06)	9.08	138.15
(-1,1)	16	22	r1	r2	(-8.53,3.12)	9.08	159.92
(-1,1)	23	5	r2	r1	(-6.76,6.06)	9.08	138.15
(-1,1)	31	3	r2	r1	(-8.53,3.12)	9.08	159.92
(-1,-1)	9	19	r1	r2	(-3.12,-8.53)	9.08	-110.08
(-1,-1)	17	21	r1	r2	(-6.06,-6.76)	9.08	-131.85
(-1,-1)	32	2	r2	r1	(-6.06,-6.76)	9.08	-131.85
(-1,-1)	34	10	r2	r1	(-3.12,-8.53)	9.08	-110.08
(1,-1)	3	31	r1	r2	(8.53,-3.12)	9.08	-20.08
(1,-1)	5	23	r1	r2	(6.76,-6.06)	9.08	-41.85
(1,-1)	22	16	r2	r1	(8.53,-3.12)	9.08	-20.08
(1,-1)	30	14	r2	r1	(6.76,-6.06)	9.08	-41.85
(1,1)	3	34	r1	r2	(5.12,7.53)	9.10	55.80
(1,1)	19	16	r2	r1	(5.12,7.53)	9.10	55.80
(-1,1)	10	22	r1	r2	(-7.53,5.12)	9.10	145.80
(-1,1)	14	21	r1	r2	(-8.06,4.24)	9.10	152.28
(-1,1)	31	9	r2	r1	(-7.53,5.12)	9.10	145.80
(-1,-1)	16	19	r1	r2	(-5.12,-7.53)	9.10	-124.20
(-1,-1)	34	3	r2	r1	(-5.12,-7.53)	9.10	-124.20
(1,-1)	22	10	r2	r1	(7.53,-5.12)	9.10	-34.20
(1,1)	2	30	r1	r2	(4.24,8.06)	9.10	62.28
(1,1)	23	17	r2	r1	(4.24,8.06)	9.10	62.28
(-1,1)	32	5	r2	r1	(-8.06,4.24)	9.10	152.28
(-1,-1)	17	23	r1	r2	(-4.24,-8.06)	9.10	-117.72
(-1,-1)	30	2	r2	r1	(-4.24,-8.06)	9.10	-117.72
(1,-1)	5	32	r1	r2	(8.06,-4.24)	9.10	-27.72
(1,-1)	9	31	r1	r2	(7.53,-5.12)	9.10	-34.20
(1,-1)	21	14	r2	r1	(8.06,-4.24)	9.10	-27.72
(1,1)	1	15	r1	r1	(6.00,7.00)	9.22	49.40
(1,1)	1	26	r1	r2	(3.35,8.59)	9.22	68.67
(1,1)	2	16	r1	r1	(6.00,7.00)	9.22	49.40
(1,1)	3	17	r1	r1	(6.00,7.00)	9.22	49.40
(1,1)	18	15	r2	r1	(6.00,7.00)	9.22	49.40
(1,1)	18	26	r2	r2	(3.35,8.59)	9.22	68.67
(1,1)	19	30	r2	r2	(3.35,8.59)	9.22	68.67
(1,1)	23	34	r2	r2	(3.35,8.59)	9.22	68.67
(-1,1)	10	5	r1	r1	(-7.00,6.00)	9.22	139.40
(-1,1)	14	9	r1	r1	(-7.00,6.00)	9.22	139.40
(-1,1)	31	21	r2	r2	(-8.59,3.35)	9.22	158.67
(-1,1)	32	22	r2	r2	(-8.59,3.35)	9.22	158.67
(-1,-1)	15	1	r1	r1	(-6.00,-7.00)	9.22	-130.60
(-1,-1)	15	18	r1	r2	(-6.00,-7.00)	9.22	-130.60
(-1,-1)	16	2	r1	r1	(-6.00,-7.00)	9.22	-130.60
(-1,-1)	17	3	r1	r1	(-6.00,-7.00)	9.22	-130.60
(-1,-1)	26	1	r2	r1	(-3.35,-8.59)	9.22	-111.33
(-1,-1)	26	18	r2	r2	(-3.35,-8.59)	9.22	-111.33
(-1,-1)	30	19	r2	r2	(-3.35,-8.59)	9.22	-111.33
(-1,-1)	34	23	r2	r2	(-3.35,-8.59)	9.22	-111.33
(1,-1)	5	10	r1	r1	(7.00,-6.00)	9.22	-40.60
(1,-1)	9	14	r1	r1	(7.00,-6.00)	9.22	-40.60
(1,-1)	21	31	r2	r2	(8.59,-3.35)	9.22	-21.33
(1,-1)	22	32	r2	r2	(8.59,-3.35)	9.22	-21.33
(1,1)	1	12	r1	r1	(5.00,8.00)	9.43	57.99
(1,1)	1	29	r1	r2	(4.71,8.18)	9.43	60.08
(1,1)	2	13	r1	r1	(5.00,8.00)	9.43	57.99
(1,1)	6	17	r1	r1	(5.00,8.00)	9.43	57.99
(1,1)	18	12	r2	r1	(5.00,8.00)	9.43	57.99
(1,1)	18	29	r2	r2	(4.71,8.18)	9.43	60.08
(1,1)	19	33	r2	r2	(4.71,8.18)	9.43	60.08
(1,1)	20	34	r2	r2	(4.71,8.18)	9.43	60.08
(-1,1)	14	4	r1	r1	(-8.00,5.00)	9.43	147.99
(-1,1)	15	5	r1	r1	(-8.00,5.00)	9.43	147.99
(-1,1)	27	22	r2	r2	(-8.18,4.71)	9.43	150.08
(-1,1)	31	26	r2	r2	(-8.18,4.71)	9.43	150.08
(-1,-1)	12	1	r1	r1	(-5.00,-8.00)	9.43	-122.01
(-1,-1)	12	18	r1	r2	(-5.00,-8.00)	9.43	-122.01
(-1,-1)	13	2	r1	r1	(-5.00,-8.00)	9.43	-122.01
(-1,-1)	17	6	r1	r1	(-5.00,-8.00)	9.43	-122.01
(-1,-1)	29	1	r2	r1	(-4.71,-8.18)	9.43	-119.92
(-1,-1)	29	18	r2	r2	(-4.71,-8.18)	9.43	-119.92
(-1,-1)	33	19	r2	r2	(-4.71,-8.18)	9.43	-119.92
(-1,-1)	34	20	r2	r2	(-4.71,-8.18)	9.43	-119.92
(1,-1)	4	14	r1	r1	(8.00,-5.00)	9.43	-32.01
(1,-1)	5	15	r1	r1	(8.00,-5.00)	9.43	-32.01
(1,-1)	22	27	r2	r2	(8.18,-4.71)	9.43	-29.92
(1,-1)	26	31	r2	r2	(8.18,-4.71)	9.43	-29.92
(1,1)	2	33	r1	r2	(5.59,7.65)	9.47	53.84
(1,1)	20	17	r2	r1	(5.59,7.65)	9.47	53.84
(-1,1)	14	26	r1	r2	(-7.65,5.59)	9.47	143.84
(-1,1)	27	5	r2	r1	(-7.65,5.59)	9.47	143.84
(-1,-1)	17	20	r1	r2	(-5.59,-7.65)	9.47	-126.16
(-1,-1)	33	2	r2	r1	(-5.59,-7.65)	9.47	-126.16
(1,-1)	26	14	r2	r1	(7.65,-5.59)	9.47	-36.16
(1,1)	6	34	r1	r2	(4.12,8.53)	9.47	64.23
(1,1)	19	13	r2	r1	(4.12,8.53)	9.47	64.23
(-1,1)	15	22	r1	r2	(-8.53,4.12)	9.47	154.23
(-1,1)	31	4	r2	r1	(-8.53,4.12)	9.47	154.23
(-1,-1)	13	19	r1	r2	(-4.12,-8.53)	9.47	-115.77
(-1,-1)	34	6	r2	r1	(-4.12,-8.53)	9.47	-115.77
(1,-1)	4	31	r1	r2	(8.53,-4.12)	9.47	-25.77
(1,-1)	5	27	r1	r2	(7.65,-5.59)	9.47	-36.16
(1,-1)	22	15	r2	r1	(8.53,-4.12)	9.47	-25.77
(1,1)	1	5	r1	r1	(3.00,9.00)	9.49	71.57
(1,1)	1	31	r1	r2	(6.53,6.88)	9.49	46.51
(1,1)	18	5	r2	r1	(3.00,9.00)	9.49	71.57
(1,1)	18	31	r2	r2	(6.53,6.88)	9.49	46.51
(-1,-1)	5	1	r1	r1	(-3.00,-9.00)	9.49	-108.43
(-1,-1)	5	18	r1	r2	(-3.00,-9.00)	9.49	-108.43
(-1,-1)	31	1	r2	r1	(-6.53,-6.88)	9.49	-133.49
(-1,-1)	31	18	r2	r2	(-6.53,-6.88)	9.49	-133.49
(1,1)	1	9	r1	r1	(4.00,9.00)	9.85	66.04
(1,1)	1	32	r1	r2	(6.06,7.76)	9.85	52.03
(1,1)	18	9	r2	r1	(4.00,9.00)	9.85	66.04
(1,1)	18	32	r2	r2	(6.06,7.76)	9.85	52.03
(-1,-1)	9	1	r1	r1	(-4.00,-9.00)	9.85	-113.96
(-1,-1)	9	18	r1	r2	(-4.00,-9.00)	9.85	-113.96
(-1,-1)	32	1	r2	r1	(-6.06,-7.76)	9.85	-127.97
(-1,-1)	32	18	r2	r2	(-6.06,-7.76)	9.85	-127.97
(1,1)	2	34	r1	r2	(5.12,8.53)	9.95	59.04
(1,1)	19	17	r2	r1	(5.12,8.53)	9.95	59.04
(-1,1)	14	22	r1	r2	(-8.53,5.12)	9.95	149.04
(-1,1)	31	5	r2	r1	(-8.53,5.12)	9.95	149.04
(-1,-1)	17	19	r1	r2	(-5.12,-8.53)	9.95	-120.96
(-1,-1)	34	2	r2	r1	(-5.12,-8.53)	9.95	-120.96
(1,-1)	5	31	r1	r2	(8.53,-5.12)	9.95	-30.96
(1,-1)	22	14	r2	r1	(8.53,-5.12)	9.95	-30.96
(1,1)	1	16	r1	r1	(6.00,8.00)	10.00	53.13
(1,1)	1	30	r1	r2	(4.24,9.06)	10.00	64.94
(1,1)	2	17	r1	r1	(6.00,8.00)	10.00	53.13
(1,1)	18	16	r2	r1	(6.00,8.00)	10.00	53.13
(1,1)	18	30	r2	r2	(4.24,9.06)	10.00	64.94
(1,1)	19	34	r2	r2	(4.24,9.06)	10.00	64.94
(-1,1)	14	5	r1	r1	(-8.00,6.00)	10.00	143.13
(-1,1)	31	22	r2	r2	(-9.06,4.24)	10.00	154.94
(-1,-1)	16	1	r1	r1	(-6.00,-8.00)	10.00	-126.87
(-1,-1)	16	18	r1	r2	(-6.00,-8.00)	10.00	-126.87
(-1,-1)	17	2	r1	r1	(-6.00,-8.00)	10.00	-126.87
(-1,-1)	30	1	r2	r1	(-4.24,-9.06)	10.00	-115.06
(-1,-1)	30	18	r2	r2	(-4.24,-9.06)	10.00	-115.06
(-1,-1)	34	19	r2	r2	(-4.24,-9.06)	10.00	-115.06
(1,-1)	5	14	r1	r1	(8.00,-6.00)	10.00	-36.87
(1,-1)	22	31	r2	r2	(9.06,-4.24)	10.00	-25.06
(1,1)	1	33	r1	r2	(5.59,8.65)	10.30	57.13
(1,1)	18	33	r2	r2	(5.59,8.65)	10.30	57.13
(-1,-1)	33	1	r2	r1	(-5.59,-8.65)	10.30	-122.87
(-1,-1)	33	18	r2	r2	(-5.59,-8.65)	10.30	-122.87
(1,1)	1	13	r1	r1	(5.00,9.00)	10.30	60.95
(1,1)	18	13	r2	r1	(5.00,9.00)	10.30	60.95
(-1,-1)	13	1	r1	r1	(-5.00,-9.00)	10.30	-119.05
(-1,-1)	13	18	r1	r2	(-5.00,-9.00)	10.30	-119.05
(1,1)	1	34	r1	r2	(5.12,9.53)	10.82	61.76
(1,1)	18	34	r2	r2	(5.12,9.53)	10.82	61.76
(-1,-1)	34	1	r2	r1	(-5.12,-9.53)	10.82	-118.24
(-1,-1)	34	18	r2	r2	(-5.12,-9.53)	10.82	-118.24
(1,1)	1	17	r1	r1	(6.00,9.00)	10.82	56.31
(1,1)	18	17	r2	r1	(6.00,9.00)	10.82	56.31
(-1,-1)	17	1	r1	r1	(-6.00,-9.00)	10.82	-123.69
(-1,-1)	17	18	r1	r2	(-6.00,-9.00)	10.82	-123.69
