(0,0)	1	1	r1	r1	(0.00,0.00)	0.00	0.00
(0,0)	1	11	r1	r2	(0.00,0.00)	0.00	0.00
(0,0)	2	2	r1	r1	(0.00,0.00)	0.00	0.00
(0,0)	3	3	r1	r1	(0.00,0.00)	0.00	0.00
(0,0)	4	4	r1	r1	(0.00,0.00)	0.00	0.00
(0,0)	5	5	r1	r1	(0.00,0.00)	0.00	0.00
(0,0)	6	6	r1	r1	(0.00,0.00)	0.00	0.00
(0,0)	6	16	r1	r2	(0.00,0.00)	0.00	0.00
(0,0)	7	7	r1	r1	(0.00,0.00)	0.00	0.00
(0,0)	8	8	r1	r1	(0.00,0.00)	0.00	0.00
(0,0)	9	9	r1	r1	(0.00,0.00)	0.00	0.00
(0,0)	10	10	r1	r1	(0.00,0.00)	0.00	0.00
(0,0)	11	1	r2	r1	(0.00,0.00)	0.00	0.00
(0,0)	11	11	r2	r2	(0.00,0.00)	0.00	0.00
(0,0)	12	12	r2	r2	(0.00,0.00)	0.00	0.00
(0,0)	13	13	r2	r2	(0.00,0.00)	0.00	0.00
(0,0)	14	14	r2	r2	(0.00,0.00)	0.00	0.00
(0,0)	15	15	r2	r2	(0.00,0.00)	0.00	0.00
(0,0)	16	6	r2	r1	(0.00,0.00)	0.00	0.00
(0,0)	16	16	r2	r2	(0.00,0.00)	0.00	0.00
(0,0)	17	17	r2	r2	(0.00,0.00)	0.00	0.00
(0,0)	18	18	r2	r2	(0.00,0.00)	0.00	0.00
(0,0)	19	19	r2	r2	(0.00,0.00)	0.00	0.00
(0,0)	20	20	r2	r2	(0.00,0.00)	0.00	0.00
(0,0)	10	19	r1	r2	(-0.20,-0.40)	0.45	-116.57
(0,0)	19	10	r2	r1	(0.20,0.40)	0.45	63.43
(0,0)	8	15	r1	r2	(-0.40,0.20)	0.45	153.43
(0,0)	15	8	r2	r1	(0.40,-0.20)	0.45	-26.57
(0,0)	2	13	r1	r2	(0.20,0.40)	0.45	63.43
(0,0)	13	2	r2	r1	(-0.20,-0.40)	0.45	-116.57
(0,0)	3	14	r1	r2	(-0.40,0.20)	0.45	153.43
(0,0)	5	12	r1	r2	(-0.20,-0.40)	0.45	-116.57
(0,0)	7	20	r1	r2	(0.20,0.40)	0.45	63.43
(0,0)	12	5	r2	r1	(0.20,0.40)	0.45	63.43
(0,0)	14	3	r2	r1	(0.40,-0.20)	0.45	-26.57
(0,0)	20	7	r2	r1	(-0.20,-0.40)	0.45	-116.57
(0,0)	4	17	r1	r2	(0.40,-0.20)	0.45	-26.57
(0,0)	17	4	r2	r1	(-0.40,0.20)	0.45	153.43
(0,0)	9	18	r1	r2	(0.40,-0.20)	0.45	-26.57
(0,0)	18	9	r2	r1	(-0.40,0.20)	0.45	153.43
(1,0)	18	2	r2	r1	(0.60,0.20)	0.63	18.43
(0,0)	7	17	r1	r2	(-0.60,-0.20)	0.63	-161.57
(0,0)	17	7	r2	r1	(0.60,0.20)	0.63	18.43
(0,0)	5	15	r1	r2	(0.60,0.20)	0.63	18.43
(0,0)	9	19	r1	r2	(-0.20,0.60)	0.63	108.43
(0,0)	15	5	r2	r1	(-0.60,-0.20)	0.63	-161.57
(0,0)	19	9	r2	r1	(0.20,-0.60)	0.63	-71.57
(-1,0)	2	18	r1	r2	(-0.60,-0.20)	0.63	-161.57
(0,-1)	12	4	r2	r1	(0.20,-0.60)	0.63	-71.57
(0,0)	3	13	r1	r2	(0.20,-0.60)	0.63	-71.57
(0,0)	13	3	r2	r1	(-0.20,0.60)	0.63	108.43
(1,0)	10	14	r1	r2	(0.60,0.20)	0.63	18.43
(-1,0)	14	10	r2	r1	(-0.60,-0.20)	0.63	-161.57
(0,1)	20	8	r2	r1	(-0.20,0.60)	0.63	108.43
(0,-1)	8	20	r1	r2	(0.20,-0.60)	0.63	-71.57
(0,1)	4	12	r1	r2	(-0.20,0.60)	0.63	108.43
(0,0)	4	14	r1	r2	(-0.40,-0.80)	0.89	-116.57
(0,0)	10	20	r1	r2	(-0.80,0.40)	0.89	153.43
(0,0)	14	4	r2	r1	(0.40,0.80)	0.89	63.43
(0,0)	20	10	r2	r1	(0.80,-0.40)	0.89	-26.57
(0,0)	3	17	r1	r2	(0.40,0.80)	0.89	63.43
(0,0)	5	13	r1	r2	(-0.80,0.40)	0.89	153.43
(0,0)	13	5	r2	r1	(0.80,-0.40)	0.89	-26.57
(0,0)	17	3	r2	r1	(-0.40,-0.80)	0.89	-116.57
(0,0)	8	18	r1	r2	(0.40,0.80)	0.89	63.43
(0,0)	9	15	r1	r2	(-0.40,-0.80)	0.89	-116.57
(0,0)	15	9	r2	r1	(0.40,0.80)	0.89	63.43
(0,0)	18	8	r2	r1	(-0.40,-0.80)	0.89	-116.57
(0,0)	2	12	r1	r2	(0.80,-0.40)	0.89	-26.57
(0,0)	12	2	r2	r1	(-0.80,0.40)	0.89	153.43
(0,0)	7	19	r1	r2	(0.80,-0.40)	0.89	-26.57
(0,0)	19	7	r2	r1	(-0.80,0.40)	0.89	153.43
(1,0)	18	1	r2	r1	(0.60,-0.80)	1.00	-53.13
(0,0)	6	17	r1	r2	(-0.60,0.80)	1.00	126.87
(0,0)	16	17	r2	r2	(-0.60,0.80)	1.00	126.87
(0,0)	17	6	r2	r1	(0.60,-0.80)	1.00	-53.13
(0,0)	17	16	r2	r2	(0.60,-0.80)	1.00	-53.13
(1,0)	18	11	r2	r2	(0.60,-0.80)	1.00	-53.13
(0,1)	4	11	r1	r2	(-1.00,0.00)	1.00	180.00
(0,0)	12	13	r2	r2	(-0.60,0.80)	1.00	126.87
(0,0)	13	12	r2	r2	(0.60,-0.80)	1.00	-53.13
(0,0)	14	17	r2	r2	(0.80,0.60)	1.00	36.87
(0,0)	17	14	r2	r2	(-0.80,-0.60)	1.00	-143.13
(0,0)	19	20	r2	r2	(-0.60,0.80)	1.00	126.87
(0,0)	20	19	r2	r2	(0.60,-0.80)	1.00	-53.13
(1,0)	18	13	r2	r2	(0.80,0.60)	1.00	36.87
(1,0)	19	14	r2	r2	(0.80,0.60)	1.00	36.87
(0,1)	14	1	r2	r1	(-0.60,0.80)	1.00	126.87
(1,1)	20	1	r2	r1	(0.80,0.60)	1.00	36.87
(1,1)	20	11	r2	r2	(0.80,0.60)	1.00	36.87
(0,0)	1	2	r1	r1	(0.00,1.00)	1.00	90.00
(0,0)	1	12	r1	r2	(0.80,0.60)	1.00	36.87
(0,0)	2	1	r1	r1	(0.00,-1.00)	1.00	-90.00
(0,0)	2	3	r1	r1	(0.00,1.00)	1.00	90.00
(0,0)	2	5	r1	r1	(1.00,0.00)	1.00	0.00
(0,0)	2	11	r1	r2	(0.00,-1.00)	1.00	-90.00
(0,0)	3	2	r1	r1	(0.00,-1.00)	1.00	-90.00
(0,0)	3	4	r1	r1	(0.00,1.00)	1.00	90.00
(0,0)	3	6	r1	r1	(1.00,0.00)	1.00	0.00
(0,0)	3	16	r1	r2	(1.00,0.00)	1.00	0.00
(0,0)	4	3	r1	r1	(0.00,-1.00)	1.00	-90.00
(0,0)	4	7	r1	r1	(1.00,0.00)	1.00	0.00
(0,0)	5	2	r1	r1	(-1.00,0.00)	1.00	180.00
(0,0)	5	6	r1	r1	(0.00,1.00)	1.00	90.00
(0,0)	5	8	r1	r1	(1.00,0.00)	1.00	0.00
(0,0)	5	16	r1	r2	(0.00,1.00)	1.00	90.00
(0,0)	6	3	r1	r1	(-1.00,0.00)	1.00	180.00
(0,0)	6	5	r1	r1	(0.00,-1.00)	1.00	-90.00
(0,0)	6	7	r1	r1	(0.00,1.00)	1.00	90.00
(0,0)	6	9	r1	r1	(1.00,0.00)	1.00	0.00
(0,0)	6	13	r1	r2	(-0.80,-0.60)	1.00	-143.13
(0,0)	6	15	r1	r2	(0.60,-0.80)	1.00	-53.13
(0,0)	7	4	r1	r1	(-1.00,0.00)	1.00	180.00
(0,0)	7	6	r1	r1	(0.00,-1.00)	1.00	-90.00
(0,0)	7	10	r1	r1	(1.00,0.00)	1.00	0.00
(0,0)	7	16	r1	r2	(0.00,-1.00)	1.00	-90.00
(0,0)	8	5	r1	r1	(-1.00,0.00)	1.00	180.00
(0,0)	8	9	r1	r1	(0.00,1.00)	1.00	90.00
(0,0)	9	6	r1	r1	(-1.00,0.00)	1.00	180.00
(0,0)	9	8	r1	r1	(0.00,-1.00)	1.00	-90.00
(0,0)	9	10	r1	r1	(0.00,1.00)	1.00	90.00
(0,0)	9	16	r1	r2	(-1.00,0.00)	1.00	180.00
(0,0)	10	7	r1	r1	(-1.00,0.00)	1.00	180.00
(0,0)	10	9	r1	r1	(0.00,-1.00)	1.00	-90.00
(0,0)	11	2	r2	r1	(0.00,1.00)	1.00	90.00
(0,0)	11	12	r2	r2	(0.80,0.60)	1.00	36.87
(0,0)	12	1	r2	r1	(-0.80,-0.60)	1.00	-143.13
(0,0)	12	11	r2	r2	(-0.80,-0.60)	1.00	-143.13
(0,0)	12	15	r2	r2	(0.80,0.60)	1.00	36.87
(0,0)	13	6	r2	r1	(0.80,0.60)	1.00	36.87
(0,0)	13	16	r2	r2	(0.80,0.60)	1.00	36.87
(0,0)	15	6	r2	r1	(-0.60,0.80)	1.00	126.87
(0,0)	15	12	r2	r2	(-0.80,-0.60)	1.00	-143.13
(0,0)	15	16	r2	r2	(-0.60,0.80)	1.00	126.87
(0,0)	15	18	r2	r2	(0.80,0.60)	1.00	36.87
(0,0)	16	3	r2	r1	(-1.00,0.00)	1.00	180.00
(0,0)	16	5	r2	r1	(0.00,-1.00)	1.00	-90.00
(0,0)	16	7	r2	r1	(0.00,1.00)	1.00	90.00
(0,0)	16	9	r2	r1	(1.00,0.00)	1.00	0.00
(0,0)	16	13	r2	r2	(-0.80,-0.60)	1.00	-143.13
(0,0)	16	15	r2	r2	(0.60,-0.80)	1.00	-53.13
(0,0)	17	20	r2	r2	(0.80,0.60)	1.00	36.87
(0,0)	18	15	r2	r2	(-0.80,-0.60)	1.00	-143.13
(0,0)	20	17	r2	r2	(-0.80,-0.60)	1.00	-143.13
(1,0)	8	1	r1	r1	(1.00,0.00)	1.00	0.00
(1,0)	8	11	r1	r2	(1.00,-0.00)	1.00	-0.00
(1,0)	9	2	r1	r1	(1.00,0.00)	1.00	0.00
(1,0)	10	3	r1	r1	(1.00,0.00)	1.00	0.00
(-1,0)	1	8	r1	r1	(-1.00,0.00)	1.00	180.00
(-1,0)	1	18	r1	r2	(-0.60,0.80)	1.00	126.87
(-1,0)	2	9	r1	r1	(-1.00,0.00)	1.00	180.00
(-1,0)	3	10	r1	r1	(-1.00,0.00)	1.00	180.00
(-1,0)	11	8	r2	r1	(-1.00,0.00)	1.00	180.00
(-1,0)	11	18	r2	r2	(-0.60,0.80)	1.00	126.87
(-1,0)	13	18	r2	r2	(-0.80,-0.60)	1.00	-143.13
(-1,0)	14	19	r2	r2	(-0.80,-0.60)	1.00	-143.13
(0,1)	4	1	r1	r1	(-1.00,0.00)	1.00	180.00
(0,1)	4	5	r1	r1	(0.00,1.00)	1.00	90.00
(0,1)	7	8	r1	r1	(0.00,1.00)	1.00	90.00
(0,1)	14	11	r2	r2	(-0.60,0.80)	1.00	126.87
(0,1)	20	15	r2	r2	(-0.60,0.80)	1.00	126.87
(0,-1)	1	4	r1	r1	(1.00,0.00)	1.00	0.00
(0,-1)	1	14	r1	r2	(0.60,-0.80)	1.00	-53.13
(0,-1)	5	4	r1	r1	(0.00,-1.00)	1.00	-90.00
(0,-1)	8	7	r1	r1	(0.00,-1.00)	1.00	-90.00
(0,-1)	11	4	r2	r1	(1.00,0.00)	1.00	0.00
(0,-1)	11	14	r2	r2	(0.60,-0.80)	1.00	-53.13
(0,-1)	12	17	r2	r2	(0.60,-0.80)	1.00	-53.13
(0,-1)	15	20	r2	r2	(0.60,-0.80)	1.00	-53.13
(1,1)	10	1	r1	r1	(0.00,1.00)	1.00	90.00
(1,1)	10	11	r1	r2	(0.00,1.00)	1.00	90.00
(-1,-1)	1	10	r1	r1	(0.00,-1.00)	1.00	-90.00
(-1,-1)	1	20	r1	r2	(-0.80,-0.60)	1.00	-143.13
(-1,-1)	11	10	r2	r1	(0.00,-1.00)	1.00	-90.00
(-1,-1)	11	20	r2	r2	(-0.80,-0.60)	1.00	-143.13
(0,0)	6	19	r1	r2	(0.80,0.60)	1.00	36.87
(0,0)	13	14	r2	r2	(-0.60,0.80)	1.00	126.87
(0,0)	14	13	r2	r2	(0.60,-0.80)	1.00	-53.13
(0,0)	16	19	r2	r2	(0.80,0.60)	1.00	36.87
(0,0)	18	19	r2	r2	(-0.60,0.80)	1.00	126.87
(0,0)	19	6	r2	r1	(-0.80,-0.60)	1.00	-143.13
(0,0)	19	16	r2	r2	(-0.80,-0.60)	1.00	-143.13
(0,0)	19	18	r2	r2	(0.60,-0.80)	1.00	-53.13
(0,1)	17	12	r2	r2	(-0.60,0.80)	1.00	126.87
(1,0)	19	3	r2	r1	(1.20,0.40)	1.26	18.43
(0,0)	2	14	r1	r2	(-0.40,1.20)	1.26	108.43
(0,0)	4	20	r1	r2	(1.20,0.40)	1.26	18.43
(0,0)	8	12	r1	r2	(-1.20,-0.40)	1.26	-161.57
(0,0)	12	8	r2	r1	(1.20,0.40)	1.26	18.43
(0,0)	14	2	r2	r1	(0.40,-1.20)	1.26	-71.57
(0,0)	20	4	r2	r1	(-1.20,-0.40)	1.26	-161.57
(1,0)	9	13	r1	r2	(1.20,0.40)	1.26	18.43
(-1,0)	3	19	r1	r2	(-1.20,-0.40)	1.26	-161.57
(-1,0)	13	9	r2	r1	(-1.20,-0.40)	1.26	-161.57
(0,1)	7	15	r1	r2	(-0.40,1.20)	1.26	108.43
(0,-1)	5	17	r1	r2	(0.40,-1.20)	1.26	-71.57
(0,-1)	15	7	r2	r1	(0.40,-1.20)	1.26	-71.57
(0,0)	10	18	r1	r2	(0.40,-1.20)	1.26	-71.57
(0,0)	18	10	r2	r1	(-0.40,1.20)	1.26	108.43
(0,1)	17	5	r2	r1	(-0.40,1.20)	1.26	108.43
(1,0)	19	2	r2	r1	(1.20,-0.60)	1.34	-26.57
(1,0)	18	3	r2	r1	(0.60,1.20)	1.34	63.43
(-1,0)	2	19	r1	r2	(-1.20,0.60)	1.34	153.43
(-1,0)	3	18	r1	r2	(-0.60,-1.20)	1.34	-116.57
(0,1)	7	12	r1	r2	(-1.20,0.60)	1.34	153.43
(0,1)	17	8	r2	r1	(0.60,1.20)	1.34	63.43
(0,-1)	12	7	r2	r1	(1.20,-0.60)	1.34	-26.57
(0,-1)	15	4	r2	r1	(-0.60,-1.20)	1.34	-116.57
(1,0)	9	14	r1	r2	(0.60,1.20)	1.34	63.43
(1,0)	10	13	r1	r2	(1.20,-0.60)	1.34	-26.57
(-1,0)	13	10	r2	r1	(-1.20,0.60)	1.34	153.43
(-1,0)	14	9	r2	r1	(-0.60,-1.20)	1.34	-116.57
(0,1)	4	15	r1	r2	(0.60,1.20)	1.34	63.43
(0,1)	20	5	r2	r1	(-1.20,0.60)	1.34	153.43
(0,-1)	5	20	r1	r2	(1.20,-0.60)	1.34	-26.57
(0,-1)	8	17	r1	r2	(-0.60,-1.20)	1.34	-116.57
(0,0)	1	13	r1	r2	(0.20,1.40)	1.41	81.87
(0,0)	6	12	r1	r2	(-0.20,-1.40)	1.41	-98.13
(0,0)	6	14	r1	r2	(-1.40,0.20)	1.41	171.87
(0,0)	6	20	r1	r2	(0.20,1.40)	1.41	81.87
(0,0)	11	13	r2	r2	(0.20,1.40)	1.41	81.87
(0,0)	12	6	r2	r1	(0.20,1.40)	1.41	81.87
(0,0)	12	16	r2	r2	(0.20,1.40)	1.41	81.87
(0,0)	13	1	r2	r1	(-0.20,-1.40)	1.41	-98.13
(0,0)	13	11	r2	r2	(-0.20,-1.40)	1.41	-98.13
(0,0)	13	15	r2	r2	(1.40,-0.20)	1.41	-8.13
(0,0)	13	17	r2	r2	(0.20,1.40)	1.41	81.87
(0,0)	14	6	r2	r1	(1.40,-0.20)	1.41	-8.13
(0,0)	14	16	r2	r2	(1.40,-0.20)	1.41	-8.13
(0,0)	15	13	r2	r2	(-1.40,0.20)	1.41	171.87
(0,0)	16	12	r2	r2	(-0.20,-1.40)	1.41	-98.13
(0,0)	16	14	r2	r2	(-1.40,0.20)	1.41	171.87
(0,0)	16	20	r2	r2	(0.20,1.40)	1.41	81.87
(0,0)	17	13	r2	r2	(-0.20,-1.40)	1.41	-98.13
(0,0)	20	6	r2	r1	(-0.20,-1.40)	1.41	-98.13
(0,0)	20	16	r2	r2	(-0.20,-1.40)	1.41	-98.13
(1,0)	15	1	r2	r1	(1.40,-0.20)	1.41	-8.13
(1,0)	15	11	r2	r2	(1.40,-0.20)	1.41	-8.13
(1,0)	18	12	r2	r2	(1.40,-0.20)	1.41	-8.13
(1,0)	19	13	r2	r2	(1.40,-0.20)	1.41	-8.13
(1,0)	20	14	r2	r2	(1.40,-0.20)	1.41	-8.13
(-1,0)	1	15	r1	r2	(-1.40,0.20)	1.41	171.87
(-1,0)	11	15	r2	r2	(-1.40,0.20)	1.41	171.87
(-1,0)	12	18	r2	r2	(-1.40,0.20)	1.41	171.87
(-1,0)	13	19	r2	r2	(-1.40,0.20)	1.41	171.87
(-1,0)	14	20	r2	r2	(-1.40,0.20)	1.41	171.87
(0,-1)	1	17	r1	r2	(1.40,-0.20)	1.41	-8.13
(0,-1)	11	17	r2	r2	(1.40,-0.20)	1.41	-8.13
(0,-1)	12	14	r2	r2	(-0.20,-1.40)	1.41	-98.13
(0,-1)	15	17	r2	r2	(-0.20,-1.40)	1.41	-98.13
(0,-1)	18	20	r2	r2	(-0.20,-1.40)	1.41	-98.13
(1,1)	19	1	r2	r1	(0.20,1.40)	1.41	81.87
(1,1)	19	11	r2	r2	(0.20,1.40)	1.41	81.87
(-1,-1)	1	19	r1	r2	(-0.20,-1.40)	1.41	-98.13
(-1,-1)	11	19	r2	r2	(-0.20,-1.40)	1.41	-98.13
(0,0)	1	5	r1	r1	(1.00,1.00)	1.41	45.00
(0,0)	2	6	r1	r1	(1.00,1.00)	1.41	45.00
(0,0)	2	16	r1	r2	(1.00,1.00)	1.41	45.00
(0,0)	3	5	r1	r1	(1.00,-1.00)	1.41	-45.00
(0,0)	3	7	r1	r1	(1.00,1.00)	1.41	45.00
(0,0)	4	6	r1	r1	(1.00,-1.00)	1.41	-45.00
(0,0)	4	16	r1	r2	(1.00,-1.00)	1.41	-45.00
(0,0)	5	1	r1	r1	(-1.00,-1.00)	1.41	-135.00
(0,0)	5	3	r1	r1	(-1.00,1.00)	1.41	135.00
(0,0)	5	9	r1	r1	(1.00,1.00)	1.41	45.00
(0,0)	5	11	r1	r2	(-1.00,-1.00)	1.41	-135.00
(0,0)	6	2	r1	r1	(-1.00,-1.00)	1.41	-135.00
(0,0)	6	4	r1	r1	(-1.00,1.00)	1.41	135.00
(0,0)	6	8	r1	r1	(1.00,-1.00)	1.41	-45.00
(0,0)	6	10	r1	r1	(1.00,1.00)	1.41	45.00
(0,0)	7	3	r1	r1	(-1.00,-1.00)	1.41	-135.00
(0,0)	7	9	r1	r1	(1.00,-1.00)	1.41	-45.00
(0,0)	8	6	r1	r1	(-1.00,1.00)	1.41	135.00
(0,0)	8	16	r1	r2	(-1.00,1.00)	1.41	135.00
(0,0)	9	5	r1	r1	(-1.00,-1.00)	1.41	-135.00
(0,0)	9	7	r1	r1	(-1.00,1.00)	1.41	135.00
(0,0)	10	6	r1	r1	(-1.00,-1.00)	1.41	-135.00
(0,0)	10	16	r1	r2	(-1.00,-1.00)	1.41	-135.00
(0,0)	11	5	r2	r1	(1.00,1.00)	1.41	45.00
(0,0)	15	19	r2	r2	(0.20,1.40)	1.41	81.87
(0,0)	16	2	r2	r1	(-1.00,-1.00)	1.41	-135.00
(0,0)	16	4	r2	r1	(-1.00,1.00)	1.41	135.00
(0,0)	16	8	r2	r1	(1.00,-1.00)	1.41	-45.00
(0,0)	16	10	r2	r1	(1.00,1.00)	1.41	45.00
(0,0)	17	19	r2	r2	(1.40,-0.20)	1.41	-8.13
(0,0)	19	15	r2	r2	(-0.20,-1.40)	1.41	-98.13
(0,0)	19	17	r2	r2	(-1.40,0.20)	1.41	171.87
(1,0)	8	2	r1	r1	(1.00,1.00)	1.41	45.00
(1,0)	9	1	r1	r1	(1.00,-1.00)	1.41	-45.00
(1,0)	9	3	r1	r1	(1.00,1.00)	1.41	45.00
(1,0)	9	11	r1	r2	(1.00,-1.00)	1.41	-45.00
(1,0)	10	2	r1	r1	(1.00,-1.00)	1.41	-45.00
(1,0)	10	4	r1	r1	(1.00,1.00)	1.41	45.00
(-1,0)	1	9	r1	r1	(-1.00,1.00)	1.41	135.00
(-1,0)	2	8	r1	r1	(-1.00,-1.00)	1.41	-135.00
(-1,0)	2	10	r1	r1	(-1.00,1.00)	1.41	135.00
(-1,0)	3	9	r1	r1	(-1.00,-1.00)	1.41	-135.00
(-1,0)	4	10	r1	r1	(-1.00,-1.00)	1.41	-135.00
(-1,0)	11	9	r2	r1	(-1.00,1.00)	1.41	135.00
(-1,0)	14	18	r2	r2	(-0.20,-1.40)	1.41	-98.13
(0,1)	3	1	r1	r1	(-1.00,1.00)	1.41	135.00
(0,1)	3	11	r1	r2	(-1.00,1.00)	1.41	135.00
(0,1)	4	2	r1	r1	(-1.00,1.00)	1.41	135.00
(0,1)	4	8	r1	r1	(1.00,1.00)	1.41	45.00
(0,1)	7	5	r1	r1	(-1.00,1.00)	1.41	135.00
(0,1)	10	8	r1	r1	(-1.00,1.00)	1.41	135.00
(0,1)	17	1	r2	r1	(-1.40,0.20)	1.41	171.87
(0,1)	17	11	r2	r2	(-1.40,0.20)	1.41	171.87
(0,1)	20	12	r2	r2	(-1.40,0.20)	1.41	171.87
(0,-1)	1	3	r1	r1	(1.00,-1.00)	1.41	-45.00
(0,-1)	2	4	r1	r1	(1.00,-1.00)	1.41	-45.00
(0,-1)	5	7	r1	r1	(1.00,-1.00)	1.41	-45.00
(0,-1)	8	4	r1	r1	(-1.00,-1.00)	1.41	-135.00
(0,-1)	8	10	r1	r1	(1.00,-1.00)	1.41	-45.00
(0,-1)	11	3	r2	r1	(1.00,-1.00)	1.41	-45.00
(0,-1)	12	20	r2	r2	(1.40,-0.20)	1.41	-8.13
(1,1)	7	1	r1	r1	(1.00,1.00)	1.41	45.00
(1,1)	7	11	r1	r2	(1.00,1.00)	1.41	45.00
(-1,-1)	1	7	r1	r1	(-1.00,-1.00)	1.41	-135.00
(-1,-1)	11	7	r2	r1	(-1.00,-1.00)	1.41	-135.00
(1,0)	18	14	r2	r2	(0.20,1.40)	1.41	81.87
(0,0)	6	18	r1	r2	(1.40,-0.20)	1.41	-8.13
(0,0)	16	18	r2	r2	(1.40,-0.20)	1.41	-8.13
(0,0)	18	6	r2	r1	(-1.40,0.20)	1.41	171.87
(0,0)	18	16	r2	r2	(-1.40,0.20)	1.41	171.87
(0,1)	14	12	r2	r2	(0.20,1.40)	1.41	81.87
(0,1)	17	15	r2	r2	(0.20,1.40)	1.41	81.87
(0,1)	20	18	r2	r2	(0.20,1.40)	1.41	81.87
(1,0)	18	5	r2	r1	(1.60,0.20)	1.61	7.13
(0,0)	3	12	r1	r2	(0.80,-1.40)	1.61	-60.26
(0,0)	7	14	r1	r2	(-1.40,-0.80)	1.61	-150.26
(0,0)	9	20	r1	r2	(-0.80,1.40)	1.61	119.74
(0,0)	10	17	r1	r2	(-1.60,-0.20)	1.61	-172.87
(0,0)	12	3	r2	r1	(-0.80,1.40)	1.61	119.74
(0,0)	14	7	r2	r1	(1.40,0.80)	1.61	29.74
(0,0)	17	10	r2	r1	(1.60,0.20)	1.61	7.13
(0,0)	20	9	r2	r1	(0.80,-1.40)	1.61	-60.26
(1,0)	15	2	r2	r1	(1.40,0.80)	1.61	29.74
(-1,0)	2	15	r1	r2	(-1.40,-0.80)	1.61	-150.26
(0,-1)	13	4	r2	r1	(0.80,-1.40)	1.61	-60.26
(0,0)	2	15	r1	r2	(1.60,0.20)	1.61	7.13
(0,0)	4	13	r1	r2	(0.20,-1.60)	1.61	-82.87
(0,0)	5	18	r1	r2	(1.40,0.80)	1.61	29.74
(0,0)	8	19	r1	r2	(-0.20,1.60)	1.61	97.13
(0,0)	13	4	r2	r1	(-0.20,1.60)	1.61	97.13
(0,0)	15	2	r2	r1	(-1.60,-0.20)	1.61	-172.87
(0,0)	18	5	r2	r1	(-1.40,-0.80)	1.61	-150.26
(0,0)	19	8	r2	r1	(0.20,-1.60)	1.61	-82.87
(1,0)	7	14	r1	r2	(1.60,0.20)	1.61	7.13
(1,0)	10	17	r1	r2	(1.40,0.80)	1.61	29.74
(-1,0)	5	18	r1	r2	(-1.60,-0.20)	1.61	-172.87
(-1,0)	14	7	r2	r1	(-1.60,-0.20)	1.61	-172.87
(-1,0)	17	10	r2	r1	(-1.40,-0.80)	1.61	-150.26
(0,1)	4	13	r1	r2	(-0.80,1.40)	1.61	119.74
(0,1)	19	8	r2	r1	(-0.80,1.40)	1.61	119.74
(0,1)	20	9	r2	r1	(-0.20,1.60)	1.61	97.13
(0,-1)	8	19	r1	r2	(0.80,-1.40)	1.61	-60.26
(0,-1)	9	20	r1	r2	(0.20,-1.60)	1.61	-82.87
(0,-1)	12	3	r2	r1	(0.20,-1.60)	1.61	-82.87
(0,1)	3	12	r1	r2	(-0.20,1.60)	1.61	97.13
(1,-1)	18	4	r2	r1	(1.60,-0.80)	1.79	-26.57
(0,0)	9	17	r1	r2	(-1.60,0.80)	1.79	153.43
(0,0)	17	9	r2	r1	(1.60,-0.80)	1.79	-26.57
(1,1)	10	12	r1	r2	(0.80,1.60)	1.79	63.43
(0,0)	7	13	r1	r2	(-0.80,-1.60)	1.79	-116.57
(0,0)	13	7	r2	r1	(0.80,1.60)	1.79	63.43
(1,1)	20	2	r2	r1	(0.80,1.60)	1.79	63.43
(-1,1)	4	18	r1	r2	(-1.60,0.80)	1.79	153.43
(-1,1)	14	8	r2	r1	(-1.60,0.80)	1.79	153.43
(0,0)	3	15	r1	r2	(1.60,-0.80)	1.79	-26.57
(0,0)	15	3	r2	r1	(-1.60,0.80)	1.79	153.43
(-1,-1)	2	20	r1	r2	(-0.80,-1.60)	1.79	-116.57
(-1,-1)	12	10	r2	r1	(-0.80,-1.60)	1.79	-116.57
(1,-1)	8	14	r1	r2	(1.60,-0.80)	1.79	-26.57
(0,0)	5	19	r1	r2	(0.80,1.60)	1.79	63.43
(0,0)	19	5	r2	r1	(-0.80,-1.60)	1.79	-116.57
(0,0)	2	17	r1	r2	(0.40,1.80)	1.84	77.47
(0,0)	8	13	r1	r2	(-1.80,0.40)	1.84	167.47
(0,0)	9	12	r1	r2	(-1.20,-1.40)	1.84	-130.60
(0,0)	12	9	r2	r1	(1.20,1.40)	1.84	49.40
(0,0)	13	8	r2	r1	(1.80,-0.40)	1.84	-12.53
(0,0)	17	2	r2	r1	(-0.40,-1.80)	1.84	-102.53
(1,0)	19	4	r2	r1	(1.20,1.40)	1.84	49.40
(1,0)	20	3	r2	r1	(1.80,-0.40)	1.84	-12.53
(-1,0)	3	20	r1	r2	(-1.80,0.40)	1.84	167.47
(-1,0)	4	19	r1	r2	(-1.20,-1.40)	1.84	-130.60
(0,1)	10	15	r1	r2	(-1.40,1.20)	1.84	139.40
(0,1)	14	5	r2	r1	(0.40,1.80)	1.84	77.47
(0,-1)	15	10	r2	r1	(1.40,-1.20)	1.84	-40.60
(0,-1)	18	7	r2	r1	(-0.40,-1.80)	1.84	-102.53
(0,0)	3	20	r1	r2	(1.20,1.40)	1.84	49.40
(0,0)	5	14	r1	r2	(-1.40,1.20)	1.84	139.40
(0,0)	10	15	r1	r2	(-0.40,-1.80)	1.84	-102.53
(0,0)	14	5	r2	r1	(1.40,-1.20)	1.84	-40.60
(0,0)	15	10	r2	r1	(0.40,1.80)	1.84	77.47
(0,0)	20	3	r2	r1	(-1.20,-1.40)	1.84	-130.60
(1,0)	8	13	r1	r2	(1.20,1.40)	1.84	49.40
(-1,0)	12	9	r2	r1	(-1.80,0.40)	1.84	167.47
(-1,0)	13	8	r2	r1	(-1.20,-1.40)	1.84	-130.60
(0,-1)	2	17	r1	r2	(1.40,-1.20)	1.84	-40.60
(0,-1)	5	14	r1	r2	(-0.40,-1.80)	1.84	-102.53
(0,0)	4	19	r1	r2	(1.80,-0.40)	1.84	-12.53
(0,0)	7	18	r1	r2	(1.40,-1.20)	1.84	-40.60
(0,0)	18	7	r2	r1	(-1.40,1.20)	1.84	139.40
(0,0)	19	4	r2	r1	(-1.80,0.40)	1.84	167.47
(1,0)	9	12	r1	r2	(1.80,-0.40)	1.84	-12.53
(0,1)	17	2	r2	r1	(-1.40,1.20)	1.84	139.40
(0,1)	7	18	r1	r2	(0.40,1.80)	1.84	77.47
(0,0)	5	17	r1	r2	(-0.60,1.80)	1.90	108.43
(0,0)	17	5	r2	r1	(0.60,-1.80)	1.90	-71.57
(-1,0)	4	20	r1	r2	(-1.80,-0.60)	1.90	-161.57
(0,-1)	18	10	r2	r1	(0.60,-1.80)	1.90	-71.57
(0,0)	9	13	r1	r2	(-1.80,-0.60)	1.90	-161.57
(0,0)	13	9	r2	r1	(1.80,0.60)	1.90	18.43
(1,0)	20	4	r2	r1	(1.80,0.60)	1.90	18.43
(-1,0)	12	8	r2	r1	(-1.80,-0.60)	1.90	-161.57
(0,1)	14	2	r2	r1	(-0.60,1.80)	1.90	108.43
(0,-1)	2	14	r1	r2	(0.60,-1.80)	1.90	-71.57
(0,0)	7	15	r1	r2	(0.60,-1.80)	1.90	-71.57
(0,0)	15	7	r2	r1	(-0.60,1.80)	1.90	108.43
(1,0)	8	12	r1	r2	(1.80,0.60)	1.90	18.43
(0,0)	3	19	r1	r2	(1.80,0.60)	1.90	18.43
(0,0)	19	3	r2	r1	(-1.80,-0.60)	1.90	-161.57
(0,1)	10	18	r1	r2	(-0.60,1.80)	1.90	108.43
(0,0)	15	17	r2	r2	(-1.20,1.60)	2.00	126.87
(0,0)	17	15	r2	r2	(1.20,-1.60)	2.00	-53.13
(1,0)	18	6	r2	r1	(1.60,1.20)	2.00	36.87
(1,0)	18	16	r2	r2	(1.60,1.20)	2.00	36.87
(0,1)	7	11	r1	r2	(-2.00,0.00)	2.00	180.00
(0,0)	1	3	r1	r1	(0.00,2.00)	2.00	90.00
(0,0)	1	15	r1	r2	(1.60,1.20)	2.00	36.87
(0,0)	2	4	r1	r1	(0.00,2.00)	2.00	90.00
(0,0)	2	8	r1	r1	(2.00,0.00)	2.00	0.00
(0,0)	3	1	r1	r1	(0.00,-2.00)	2.00	-90.00
(0,0)	3	9	r1	r1	(2.00,0.00)	2.00	0.00
(0,0)	3	11	r1	r2	(0.00,-2.00)	2.00	-90.00
(0,0)	4	2	r1	r1	(0.00,-2.00)	2.00	-90.00
(0,0)	4	10	r1	r1	(2.00,0.00)	2.00	0.00
(0,0)	5	7	r1	r1	(0.00,2.00)	2.00	90.00
(0,0)	7	5	r1	r1	(0.00,-2.00)	2.00	-90.00
(0,0)	8	2	r1	r1	(-2.00,0.00)	2.00	180.00
(0,0)	8	10	r1	r1	(0.00,2.00)	2.00	90.00
(0,0)	9	3	r1	r1	(-2.00,0.00)	2.00	180.00
(0,0)	10	4	r1	r1	(-2.00,0.00)	2.00	180.00
(0,0)	10	8	r1	r1	(0.00,-2.00)	2.00	-90.00
(0,0)	11	3	r2	r1	(0.00,2.00)	2.00	90.00
(0,0)	11	15	r2	r2	(1.60,1.20)	2.00	36.87
(0,0)	12	14	r2	r2	(-1.20,1.60)	2.00	126.87
(0,0)	12	18	r2	r2	(1.60,1.20)	2.00	36.87
(0,0)	13	19	r2	r2	(1.60,1.20)	2.00	36.87
(0,0)	14	12	r2	r2	(1.20,-1.60)	2.00	-53.13
(0,0)	14	20	r2	r2	(1.60,1.20)	2.00	36.87
(0,0)	15	1	r2	r1	(-1.60,-1.20)	2.00	-143.13
(0,0)	15	11	r2	r2	(-1.60,-1.20)	2.00	-143.13
(0,0)	18	12	r2	r2	(-1.60,-1.20)	2.00	-143.13
(0,0)	18	20	r2	r2	(-1.20,1.60)	2.00	126.87
(0,0)	19	13	r2	r2	(-1.60,-1.20)	2.00	-143.13
(0,0)	20	14	r2	r2	(-1.60,-1.20)	2.00	-143.13
(0,0)	20	18	r2	r2	(1.20,-1.60)	2.00	-53.13
(1,0)	5	1	r1	r1	(2.00,0.00)	2.00	0.00
(1,0)	5	11	r1	r2	(2.00,-0.00)	2.00	-0.00
(1,0)	6	2	r1	r1	(2.00,0.00)	2.00	0.00
(1,0)	6	14	r1	r2	(1.60,1.20)	2.00	36.87
(1,0)	7	3	r1	r1	(2.00,0.00)	2.00	0.00
(1,0)	9	5	r1	r1	(2.00,0.00)	2.00	0.00
(1,0)	10	6	r1	r1	(2.00,0.00)	2.00	0.00
(1,0)	10	16	r1	r2	(2.00,0.00)	2.00	0.00
(1,0)	15	13	r2	r2	(1.60,1.20)	2.00	36.87
(1,0)	16	2	r2	r1	(2.00,0.00)	2.00	0.00
(1,0)	16	14	r2	r2	(1.60,1.20)	2.00	36.87
(1,0)	19	1	r2	r1	(1.20,-1.60)	2.00	-53.13
(1,0)	19	11	r2	r2	(1.20,-1.60)	2.00	-53.13
(1,0)	19	17	r2	r2	(1.60,1.20)	2.00	36.87
(-1,0)	1	5	r1	r1	(-2.00,0.00)	2.00	180.00
(-1,0)	1	19	r1	r2	(-1.20,1.60)	2.00	126.87
(-1,0)	2	6	r1	r1	(-2.00,0.00)	2.00	180.00
(-1,0)	2	16	r1	r2	(-2.00,0.00)	2.00	180.00
(-1,0)	3	7	r1	r1	(-2.00,0.00)	2.00	180.00
(-1,0)	5	9	r1	r1	(-2.00,0.00)	2.00	180.00
(-1,0)	6	10	r1	r1	(-2.00,0.00)	2.00	180.00
(-1,0)	6	18	r1	r2	(-1.60,-1.20)	2.00	-143.13
(-1,0)	11	5	r2	r1	(-2.00,0.00)	2.00	180.00
(-1,0)	11	19	r2	r2	(-1.20,1.60)	2.00	126.87
(-1,0)	13	15	r2	r2	(-1.60,-1.20)	2.00	-143.13
(-1,0)	14	6	r2	r1	(-1.60,-1.20)	2.00	-143.13
(-1,0)	14	16	r2	r2	(-1.60,-1.20)	2.00	-143.13
(-1,0)	16	10	r2	r1	(-2.00,0.00)	2.00	180.00
(-1,0)	16	18	r2	r2	(-1.60,-1.20)	2.00	-143.13
(-1,0)	17	19	r2	r2	(-1.60,-1.20)	2.00	-143.13
(0,1)	3	5	r1	r1	(0.00,2.00)	2.00	90.00
(0,1)	4	6	r1	r1	(0.00,2.00)	2.00	90.00
(0,1)	4	16	r1	r2	(0.00,2.00)	2.00	90.00
(0,1)	6	8	r1	r1	(0.00,2.00)	2.00	90.00
(0,1)	6	12	r1	r2	(-1.20,1.60)	2.00	126.87
(0,1)	7	1	r1	r1	(-2.00,0.00)	2.00	180.00
(0,1)	7	9	r1	r1	(0.00,2.00)	2.00	90.00
(0,1)	13	1	r2	r1	(-1.20,1.60)	2.00	126.87
(0,1)	13	11	r2	r2	(-1.20,1.60)	2.00	126.87
(0,1)	16	8	r2	r1	(0.00,2.00)	2.00	90.00
(0,1)	16	12	r2	r2	(-1.20,1.60)	2.00	126.87
(0,1)	19	15	r2	r2	(-1.20,1.60)	2.00	126.87
(0,1)	20	6	r2	r1	(-1.20,1.60)	2.00	126.87
(0,1)	20	16	r2	r2	(-1.20,1.60)	2.00	126.87
(0,-1)	1	7	r1	r1	(2.00,0.00)	2.00	0.00
(0,-1)	1	13	r1	r2	(1.20,-1.60)	2.00	-53.13
(0,-1)	5	3	r1	r1	(0.00,-2.00)	2.00	-90.00
(0,-1)	6	4	r1	r1	(0.00,-2.00)	2.00	-90.00
(0,-1)	6	20	r1	r2	(1.20,-1.60)	2.00	-53.13
(0,-1)	8	6	r1	r1	(0.00,-2.00)	2.00	-90.00
(0,-1)	8	16	r1	r2	(0.00,-2.00)	2.00	-90.00
(0,-1)	9	7	r1	r1	(0.00,-2.00)	2.00	-90.00
(0,-1)	11	7	r2	r1	(2.00,0.00)	2.00	0.00
(0,-1)	11	13	r2	r2	(1.20,-1.60)	2.00	-53.13
(0,-1)	12	6	r2	r1	(1.20,-1.60)	2.00	-53.13
(0,-1)	12	16	r2	r2	(1.20,-1.60)	2.00	-53.13
(0,-1)	13	17	r2	r2	(1.20,-1.60)	2.00	-53.13
(0,-1)	15	19	r2	r2	(1.20,-1.60)	2.00	-53.13
(0,-1)	16	4	r2	r1	(0.00,-2.00)	2.00	-90.00
(0,-1)	16	20	r2	r2	(1.20,-1.60)	2.00	-53.13
(1,1)	9	1	r1	r1	(0.00,2.00)	2.00	90.00
(1,1)	9	11	r1	r2	(0.00,2.00)	2.00	90.00
(1,1)	10	2	r1	r1	(0.00,2.00)	2.00	90.00
(1,1)	17	1	r2	r1	(1.60,1.20)	2.00	36.87
(1,1)	17	11	r2	r2	(1.60,1.20)	2.00	36.87
(1,1)	20	12	r2	r2	(1.60,1.20)	2.00	36.87
(-1,1)	4	8	r1	r1	(-2.00,0.00)	2.00	180.00
(-1,1)	14	18	r2	r2	(-1.20,1.60)	2.00	126.87
(-1,-1)	1	9	r1	r1	(0.00,-2.00)	2.00	-90.00
(-1,-1)	1	17	r1	r2	(-1.60,-1.20)	2.00	-143.13
(-1,-1)	2	10	r1	r1	(0.00,-2.00)	2.00	-90.00
(-1,-1)	11	9	r2	r1	(0.00,-2.00)	2.00	-90.00
(-1,-1)	11	17	r2	r2	(-1.60,-1.20)	2.00	-143.13
(-1,-1)	12	20	r2	r2	(-1.60,-1.20)	2.00	-143.13
(1,-1)	8	4	r1	r1	(2.00,0.00)	2.00	0.00
(1,-1)	18	14	r2	r2	(1.20,-1.60)	2.00	-53.13
(0,1)	17	13	r2	r2	(-1.20,1.60)	2.00	126.87
(0,0)	12	17	r2	r2	(-0.40,2.20)	2.24	100.30
(0,0)	17	12	r2	r2	(0.40,-2.20)	2.24	-79.70
(1,0)	19	6	r2	r1	(2.20,0.40)	2.24	10.30
(1,0)	19	16	r2	r2	(2.20,0.40)	2.24	10.30
(-1,0)	14	17	r2	r2	(-2.20,-0.40)	2.24	-169.70
(-1,0)	17	18	r2	r2	(-1.00,-2.00)	2.24	-116.57
(0,1)	20	19	r2	r2	(-0.40,2.20)	2.24	100.30
(0,-1)	12	19	r2	r2	(2.00,-1.00)	2.24	-26.57
(1,1)	19	12	r2	r2	(1.00,2.00)	2.24	63.43
(0,0)	1	6	r1	r1	(1.00,2.00)	2.24	63.43
(0,0)	1	8	r1	r1	(2.00,1.00)	2.24	26.57
(0,0)	1	14	r1	r2	(-0.40,2.20)	2.24	100.30
(0,0)	1	16	r1	r2	(1.00,2.00)	2.24	63.43
(0,0)	2	7	r1	r1	(1.00,2.00)	2.24	63.43
(0,0)	2	9	r1	r1	(2.00,1.00)	2.24	26.57
(0,0)	3	8	r1	r1	(2.00,-1.00)	2.24	-26.57
(0,0)	3	10	r1	r1	(2.00,1.00)	2.24	26.57
(0,0)	4	5	r1	r1	(1.00,-2.00)	2.24	-63.43
(0,0)	4	9	r1	r1	(2.00,-1.00)	2.24	-26.57
(0,0)	5	4	r1	r1	(-1.00,2.00)	2.24	116.57
(0,0)	5	10	r1	r1	(1.00,2.00)	2.24	63.43
(0,0)	6	1	r1	r1	(-1.00,-2.00)	2.24	-116.57
(0,0)	6	11	r1	r2	(-1.00,-2.00)	2.24	-116.57
(0,0)	7	2	r1	r1	(-1.00,-2.00)	2.24	-116.57
(0,0)	7	8	r1	r1	(1.00,-2.00)	2.24	-63.43
(0,0)	8	1	r1	r1	(-2.00,-1.00)	2.24	-153.43
(0,0)	8	3	r1	r1	(-2.00,1.00)	2.24	153.43
(0,0)	8	7	r1	r1	(-1.00,2.00)	2.24	116.57
(0,0)	8	11	r1	r2	(-2.00,-1.00)	2.24	-153.43
(0,0)	9	2	r1	r1	(-2.00,-1.00)	2.24	-153.43
(0,0)	9	4	r1	r1	(-2.00,1.00)	2.24	153.43
(0,0)	10	3	r1	r1	(-2.00,-1.00)	2.24	-153.43
(0,0)	10	5	r1	r1	(-1.00,-2.00)	2.24	-116.57
(0,0)	11	6	r2	r1	(1.00,2.00)	2.24	63.43
(0,0)	11	8	r2	r1	(2.00,1.00)	2.24	26.57
(0,0)	11	14	r2	r2	(-0.40,2.20)	2.24	100.30
(0,0)	11	16	r2	r2	(1.00,2.00)	2.24	63.43
(0,0)	12	19	r2	r2	(1.00,2.00)	2.24	63.43
(0,0)	13	18	r2	r2	(2.20,0.40)	2.24	10.30
(0,0)	13	20	r2	r2	(1.00,2.00)	2.24	63.43
(0,0)	14	1	r2	r1	(0.40,-2.20)	2.24	-79.70
(0,0)	14	11	r2	r2	(0.40,-2.20)	2.24	-79.70
(0,0)	14	15	r2	r2	(2.00,-1.00)	2.24	-26.57
(0,0)	14	19	r2	r2	(2.20,0.40)	2.24	10.30
(0,0)	15	14	r2	r2	(-2.00,1.00)	2.24	153.43
(0,0)	15	20	r2	r2	(-0.40,2.20)	2.24	100.30
(0,0)	16	1	r2	r1	(-1.00,-2.00)	2.24	-116.57
(0,0)	16	11	r2	r2	(-1.00,-2.00)	2.24	-116.57
(0,0)	17	18	r2	r2	(2.00,-1.00)	2.24	-26.57
(0,0)	18	13	r2	r2	(-2.20,-0.40)	2.24	-169.70
(0,0)	18	17	r2	r2	(-2.00,1.00)	2.24	153.43
(0,0)	19	12	r2	r2	(-1.00,-2.00)	2.24	-116.57
(0,0)	19	14	r2	r2	(-2.20,-0.40)	2.24	-169.70
(0,0)	20	13	r2	r2	(-1.00,-2.00)	2.24	-116.57
(0,0)	20	15	r2	r2	(0.40,-2.20)	2.24	-79.70
(1,0)	5	2	r1	r1	(2.00,1.00)	2.24	26.57
(1,0)	6	1	r1	r1	(2.00,-1.00)	2.24	-26.57
(1,0)	6	3	r1	r1	(2.00,1.00)	2.24	26.57
(1,0)	6	11	r1	r2	(2.00,-1.00)	2.24	-26.57
(1,0)	6	13	r1	r2	(2.20,0.40)	2.24	10.30
(1,0)	7	2	r1	r1	(2.00,-1.00)	2.24	-26.57
(1,0)	7	4	r1	r1	(2.00,1.00)	2.24	26.57
(1,0)	8	3	r1	r1	(1.00,2.00)	2.24	63.43
(1,0)	8	5	r1	r1	(2.00,1.00)	2.24	26.57
(1,0)	9	4	r1	r1	(1.00,2.00)	2.24	63.43
(1,0)	9	6	r1	r1	(2.00,1.00)	2.24	26.57
(1,0)	9	16	r1	r2	(2.00,1.00)	2.24	26.57
(1,0)	10	1	r1	r1	(1.00,-2.00)	2.24	-63.43
(1,0)	10	5	r1	r1	(2.00,-1.00)	2.24	-26.57
(1,0)	10	7	r1	r1	(2.00,1.00)	2.24	26.57
(1,0)	10	11	r1	r2	(1.00,-2.00)	2.24	-63.43
(1,0)	12	1	r2	r1	(2.20,0.40)	2.24	10.30
(1,0)	12	11	r2	r2	(2.20,0.40)	2.24	10.30
(1,0)	15	12	r2	r2	(2.20,0.40)	2.24	10.30
(1,0)	15	14	r2	r2	(1.00,2.00)	2.24	63.43
(1,0)	16	1	r2	r1	(2.00,-1.00)	2.24	-26.57
(1,0)	16	3	r2	r1	(2.00,1.00)	2.24	26.57
(1,0)	16	11	r2	r2	(2.00,-1.00)	2.24	-26.57
(1,0)	16	13	r2	r2	(2.20,0.40)	2.24	10.30
(1,0)	17	14	r2	r2	(2.20,0.40)	2.24	10.30
(1,0)	18	15	r2	r2	(2.20,0.40)	2.24	10.30
(1,0)	18	17	r2	r2	(1.00,2.00)	2.24	63.43
(1,0)	19	12	r2	r2	(2.00,-1.00)	2.24	-26.57
(1,0)	20	13	r2	r2	(2.00,-1.00)	2.24	-26.57
(1,0)	20	17	r2	r2	(2.20,0.40)	2.24	10.30
(-1,0)	1	6	r1	r1	(-2.00,1.00)	2.24	153.43
(-1,0)	1	10	r1	r1	(-1.00,2.00)	2.24	116.57
(-1,0)	1	12	r1	r2	(-2.20,-0.40)	2.24	-169.70
(-1,0)	1	16	r1	r2	(-2.00,1.00)	2.24	153.43
(-1,0)	2	5	r1	r1	(-2.00,-1.00)	2.24	-153.43
(-1,0)	2	7	r1	r1	(-2.00,1.00)	2.24	153.43
(-1,0)	3	6	r1	r1	(-2.00,-1.00)	2.24	-153.43
(-1,0)	3	8	r1	r1	(-1.00,-2.00)	2.24	-116.57
(-1,0)	3	16	r1	r2	(-2.00,-1.00)	2.24	-153.43
(-1,0)	4	7	r1	r1	(-2.00,-1.00)	2.24	-153.43
(-1,0)	4	9	r1	r1	(-1.00,-2.00)	2.24	-116.57
(-1,0)	5	8	r1	r1	(-2.00,-1.00)	2.24	-153.43
(-1,0)	5	10	r1	r1	(-2.00,1.00)	2.24	153.43
(-1,0)	6	9	r1	r1	(-2.00,-1.00)	2.24	-153.43
(-1,0)	6	19	r1	r2	(-2.20,-0.40)	2.24	-169.70
(-1,0)	7	10	r1	r1	(-2.00,-1.00)	2.24	-153.43
(-1,0)	11	6	r2	r1	(-2.00,1.00)	2.24	153.43
(-1,0)	11	10	r2	r1	(-1.00,2.00)	2.24	116.57
(-1,0)	11	12	r2	r2	(-2.20,-0.40)	2.24	-169.70
(-1,0)	11	16	r2	r2	(-2.00,1.00)	2.24	153.43
(-1,0)	12	15	r2	r2	(-2.20,-0.40)	2.24	-169.70
(-1,0)	12	19	r2	r2	(-2.00,1.00)	2.24	153.43
(-1,0)	13	6	r2	r1	(-2.20,-0.40)	2.24	-169.70
(-1,0)	13	16	r2	r2	(-2.20,-0.40)	2.24	-169.70
(-1,0)	13	20	r2	r2	(-2.00,1.00)	2.24	153.43
(-1,0)	14	15	r2	r2	(-1.00,-2.00)	2.24	-116.57
(-1,0)	15	18	r2	r2	(-2.20,-0.40)	2.24	-169.70
(-1,0)	16	9	r2	r1	(-2.00,-1.00)	2.24	-153.43
(-1,0)	16	19	r2	r2	(-2.20,-0.40)	2.24	-169.70
(-1,0)	17	20	r2	r2	(-2.20,-0.40)	2.24	-169.70
(0,1)	2	1	r1	r1	(-1.00,2.00)	2.24	116.57
(0,1)	3	2	r1	r1	(-1.00,2.00)	2.24	116.57
(0,1)	3	8	r1	r1	(1.00,2.00)	2.24	63.43
(0,1)	4	3	r1	r1	(-1.00,2.00)	2.24	116.57
(0,1)	4	9	r1	r1	(1.00,2.00)	2.24	63.43
(0,1)	6	1	r1	r1	(-2.00,1.00)	2.24	153.43
(0,1)	6	5	r1	r1	(-1.00,2.00)	2.24	116.57
(0,1)	6	11	r1	r2	(-2.00,1.00)	2.24	153.43
(0,1)	6	15	r1	r2	(-0.40,2.20)	2.24	100.30
(0,1)	7	2	r1	r1	(-2.00,1.00)	2.24	153.43
(0,1)	7	6	r1	r1	(-1.00,2.00)	2.24	116.57
(0,1)	7	16	r1	r2	(-1.00,2.00)	2.24	116.57
(0,1)	9	8	r1	r1	(-1.00,2.00)	2.24	116.57
(0,1)	10	5	r1	r1	(-2.00,1.00)	2.24	153.43
(0,1)	10	9	r1	r1	(-1.00,2.00)	2.24	116.57
(0,1)	14	13	r2	r2	(-0.40,2.20)	2.24	100.30
(0,1)	14	15	r2	r2	(1.00,2.00)	2.24	63.43
(0,1)	16	1	r2	r1	(-2.00,1.00)	2.24	153.43
(0,1)	16	5	r2	r1	(-1.00,2.00)	2.24	116.57
(0,1)	16	11	r2	r2	(-2.00,1.00)	2.24	153.43
(0,1)	16	15	r2	r2	(-0.40,2.20)	2.24	100.30
(0,1)	17	6	r2	r1	(-0.40,2.20)	2.24	100.30
(0,1)	17	16	r2	r2	(-0.40,2.20)	2.24	100.30
(0,1)	19	12	r2	r2	(-2.00,1.00)	2.24	153.43
(0,1)	20	1	r2	r1	(-2.20,-0.40)	2.24	-169.70
(0,1)	20	11	r2	r2	(-2.20,-0.40)	2.24	-169.70
(0,1)	20	13	r2	r2	(-2.00,1.00)	2.24	153.43
(0,-1)	1	2	r1	r1	(1.00,-2.00)	2.24	-63.43
(0,-1)	1	6	r1	r1	(2.00,-1.00)	2.24	-26.57
(0,-1)	1	16	r1	r2	(2.00,-1.00)	2.24	-26.57
(0,-1)	1	20	r1	r2	(2.20,0.40)	2.24	10.30
(0,-1)	2	3	r1	r1	(1.00,-2.00)	2.24	-63.43
(0,-1)	2	7	r1	r1	(2.00,-1.00)	2.24	-26.57
(0,-1)	3	4	r1	r1	(1.00,-2.00)	2.24	-63.43
(0,-1)	5	6	r1	r1	(1.00,-2.00)	2.24	-63.43
(0,-1)	5	10	r1	r1	(2.00,-1.00)	2.24	-26.57
(0,-1)	5	16	r1	r2	(1.00,-2.00)	2.24	-63.43
(0,-1)	6	7	r1	r1	(1.00,-2.00)	2.24	-63.43
(0,-1)	6	17	r1	r2	(0.40,-2.20)	2.24	-79.70
(0,-1)	8	3	r1	r1	(-1.00,-2.00)	2.24	-116.57
(0,-1)	8	9	r1	r1	(1.00,-2.00)	2.24	-63.43
(0,-1)	9	4	r1	r1	(-1.00,-2.00)	2.24	-116.57
(0,-1)	9	10	r1	r1	(1.00,-2.00)	2.24	-63.43
(0,-1)	11	2	r2	r1	(1.00,-2.00)	2.24	-63.43
(0,-1)	11	6	r2	r1	(2.00,-1.00)	2.24	-26.57
(0,-1)	11	16	r2	r2	(2.00,-1.00)	2.24	-26.57
(0,-1)	11	20	r2	r2	(2.20,0.40)	2.24	10.30
(0,-1)	12	13	r2	r2	(0.40,-2.20)	2.24	-79.70
(0,-1)	13	14	r2	r2	(0.40,-2.20)	2.24	-79.70
(0,-1)	13	20	r2	r2	(2.00,-1.00)	2.24	-26.57
(0,-1)	15	6	r2	r1	(0.40,-2.20)	2.24	-79.70
(0,-1)	15	14	r2	r2	(-1.00,-2.00)	2.24	-116.57
(0,-1)	15	16	r2	r2	(0.40,-2.20)	2.24	-79.70
(0,-1)	16	7	r2	r1	(1.00,-2.00)	2.24	-63.43
(0,-1)	16	17	r2	r2	(0.40,-2.20)	2.24	-79.70
(0,-1)	18	17	r2	r2	(-1.00,-2.00)	2.24	-116.57
(0,-1)	18	19	r2	r2	(0.40,-2.20)	2.24	-79.70
(0,-1)	19	20	r2	r2	(0.40,-2.20)	2.24	-79.70
(1,1)	4	1	r1	r1	(2.00,1.00)	2.24	26.57
(1,1)	4	11	r1	r2	(2.00,1.00)	2.24	26.57
(1,1)	6	1	r1	r1	(1.00,2.00)	2.24	63.43
(1,1)	6	11	r1	r2	(1.00,2.00)	2.24	63.43
(1,1)	7	2	r1	r1	(1.00,2.00)	2.24	63.43
(1,1)	10	5	r1	r1	(1.00,2.00)	2.24	63.43
(1,1)	16	1	r2	r1	(1.00,2.00)	2.24	63.43
(1,1)	16	11	r2	r2	(1.00,2.00)	2.24	63.43
(1,1)	18	1	r2	r1	(-0.40,2.20)	2.24	100.30
(1,1)	18	11	r2	r2	(-0.40,2.20)	2.24	100.30
(-1,1)	3	8	r1	r1	(-2.00,1.00)	2.24	153.43
(-1,1)	4	9	r1	r1	(-2.00,1.00)	2.24	153.43
(-1,1)	14	15	r2	r2	(-2.00,1.00)	2.24	153.43
(-1,1)	17	18	r2	r2	(-2.00,1.00)	2.24	153.43
(-1,-1)	1	4	r1	r1	(-2.00,-1.00)	2.24	-153.43
(-1,-1)	1	6	r1	r1	(-1.00,-2.00)	2.24	-116.57
(-1,-1)	1	16	r1	r2	(-1.00,-2.00)	2.24	-116.57
(-1,-1)	1	18	r1	r2	(0.40,-2.20)	2.24	-79.70
(-1,-1)	2	7	r1	r1	(-1.00,-2.00)	2.24	-116.57
(-1,-1)	5	10	r1	r1	(-1.00,-2.00)	2.24	-116.57
(-1,-1)	11	4	r2	r1	(-2.00,-1.00)	2.24	-153.43
(-1,-1)	11	6	r2	r1	(-1.00,-2.00)	2.24	-116.57
(-1,-1)	11	16	r2	r2	(-1.00,-2.00)	2.24	-116.57
(-1,-1)	11	18	r2	r2	(0.40,-2.20)	2.24	-79.70
(-1,-1)	12	19	r2	r2	(-1.00,-2.00)	2.24	-116.57
(-1,-1)	13	20	r2	r2	(-1.00,-2.00)	2.24	-116.57
(1,-1)	8	3	r1	r1	(2.00,-1.00)	2.24	-26.57
(1,-1)	9	4	r1	r1	(2.00,-1.00)	2.24	-26.57
(1,-1)	15	14	r2	r2	(2.00,-1.00)	2.24	-26.57
(1,-1)	18	17	r2	r2	(2.00,-1.00)	2.24	-26.57
(0,1)	2	11	r1	r2	(-1.00,2.00)	2.24	116.57
(0,1)	13	12	r2	r2	(-0.40,2.20)	2.24	100.30
(0,1)	19	18	r2	r2	(-0.40,2.20)	2.24	100.30
(1,1)	20	13	r2	r2	(1.00,2.00)	2.24	63.43
(0,1)	17	18	r2	r2	(1.00,2.00)	2.24	63.43
(1,0)	19	5	r2	r1	(2.20,-0.60)	2.28	-15.26
(1,0)	20	2	r2	r1	(1.80,-1.40)	2.28	-37.87
(-1,0)	3	15	r1	r2	(-1.40,-1.80)	2.28	-127.87
(-1,0)	17	9	r2	r1	(-1.40,-1.80)	2.28	-127.87
(0,1)	10	12	r1	r2	(-2.20,0.60)	2.28	164.74
(0,1)	14	8	r2	r1	(1.40,1.80)	2.28	52.13
(0,-1)	5	19	r1	r2	(1.80,-1.40)	2.28	-37.87
(0,-1)	13	7	r2	r1	(1.80,-1.40)	2.28	-37.87
(1,0)	7	13	r1	r2	(2.20,-0.60)	2.28	-15.26
(1,0)	8	14	r1	r2	(0.60,2.20)	2.28	74.74
(1,0)	9	17	r1	r2	(1.40,1.80)	2.28	52.13
(1,0)	10	12	r1	r2	(1.80,-1.40)	2.28	-37.87
(1,0)	15	3	r2	r1	(1.40,1.80)	2.28	52.13
(1,0)	18	4	r2	r1	(0.60,2.20)	2.28	74.74
(-1,0)	2	20	r1	r2	(-1.80,1.40)	2.28	142.13
(-1,0)	4	18	r1	r2	(-0.60,-2.20)	2.28	-105.26
(-1,0)	5	19	r1	r2	(-2.20,0.60)	2.28	164.74
(-1,0)	12	10	r2	r1	(-1.80,1.40)	2.28	142.13
(-1,0)	13	7	r2	r1	(-2.20,0.60)	2.28	164.74
(-1,0)	14	8	r2	r1	(-0.60,-2.20)	2.28	-105.26
(0,1)	3	15	r1	r2	(0.60,2.20)	2.28	74.74
(0,1)	7	13	r1	r2	(-1.80,1.40)	2.28	142.13
(0,1)	17	9	r2	r1	(0.60,2.20)	2.28	74.74
(0,1)	19	5	r2	r1	(-1.80,1.40)	2.28	142.13
(0,1)	20	2	r2	r1	(-2.20,0.60)	2.28	164.74
(0,-1)	2	20	r1	r2	(2.20,-0.60)	2.28	-15.26
(0,-1)	8	14	r1	r2	(-1.40,-1.80)	2.28	-127.87
(0,-1)	9	17	r1	r2	(-0.60,-2.20)	2.28	-105.26
(0,-1)	12	10	r2	r1	(2.20,-0.60)	2.28	-15.26
(0,-1)	15	3	r2	r1	(-0.60,-2.20)	2.28	-105.26
(0,-1)	18	4	r2	r1	(-1.40,-1.80)	2.28	-127.87
(0,1)	4	18	r1	r2	(1.40,1.80)	2.28	52.13
(0,0)	8	17	r1	r2	(-1.60,1.80)	2.41	131.63
(0,0)	17	8	r2	r1	(1.60,-1.80)	2.41	-48.37
(1,-1)	18	3	r2	r1	(1.60,-1.80)	2.41	-48.37
(0,0)	2	19	r1	r2	(1.80,1.60)	2.41	41.63
(0,0)	3	18	r1	r2	(2.40,-0.20)	2.41	-4.76
(0,0)	4	15	r1	r2	(1.60,-1.80)	2.41	-48.37
(0,0)	5	20	r1	r2	(0.20,2.40)	2.41	85.24
(0,0)	7	12	r1	r2	(-0.20,-2.40)	2.41	-94.76
(0,0)	9	14	r1	r2	(-2.40,0.20)	2.41	175.24
(0,0)	10	13	r1	r2	(-1.80,-1.60)	2.41	-138.37
(0,0)	12	7	r2	r1	(0.20,2.40)	2.41	85.24
(0,0)	13	10	r2	r1	(1.80,1.60)	2.41	41.63
(0,0)	14	9	r2	r1	(2.40,-0.20)	2.41	-4.76
(0,0)	15	4	r2	r1	(-1.60,1.80)	2.41	131.63
(0,0)	18	3	r2	r1	(-2.40,0.20)	2.41	175.24
(0,0)	19	2	r2	r1	(-1.80,-1.60)	2.41	-138.37
(0,0)	20	5	r2	r1	(-0.20,-2.40)	2.41	-94.76
(1,1)	7	12	r1	r2	(1.80,1.60)	2.41	41.63
(1,1)	10	13	r1	r2	(0.20,2.40)	2.41	85.24
(1,1)	19	2	r2	r1	(0.20,2.40)	2.41	85.24
(1,1)	20	5	r2	r1	(1.80,1.60)	2.41	41.63
(-1,1)	3	18	r1	r2	(-1.60,1.80)	2.41	131.63
(-1,1)	4	15	r1	r2	(-2.40,0.20)	2.41	175.24
(-1,1)	14	9	r2	r1	(-1.60,1.80)	2.41	131.63
(-1,1)	17	8	r2	r1	(-2.40,0.20)	2.41	175.24
(-1,-1)	2	19	r1	r2	(-0.20,-2.40)	2.41	-94.76
(-1,-1)	5	20	r1	r2	(-1.80,-1.60)	2.41	-138.37
(-1,-1)	12	7	r2	r1	(-1.80,-1.60)	2.41	-138.37
(-1,-1)	13	10	r2	r1	(-0.20,-2.40)	2.41	-94.76
(1,-1)	8	17	r1	r2	(2.40,-0.20)	2.41	-4.76
(1,-1)	9	14	r1	r2	(1.60,-1.80)	2.41	-48.37
(1,-1)	15	4	r2	r1	(2.40,-0.20)	2.41	-4.76
(0,0)	2	18	r1	r2	(2.40,0.80)	2.53	18.43
(0,0)	4	12	r1	r2	(0.80,-2.40)	2.53	-71.57
(0,0)	8	20	r1	r2	(-0.80,2.40)	2.53	108.43
(0,0)	10	14	r1	r2	(-2.40,-0.80)	2.53	-161.57
(0,0)	12	4	r2	r1	(-0.80,2.40)	2.53	108.43
(0,0)	14	10	r2	r1	(2.40,0.80)	2.53	18.43
(0,0)	18	2	r2	r1	(-2.40,-0.80)	2.53	-161.57
(0,0)	20	8	r2	r1	(0.80,-2.40)	2.53	-71.57
(1,0)	7	17	r1	r2	(2.40,0.80)	2.53	18.43
(1,0)	15	5	r2	r1	(2.40,0.80)	2.53	18.43
(-1,0)	5	15	r1	r2	(-2.40,-0.80)	2.53	-161.57
(-1,0)	17	7	r2	r1	(-2.40,-0.80)	2.53	-161.57
(0,1)	3	13	r1	r2	(-0.80,2.40)	2.53	108.43
(0,1)	19	9	r2	r1	(-0.80,2.40)	2.53	108.43
(0,-1)	9	19	r1	r2	(0.80,-2.40)	2.53	-71.57
(0,-1)	13	3	r2	r1	(0.80,-2.40)	2.53	-71.57
(1,0)	17	3	r2	r1	(2.60,0.20)	2.61	4.40
(1,0)	18	8	r2	r1	(2.60,0.20)	2.61	4.40
(-1,0)	3	17	r1	r2	(-2.60,-0.20)	2.61	-175.60
(0,1)	7	19	r1	r2	(-0.20,2.60)	2.61	94.40
(1,0)	4	14	r1	r2	(2.60,0.20)	2.61	4.40
(1,0)	5	13	r1	r2	(2.20,1.40)	2.61	32.47
(1,0)	12	2	r2	r1	(2.20,1.40)	2.61	32.47
(1,0)	19	7	r2	r1	(2.20,1.40)	2.61	32.47
(-1,0)	2	12	r1	r2	(-2.20,-1.40)	2.61	-147.53
(-1,0)	7	19	r1	r2	(-2.20,-1.40)	2.61	-147.53
(-1,0)	8	18	r1	r2	(-2.60,-0.20)	2.61	-175.60
(-1,0)	13	5	r2	r1	(-2.20,-1.40)	2.61	-147.53
(-1,0)	14	4	r2	r1	(-2.60,-0.20)	2.61	-175.60
(-1,0)	15	9	r2	r1	(-2.60,-0.20)	2.61	-175.60
(-1,0)	20	10	r2	r1	(-2.20,-1.40)	2.61	-147.53
(0,1)	4	14	r1	r2	(-1.40,2.20)	2.61	122.47
(0,1)	9	15	r1	r2	(-1.40,2.20)	2.61	122.47
(0,1)	13	5	r2	r1	(-0.20,2.60)	2.61	94.40
(0,1)	17	3	r2	r1	(-1.40,2.20)	2.61	122.47
(0,1)	20	10	r2	r1	(-0.20,2.60)	2.61	94.40
(0,-1)	3	17	r1	r2	(1.40,-2.20)	2.61	-57.53
(0,-1)	5	13	r1	r2	(0.20,-2.60)	2.61	-85.60
(0,-1)	8	18	r1	r2	(1.40,-2.20)	2.61	-57.53
(0,-1)	10	20	r1	r2	(0.20,-2.60)	2.61	-85.60
(0,-1)	12	2	r2	r1	(0.20,-2.60)	2.61	-85.60
(0,-1)	14	4	r2	r1	(1.40,-2.20)	2.61	-57.53
(0,-1)	15	9	r2	r1	(1.40,-2.20)	2.61	-57.53
(0,-1)	19	7	r2	r1	(0.20,-2.60)	2.61	-85.60
(1,0)	9	15	r1	r2	(2.60,0.20)	2.61	4.40
(1,0)	10	20	r1	r2	(2.20,1.40)	2.61	32.47
(0,1)	2	12	r1	r2	(-0.20,2.60)	2.61	94.40
(0,1)	18	8	r2	r1	(-1.40,2.20)	2.61	122.47
(0,0)	2	20	r1	r2	(1.20,2.40)	2.68	63.43
(0,0)	8	14	r1	r2	(-2.40,1.20)	2.68	153.43
(0,0)	10	12	r1	r2	(-1.20,-2.40)	2.68	-116.57
(0,0)	12	10	r2	r1	(1.20,2.40)	2.68	63.43
(0,0)	14	8	r2	r1	(2.40,-1.20)	2.68	-26.57
(0,0)	20	2	r2	r1	(-1.20,-2.40)	2.68	-116.57
(1,1)	19	5	r2	r1	(1.20,2.40)	2.68	63.43
(-1,1)	3	15	r1	r2	(-2.40,1.20)	2.68	153.43
(-1,-1)	5	19	r1	r2	(-1.20,-2.40)	2.68	-116.57
(-1,-1)	13	7	r2	r1	(-1.20,-2.40)	2.68	-116.57
(1,-1)	15	3	r2	r1	(2.40,-1.20)	2.68	-26.57
(0,0)	4	18	r1	r2	(2.40,-1.20)	2.68	-26.57
(0,0)	18	4	r2	r1	(-2.40,1.20)	2.68	153.43
(1,1)	7	13	r1	r2	(1.20,2.40)	2.68	63.43
(-1,1)	17	9	r2	r1	(-2.40,1.20)	2.68	153.43
(1,-1)	9	17	r1	r2	(2.40,-1.20)	2.68	-26.57
(1,0)	17	2	r2	r1	(2.60,-0.80)	2.72	-17.10
(1,-1)	18	7	r2	r1	(2.60,-0.80)	2.72	-17.10
(1,0)	18	7	r2	r1	(1.60,2.20)	2.72	53.97
(-1,0)	2	17	r1	r2	(-2.60,0.80)	2.72	162.90
(-1,0)	15	10	r2	r1	(-2.60,0.80)	2.72	162.90
(0,1)	4	19	r1	r2	(0.80,2.60)	2.72	72.90
(0,1)	9	12	r1	r2	(-2.20,1.60)	2.72	143.97
(0,1)	13	8	r2	r1	(0.80,2.60)	2.72	72.90
(0,-1)	8	13	r1	r2	(-0.80,-2.60)	2.72	-107.10
(1,1)	9	12	r1	r2	(0.80,2.60)	2.72	72.90
(1,1)	17	2	r2	r1	(1.60,2.20)	2.72	53.97
(1,1)	20	3	r2	r1	(0.80,2.60)	2.72	72.90
(-1,1)	4	19	r1	r2	(-2.20,1.60)	2.72	143.97
(-1,1)	7	18	r1	r2	(-2.60,0.80)	2.72	162.90
(-1,1)	14	5	r2	r1	(-2.60,0.80)	2.72	162.90
(-1,-1)	3	20	r1	r2	(-0.80,-2.60)	2.72	-107.10
(-1,-1)	12	9	r2	r1	(-0.80,-2.60)	2.72	-107.10
(1,-1)	19	4	r2	r1	(2.20,-1.60)	2.72	-36.03
(1,0)	5	14	r1	r2	(1.60,2.20)	2.72	53.97
(-1,0)	7	18	r1	r2	(-1.60,-2.20)	2.72	-126.03
(-1,0)	14	5	r2	r1	(-1.60,-2.20)	2.72	-126.03
(0,1)	20	3	r2	r1	(-2.20,1.60)	2.72	143.97
(0,-1)	3	20	r1	r2	(2.20,-1.60)	2.72	-36.03
(0,-1)	12	9	r2	r1	(2.20,-1.60)	2.72	-36.03
(0,-1)	19	4	r2	r1	(-0.80,-2.60)	2.72	-107.10
(1,1)	10	15	r1	r2	(1.60,2.20)	2.72	53.97
(-1,1)	13	8	r2	r1	(-2.20,1.60)	2.72	143.97
(-1,-1)	2	17	r1	r2	(-1.60,-2.20)	2.72	-126.03
(-1,-1)	15	10	r2	r1	(-1.60,-2.20)	2.72	-126.03
(1,-1)	5	14	r1	r2	(2.60,-0.80)	2.72	-17.10
(1,-1)	8	13	r1	r2	(2.20,-1.60)	2.72	-36.03
(1,0)	10	15	r1	r2	(2.60,-0.80)	2.72	-17.10
(0,0)	1	17	r1	r2	(0.40,2.80)	2.83	81.87
(0,0)	11	17	r2	r2	(0.40,2.80)	2.83	81.87
(0,0)	12	20	r2	r2	(0.40,2.80)	2.83	81.87
(0,0)	17	1	r2	r1	(-0.40,-2.80)	2.83	-98.13
(0,0)	17	11	r2	r2	(-0.40,-2.80)	2.83	-98.13
(0,0)	20	12	r2	r2	(-0.40,-2.80)	2.83	-98.13
(1,0)	13	1	r2	r1	(2.80,-0.40)	2.83	-8.13
(1,0)	13	11	r2	r2	(2.80,-0.40)	2.83	-8.13
(1,0)	17	13	r2	r2	(2.80,-0.40)	2.83	-8.13
(1,0)	20	6	r2	r1	(2.80,-0.40)	2.83	-8.13
(1,0)	20	16	r2	r2	(2.80,-0.40)	2.83	-8.13
(-1,0)	1	13	r1	r2	(-2.80,0.40)	2.83	171.87
(-1,0)	6	20	r1	r2	(-2.80,0.40)	2.83	171.87
(-1,0)	11	13	r2	r2	(-2.80,0.40)	2.83	171.87
(-1,0)	12	6	r2	r1	(-2.80,0.40)	2.83	171.87
(-1,0)	12	16	r2	r2	(-2.80,0.40)	2.83	171.87
(-1,0)	13	17	r2	r2	(-2.80,0.40)	2.83	171.87
(-1,0)	15	19	r2	r2	(-2.80,0.40)	2.83	171.87
(-1,0)	16	20	r2	r2	(-2.80,0.40)	2.83	171.87
(0,1)	10	16	r1	r2	(-2.00,2.00)	2.83	135.00
(0,1)	14	6	r2	r1	(0.40,2.80)	2.83	81.87
(0,1)	14	16	r2	r2	(0.40,2.80)	2.83	81.87
(0,1)	17	19	r2	r2	(0.40,2.80)	2.83	81.87
(0,1)	19	11	r2	r2	(-2.80,0.40)	2.83	171.87
(0,-1)	1	19	r1	r2	(2.80,-0.40)	2.83	-8.13
(0,-1)	6	14	r1	r2	(-0.40,-2.80)	2.83	-98.13
(0,-1)	11	19	r2	r2	(2.80,-0.40)	2.83	-8.13
(0,-1)	15	13	r2	r2	(-0.40,-2.80)	2.83	-98.13
(0,-1)	16	14	r2	r2	(-0.40,-2.80)	2.83	-98.13
(0,-1)	18	6	r2	r1	(-0.40,-2.80)	2.83	-98.13
(0,-1)	18	16	r2	r2	(-0.40,-2.80)	2.83	-98.13
(1,1)	15	1	r2	r1	(0.40,2.80)	2.83	81.87
(1,1)	15	11	r2	r2	(0.40,2.80)	2.83	81.87
(1,1)	18	12	r2	r2	(0.40,2.80)	2.83	81.87
(-1,1)	17	15	r2	r2	(-2.80,0.40)	2.83	171.87
(-1,1)	20	18	r2	r2	(-2.80,0.40)	2.83	171.87
(-1,-1)	1	15	r1	r2	(-0.40,-2.80)	2.83	-98.13
(-1,-1)	11	15	r2	r2	(-0.40,-2.80)	2.83	-98.13
(-1,-1)	13	19	r2	r2	(-0.40,-2.80)	2.83	-98.13
(1,-1)	12	14	r2	r2	(2.80,-0.40)	2.83	-8.13
(1,-1)	18	20	r2	r2	(2.80,-0.40)	2.83	-8.13
(0,0)	1	9	r1	r1	(2.00,2.00)	2.83	45.00
(0,0)	2	10	r1	r1	(2.00,2.00)	2.83	45.00
(0,0)	4	8	r1	r1	(2.00,-2.00)	2.83	-45.00
(0,0)	8	4	r1	r1	(-2.00,2.00)	2.83	135.00
(0,0)	9	1	r1	r1	(-2.00,-2.00)	2.83	-135.00
(0,0)	9	11	r1	r2	(-2.00,-2.00)	2.83	-135.00
(0,0)	10	2	r1	r1	(-2.00,-2.00)	2.83	-135.00
(0,0)	11	9	r2	r1	(2.00,2.00)	2.83	45.00
(0,0)	14	18	r2	r2	(2.80,-0.40)	2.83	-8.13
(0,0)	18	14	r2	r2	(-2.80,0.40)	2.83	171.87
(1,0)	5	3	r1	r1	(2.00,2.00)	2.83	45.00
(1,0)	6	4	r1	r1	(2.00,2.00)	2.83	45.00
(1,0)	6	12	r1	r2	(2.80,-0.40)	2.83	-8.13
(1,0)	7	1	r1	r1	(2.00,-2.00)	2.83	-45.00
(1,0)	7	11	r1	r2	(2.00,-2.00)	2.83	-45.00
(1,0)	8	6	r1	r1	(2.00,2.00)	2.83	45.00
(1,0)	8	16	r1	r2	(2.00,2.00)	2.83	45.00
(1,0)	9	7	r1	r1	(2.00,2.00)	2.83	45.00
(1,0)	16	4	r2	r1	(2.00,2.00)	2.83	45.00
(1,0)	16	12	r2	r2	(2.80,-0.40)	2.83	-8.13
(1,0)	19	15	r2	r2	(2.80,-0.40)	2.83	-8.13
(-1,0)	1	7	r1	r1	(-2.00,2.00)	2.83	135.00
(-1,0)	3	5	r1	r1	(-2.00,-2.00)	2.83	-135.00
(-1,0)	4	6	r1	r1	(-2.00,-2.00)	2.83	-135.00
(-1,0)	4	16	r1	r2	(-2.00,-2.00)	2.83	-135.00
(-1,0)	6	8	r1	r1	(-2.00,-2.00)	2.83	-135.00
(-1,0)	7	9	r1	r1	(-2.00,-2.00)	2.83	-135.00
(-1,0)	11	7	r2	r1	(-2.00,2.00)	2.83	135.00
(-1,0)	16	8	r2	r1	(-2.00,-2.00)	2.83	-135.00
(0,1)	5	1	r1	r1	(-2.00,2.00)	2.83	135.00
(0,1)	5	11	r1	r2	(-2.00,2.00)	2.83	135.00
(0,1)	6	2	r1	r1	(-2.00,2.00)	2.83	135.00
(0,1)	7	3	r1	r1	(-2.00,2.00)	2.83	135.00
(0,1)	9	5	r1	r1	(-2.00,2.00)	2.83	135.00
(0,1)	10	6	r1	r1	(-2.00,2.00)	2.83	135.00
(0,1)	13	15	r2	r2	(0.40,2.80)	2.83	81.87
(0,1)	16	2	r2	r1	(-2.00,2.00)	2.83	135.00
(0,1)	19	1	r2	r1	(-2.80,0.40)	2.83	171.87
(0,-1)	1	5	r1	r1	(2.00,-2.00)	2.83	-45.00
(0,-1)	2	6	r1	r1	(2.00,-2.00)	2.83	-45.00
(0,-1)	2	16	r1	r2	(2.00,-2.00)	2.83	-45.00
(0,-1)	3	7	r1	r1	(2.00,-2.00)	2.83	-45.00
(0,-1)	5	9	r1	r1	(2.00,-2.00)	2.83	-45.00
(0,-1)	6	10	r1	r1	(2.00,-2.00)	2.83	-45.00
(0,-1)	11	5	r2	r1	(2.00,-2.00)	2.83	-45.00
(0,-1)	16	10	r2	r1	(2.00,-2.00)	2.83	-45.00
(0,-1)	19	17	r2	r2	(-0.40,-2.80)	2.83	-98.13
(1,1)	3	1	r1	r1	(2.00,2.00)	2.83	45.00
(1,1)	3	11	r1	r2	(2.00,2.00)	2.83	45.00
(1,1)	4	2	r1	r1	(2.00,2.00)	2.83	45.00
(1,1)	7	5	r1	r1	(2.00,2.00)	2.83	45.00
(1,1)	10	8	r1	r1	(2.00,2.00)	2.83	45.00
(1,1)	19	13	r2	r2	(0.40,2.80)	2.83	81.87
(1,1)	20	14	r2	r2	(0.40,2.80)	2.83	81.87
(-1,1)	2	8	r1	r1	(-2.00,2.00)	2.83	135.00
(-1,1)	3	9	r1	r1	(-2.00,2.00)	2.83	135.00
(-1,1)	4	10	r1	r1	(-2.00,2.00)	2.83	135.00
(-1,1)	14	12	r2	r2	(-2.80,0.40)	2.83	171.87
(-1,-1)	1	3	r1	r1	(-2.00,-2.00)	2.83	-135.00
(-1,-1)	2	4	r1	r1	(-2.00,-2.00)	2.83	-135.00
(-1,-1)	5	7	r1	r1	(-2.00,-2.00)	2.83	-135.00
(-1,-1)	8	10	r1	r1	(-2.00,-2.00)	2.83	-135.00
(-1,-1)	11	3	r2	r1	(-2.00,-2.00)	2.83	-135.00
(-1,-1)	12	18	r2	r2	(-0.40,-2.80)	2.83	-98.13
(-1,-1)	14	20	r2	r2	(-0.40,-2.80)	2.83	-98.13
(1,-1)	8	2	r1	r1	(2.00,-2.00)	2.83	-45.00
(1,-1)	9	3	r1	r1	(2.00,-2.00)	2.83	-45.00
(1,-1)	10	4	r1	r1	(2.00,-2.00)	2.83	-45.00
(1,-1)	15	17	r2	r2	(2.80,-0.40)	2.83	-8.13
(0,1)	6	18	r1	r2	(0.40,2.80)	2.83	81.87
(0,1)	16	18	r2	r2	(0.40,2.80)	2.83	81.87
(-1,0)	4	17	r1	r2	(-2.60,-1.20)	2.86	-155.22
(0,1)	10	19	r1	r2	(-1.20,2.60)	2.86	114.78
(1,0)	13	2	r2	r1	(2.80,0.60)	2.86	12.09
(1,0)	17	4	r2	r1	(2.60,1.20)	2.86	24.78
(1,0)	18	9	r2	r1	(2.60,1.20)	2.86	24.78
(1,0)	20	7	r2	r1	(2.80,0.60)	2.86	12.09
(-1,0)	2	13	r1	r2	(-2.80,-0.60)	2.86	-167.91
(-1,0)	7	20	r1	r2	(-2.80,-0.60)	2.86	-167.91
(-1,0)	12	5	r2	r1	(-2.80,-0.60)	2.86	-167.91
(0,1)	4	17	r1	r2	(-0.60,2.80)	2.86	102.09
(0,1)	14	3	r2	r1	(-0.60,2.80)	2.86	102.09
(0,1)	15	8	r2	r1	(-0.60,2.80)	2.86	102.09
(0,-1)	3	14	r1	r2	(0.60,-2.80)	2.86	-77.91
(0,-1)	17	4	r2	r1	(0.60,-2.80)	2.86	-77.91
(0,-1)	18	9	r2	r1	(0.60,-2.80)	2.86	-77.91
(0,-1)	19	10	r2	r1	(1.20,-2.60)	2.86	-65.22
(1,0)	3	14	r1	r2	(2.60,1.20)	2.86	24.78
(1,0)	5	12	r1	r2	(2.80,0.60)	2.86	12.09
(1,0)	8	15	r1	r2	(2.60,1.20)	2.86	24.78
(-1,0)	9	18	r1	r2	(-2.60,-1.20)	2.86	-155.22
(-1,0)	14	3	r2	r1	(-2.60,-1.20)	2.86	-155.22
(-1,0)	15	8	r2	r1	(-2.60,-1.20)	2.86	-155.22
(-1,0)	19	10	r2	r1	(-2.80,-0.60)	2.86	-167.91
(0,1)	5	12	r1	r2	(-1.20,2.60)	2.86	114.78
(0,1)	13	2	r2	r1	(-1.20,2.60)	2.86	114.78
(0,1)	20	7	r2	r1	(-1.20,2.60)	2.86	114.78
(0,-1)	2	13	r1	r2	(1.20,-2.60)	2.86	-65.22
(0,-1)	7	20	r1	r2	(1.20,-2.60)	2.86	-65.22
(0,-1)	8	15	r1	r2	(0.60,-2.80)	2.86	-77.91
(0,-1)	12	5	r2	r1	(1.20,-2.60)	2.86	-65.22
(1,0)	10	19	r1	r2	(2.80,0.60)	2.86	12.09
(0,1)	9	18	r1	r2	(-0.60,2.80)	2.86	102.09
(-1,1)	14	19	r2	r2	(-1.80,2.40)	3.00	126.87
(0,0)	1	4	r1	r1	(0.00,3.00)	3.00	90.00
(0,0)	1	18	r1	r2	(2.40,1.80)	3.00	36.87
(0,0)	4	1	r1	r1	(0.00,-3.00)	3.00	-90.00
(0,0)	4	11	r1	r2	(0.00,-3.00)	3.00	-90.00
(0,0)	11	4	r2	r1	(0.00,3.00)	3.00	90.00
(0,0)	11	18	r2	r2	(2.40,1.80)	3.00	36.87
(0,0)	18	1	r2	r1	(-2.40,-1.80)	3.00	-143.13
(0,0)	18	11	r2	r2	(-2.40,-1.80)	3.00	-143.13
(1,0)	2	1	r1	r1	(3.00,0.00)	3.00	0.00
(1,0)	2	11	r1	r2	(3.00,-0.00)	3.00	-0.00
(1,0)	3	2	r1	r1	(3.00,0.00)	3.00	0.00
(1,0)	4	3	r1	r1	(3.00,0.00)	3.00	0.00
(1,0)	6	5	r1	r1	(3.00,0.00)	3.00	0.00
(1,0)	6	17	r1	r2	(2.40,1.80)	3.00	36.87
(1,0)	7	6	r1	r1	(3.00,0.00)	3.00	0.00
(1,0)	7	16	r1	r2	(3.00,0.00)	3.00	0.00
(1,0)	9	8	r1	r1	(3.00,0.00)	3.00	0.00
(1,0)	10	9	r1	r1	(3.00,0.00)	3.00	0.00
(1,0)	12	13	r2	r2	(2.40,1.80)	3.00	36.87
(1,0)	13	14	r2	r2	(2.40,1.80)	3.00	36.87
(1,0)	15	6	r2	r1	(2.40,1.80)	3.00	36.87
(1,0)	15	16	r2	r2	(2.40,1.80)	3.00	36.87
(1,0)	16	5	r2	r1	(3.00,0.00)	3.00	0.00
(1,0)	16	17	r2	r2	(2.40,1.80)	3.00	36.87
(1,0)	18	19	r2	r2	(2.40,1.80)	3.00	36.87
(1,0)	19	20	r2	r2	(2.40,1.80)	3.00	36.87
(1,0)	20	1	r2	r1	(1.80,-2.40)	3.00	-53.13
(1,0)	20	11	r2	r2	(1.80,-2.40)	3.00	-53.13
(-1,0)	1	2	r1	r1	(-3.00,0.00)	3.00	180.00
(-1,0)	1	20	r1	r2	(-1.80,2.40)	3.00	126.87
(-1,0)	2	3	r1	r1	(-3.00,0.00)	3.00	180.00
(-1,0)	3	4	r1	r1	(-3.00,0.00)	3.00	180.00
(-1,0)	5	6	r1	r1	(-3.00,0.00)	3.00	180.00
(-1,0)	5	16	r1	r2	(-3.00,0.00)	3.00	180.00
(-1,0)	6	7	r1	r1	(-3.00,0.00)	3.00	180.00
(-1,0)	6	15	r1	r2	(-2.40,-1.80)	3.00	-143.13
(-1,0)	8	9	r1	r1	(-3.00,0.00)	3.00	180.00
(-1,0)	9	10	r1	r1	(-3.00,0.00)	3.00	180.00
(-1,0)	11	2	r2	r1	(-3.00,0.00)	3.00	180.00
(-1,0)	11	20	r2	r2	(-1.80,2.40)	3.00	126.87
(-1,0)	13	12	r2	r2	(-2.40,-1.80)	3.00	-143.13
(-1,0)	14	13	r2	r2	(-2.40,-1.80)	3.00	-143.13
(-1,0)	16	7	r2	r1	(-3.00,0.00)	3.00	180.00
(-1,0)	16	15	r2	r2	(-2.40,-1.80)	3.00	-143.13
(-1,0)	17	6	r2	r1	(-2.40,-1.80)	3.00	-143.13
(-1,0)	17	16	r2	r2	(-2.40,-1.80)	3.00	-143.13
(-1,0)	20	19	r2	r2	(-2.40,-1.80)	3.00	-143.13
(0,1)	2	5	r1	r1	(0.00,3.00)	3.00	90.00
(0,1)	3	6	r1	r1	(0.00,3.00)	3.00	90.00
(0,1)	3	16	r1	r2	(0.00,3.00)	3.00	90.00
(0,1)	4	7	r1	r1	(0.00,3.00)	3.00	90.00
(0,1)	5	8	r1	r1	(0.00,3.00)	3.00	90.00
(0,1)	6	9	r1	r1	(0.00,3.00)	3.00	90.00
(0,1)	6	13	r1	r2	(-1.80,2.40)	3.00	126.87
(0,1)	7	10	r1	r1	(0.00,3.00)	3.00	90.00
(0,1)	10	1	r1	r1	(-3.00,0.00)	3.00	180.00
(0,1)	10	11	r1	r2	(-3.00,0.00)	3.00	180.00
(0,1)	12	1	r2	r1	(-1.80,2.40)	3.00	126.87
(0,1)	12	11	r2	r2	(-1.80,2.40)	3.00	126.87
(0,1)	15	12	r2	r2	(-1.80,2.40)	3.00	126.87
(0,1)	16	9	r2	r1	(0.00,3.00)	3.00	90.00
(0,1)	16	13	r2	r2	(-1.80,2.40)	3.00	126.87
(0,1)	19	6	r2	r1	(-1.80,2.40)	3.00	126.87
(0,1)	19	16	r2	r2	(-1.80,2.40)	3.00	126.87
(0,1)	20	17	r2	r2	(-1.80,2.40)	3.00	126.87
(0,-1)	1	10	r1	r1	(3.00,0.00)	3.00	0.00
(0,-1)	1	12	r1	r2	(1.80,-2.40)	3.00	-53.13
(0,-1)	5	2	r1	r1	(0.00,-3.00)	3.00	-90.00
(0,-1)	6	3	r1	r1	(0.00,-3.00)	3.00	-90.00
(0,-1)	6	19	r1	r2	(1.80,-2.40)	3.00	-53.13
(0,-1)	7	4	r1	r1	(0.00,-3.00)	3.00	-90.00
(0,-1)	8	5	r1	r1	(0.00,-3.00)	3.00	-90.00
(0,-1)	9	6	r1	r1	(0.00,-3.00)	3.00	-90.00
(0,-1)	9	16	r1	r2	(0.00,-3.00)	3.00	-90.00
(0,-1)	10	7	r1	r1	(0.00,-3.00)	3.00	-90.00
(0,-1)	11	10	r2	r1	(3.00,0.00)	3.00	0.00
(0,-1)	11	12	r2	r2	(1.80,-2.40)	3.00	-53.13
(0,-1)	12	15	r2	r2	(1.80,-2.40)	3.00	-53.13
(0,-1)	13	6	r2	r1	(1.80,-2.40)	3.00	-53.13
(0,-1)	13	16	r2	r2	(1.80,-2.40)	3.00	-53.13
(0,-1)	14	17	r2	r2	(1.80,-2.40)	3.00	-53.13
(0,-1)	15	18	r2	r2	(1.80,-2.40)	3.00	-53.13
(0,-1)	16	3	r2	r1	(0.00,-3.00)	3.00	-90.00
(0,-1)	16	19	r2	r2	(1.80,-2.40)	3.00	-53.13
(0,-1)	17	20	r2	r2	(1.80,-2.40)	3.00	-53.13
(1,1)	8	1	r1	r1	(0.00,3.00)	3.00	90.00
(1,1)	8	11	r1	r2	(0.00,3.00)	3.00	90.00
(1,1)	9	2	r1	r1	(0.00,3.00)	3.00	90.00
(1,1)	10	3	r1	r1	(0.00,3.00)	3.00	90.00
(1,1)	14	1	r2	r1	(2.40,1.80)	3.00	36.87
(1,1)	14	11	r2	r2	(2.40,1.80)	3.00	36.87
(1,1)	17	12	r2	r2	(2.40,1.80)	3.00	36.87
(-1,1)	4	5	r1	r1	(-3.00,0.00)	3.00	180.00
(-1,1)	7	8	r1	r1	(-3.00,0.00)	3.00	180.00
(-1,1)	13	18	r2	r2	(-1.80,2.40)	3.00	126.87
(-1,-1)	1	8	r1	r1	(0.00,-3.00)	3.00	-90.00
(-1,-1)	1	14	r1	r2	(-2.40,-1.80)	3.00	-143.13
(-1,-1)	2	9	r1	r1	(0.00,-3.00)	3.00	-90.00
(-1,-1)	3	10	r1	r1	(0.00,-3.00)	3.00	-90.00
(-1,-1)	11	8	r2	r1	(0.00,-3.00)	3.00	-90.00
(-1,-1)	11	14	r2	r2	(-2.40,-1.80)	3.00	-143.13
(-1,-1)	12	17	r2	r2	(-2.40,-1.80)	3.00	-143.13
(-1,-1)	15	20	r2	r2	(-2.40,-1.80)	3.00	-143.13
(1,-1)	5	4	r1	r1	(3.00,0.00)	3.00	0.00
(1,-1)	8	7	r1	r1	(3.00,0.00)	3.00	0.00
(1,-1)	18	13	r2	r2	(1.80,-2.40)	3.00	-53.13
(1,-1)	19	14	r2	r2	(1.80,-2.40)	3.00	-53.13
(-1,0)	19	18	r2	r2	(-2.40,-1.80)	3.00	-143.13
(0,1)	17	14	r2	r2	(-1.80,2.40)	3.00	126.87
(0,1)	18	15	r2	r2	(-1.80,2.40)	3.00	126.87
(1,1)	20	15	r2	r2	(2.40,1.80)	3.00	36.87
(1,0)	8	17	r1	r2	(1.40,2.80)	3.13	63.43
(1,0)	15	4	r2	r1	(1.40,2.80)	3.13	63.43
(1,0)	20	5	r2	r1	(2.80,-1.40)	3.13	-26.57
(-1,0)	4	15	r1	r2	(-1.40,-2.80)	3.13	-116.57
(-1,0)	5	20	r1	r2	(-2.80,1.40)	3.13	153.43
(-1,0)	12	7	r2	r1	(-2.80,1.40)	3.13	153.43
(-1,0)	17	8	r2	r1	(-1.40,-2.80)	3.13	-116.57
(0,1)	10	13	r1	r2	(-2.80,1.40)	3.13	153.43
(0,1)	14	9	r2	r1	(1.40,2.80)	3.13	63.43
(0,1)	19	2	r2	r1	(-2.80,1.40)	3.13	153.43
(0,-1)	2	19	r1	r2	(2.80,-1.40)	3.13	-26.57
(0,-1)	9	14	r1	r2	(-1.40,-2.80)	3.13	-116.57
(0,-1)	13	10	r2	r1	(2.80,-1.40)	3.13	-26.57
(0,-1)	18	3	r2	r1	(-1.40,-2.80)	3.13	-116.57
(1,0)	7	12	r1	r2	(2.80,-1.40)	3.13	-26.57
(0,1)	3	18	r1	r2	(1.40,2.80)	3.13	63.43
(1,0)	17	1	r2	r1	(2.60,-1.80)	3.16	-34.70
(1,0)	17	11	r2	r2	(2.60,-1.80)	3.16	-34.70
(1,-1)	18	6	r2	r1	(2.60,-1.80)	3.16	-34.70
(-1,0)	17	15	r2	r2	(-1.80,-2.60)	3.16	-124.70
(0,1)	19	19	r2	r2	(-1.00,3.00)	3.16	108.43
(0,-1)	13	19	r2	r2	(2.60,-1.80)	3.16	-34.70
(0,0)	1	7	r1	r1	(1.00,3.00)	3.16	71.57
(0,0)	1	19	r1	r2	(1.80,2.60)	3.16	55.30
(0,0)	7	1	r1	r1	(-1.00,-3.00)	3.16	-108.43
(0,0)	7	11	r1	r2	(-1.00,-3.00)	3.16	-108.43
(0,0)	11	7	r2	r1	(1.00,3.00)	3.16	71.57
(0,0)	11	19	r2	r2	(1.80,2.60)	3.16	55.30
(0,0)	19	1	r2	r1	(-1.80,-2.60)	3.16	-124.70
(0,0)	19	11	r2	r2	(-1.80,-2.60)	3.16	-124.70
(1,0)	1	1	r1	r1	(3.00,1.00)	3.16	18.43
(1,0)	1	11	r1	r2	(3.00,1.00)	3.16	18.43
(1,0)	2	2	r1	r1	(3.00,1.00)	3.16	18.43
(1,0)	3	1	r1	r1	(3.00,-1.00)	3.16	-18.43
(1,0)	3	3	r1	r1	(3.00,1.00)	3.16	18.43
(1,0)	3	11	r1	r2	(3.00,-1.00)	3.16	-18.43
(1,0)	4	2	r1	r1	(3.00,-1.00)	3.16	-18.43
(1,0)	4	4	r1	r1	(3.00,1.00)	3.16	18.43
(1,0)	5	5	r1	r1	(3.00,1.00)	3.16	18.43
(1,0)	6	6	r1	r1	(3.00,1.00)	3.16	18.43
(1,0)	6	16	r1	r2	(3.00,1.00)	3.16	18.43
(1,0)	7	5	r1	r1	(3.00,-1.00)	3.16	-18.43
(1,0)	7	7	r1	r1	(3.00,1.00)	3.16	18.43
(1,0)	8	4	r1	r1	(1.00,3.00)	3.16	71.57
(1,0)	8	8	r1	r1	(3.00,1.00)	3.16	18.43
(1,0)	9	9	r1	r1	(3.00,1.00)	3.16	18.43
(1,0)	10	8	r1	r1	(3.00,-1.00)	3.16	-18.43
(1,0)	10	10	r1	r1	(3.00,1.00)	3.16	18.43
(1,0)	11	1	r2	r1	(3.00,1.00)	3.16	18.43
(1,0)	11	11	r2	r2	(3.00,1.00)	3.16	18.43
(1,0)	12	12	r2	r2	(3.00,1.00)	3.16	18.43
(1,0)	12	14	r2	r2	(1.80,2.60)	3.16	55.30
(1,0)	13	13	r2	r2	(3.00,1.00)	3.16	18.43
(1,0)	14	14	r2	r2	(3.00,1.00)	3.16	18.43
(1,0)	15	17	r2	r2	(1.80,2.60)	3.16	55.30
(1,0)	16	6	r2	r1	(3.00,1.00)	3.16	18.43
(1,0)	16	16	r2	r2	(3.00,1.00)	3.16	18.43
(1,0)	17	17	r2	r2	(3.00,1.00)	3.16	18.43
(1,0)	18	18	r2	r2	(3.00,1.00)	3.16	18.43
(1,0)	18	20	r2	r2	(1.80,2.60)	3.16	55.30
(1,0)	20	12	r2	r2	(2.60,-1.80)	3.16	-34.70
(1,0)	20	20	r2	r2	(3.00,1.00)	3.16	18.43
(-1,0)	1	1	r1	r1	(-3.00,-1.00)	3.16	-161.57
(-1,0)	1	3	r1	r1	(-3.00,1.00)	3.16	161.57
(-1,0)	1	11	r1	r2	(-3.00,-1.00)	3.16	-161.57
(-1,0)	1	17	r1	r2	(-2.60,1.80)	3.16	145.30
(-1,0)	2	2	r1	r1	(-3.00,-1.00)	3.16	-161.57
(-1,0)	2	4	r1	r1	(-3.00,1.00)	3.16	161.57
(-1,0)	3	3	r1	r1	(-3.00,-1.00)	3.16	-161.57
(-1,0)	4	4	r1	r1	(-3.00,-1.00)	3.16	-161.57
(-1,0)	4	8	r1	r1	(-1.00,-3.00)	3.16	-108.43
(-1,0)	5	5	r1	r1	(-3.00,-1.00)	3.16	-161.57
(-1,0)	5	7	r1	r1	(-3.00,1.00)	3.16	161.57
(-1,0)	6	6	r1	r1	(-3.00,-1.00)	3.16	-161.57
(-1,0)	6	16	r1	r2	(-3.00,-1.00)	3.16	-161.57
(-1,0)	7	7	r1	r1	(-3.00,-1.00)	3.16	-161.57
(-1,0)	8	8	r1	r1	(-3.00,-1.00)	3.16	-161.57
(-1,0)	8	10	r1	r1	(-3.00,1.00)	3.16	161.57
(-1,0)	9	9	r1	r1	(-3.00,-1.00)	3.16	-161.57
(-1,0)	10	10	r1	r1	(-3.00,-1.00)	3.16	-161.57
(-1,0)	11	1	r2	r1	(-3.00,-1.00)	3.16	-161.57
(-1,0)	11	3	r2	r1	(-3.00,1.00)	3.16	161.57
(-1,0)	11	11	r2	r2	(-3.00,-1.00)	3.16	-161.57
(-1,0)	11	17	r2	r2	(-2.60,1.80)	3.16	145.30
(-1,0)	12	12	r2	r2	(-3.00,-1.00)	3.16	-161.57
(-1,0)	12	20	r2	r2	(-2.60,1.80)	3.16	145.30
(-1,0)	13	13	r2	r2	(-3.00,-1.00)	3.16	-161.57
(-1,0)	14	12	r2	r2	(-1.80,-2.60)	3.16	-124.70
(-1,0)	14	14	r2	r2	(-3.00,-1.00)	3.16	-161.57
(-1,0)	15	15	r2	r2	(-3.00,-1.00)	3.16	-161.57
(-1,0)	16	6	r2	r1	(-3.00,-1.00)	3.16	-161.57
(-1,0)	16	16	r2	r2	(-3.00,-1.00)	3.16	-161.57
(-1,0)	17	17	r2	r2	(-3.00,-1.00)	3.16	-161.57
(-1,0)	19	19	r2	r2	(-3.00,-1.00)	3.16	-161.57
(-1,0)	20	18	r2	r2	(-1.80,-2.60)	3.16	-124.70
(-1,0)	20	20	r2	r2	(-3.00,-1.00)	3.16	-161.57
(0,1)	1	1	r1	r1	(-1.00,3.00)	3.16	108.43
(0,1)	2	2	r1	r1	(-1.00,3.00)	3.16	108.43
(0,1)	2	8	r1	r1	(1.00,3.00)	3.16	71.57
(0,1)	3	3	r1	r1	(-1.00,3.00)	3.16	108.43
(0,1)	3	9	r1	r1	(1.00,3.00)	3.16	71.57
(0,1)	4	4	r1	r1	(-1.00,3.00)	3.16	108.43
(0,1)	4	10	r1	r1	(1.00,3.00)	3.16	71.57
(0,1)	5	5	r1	r1	(-1.00,3.00)	3.16	108.43
(0,1)	6	6	r1	r1	(-1.00,3.00)	3.16	108.43
(0,1)	6	16	r1	r2	(-1.00,3.00)	3.16	108.43
(0,1)	7	7	r1	r1	(-1.00,3.00)	3.16	108.43
(0,1)	8	8	r1	r1	(-1.00,3.00)	3.16	108.43
(0,1)	9	1	r1	r1	(-3.00,1.00)	3.16	161.57
(0,1)	9	9	r1	r1	(-1.00,3.00)	3.16	108.43
(0,1)	9	11	r1	r2	(-3.00,1.00)	3.16	161.57
(0,1)	10	2	r1	r1	(-3.00,1.00)	3.16	161.57
(0,1)	10	10	r1	r1	(-1.00,3.00)	3.16	108.43
(0,1)	11	1	r2	r1	(-1.00,3.00)	3.16	108.43
(0,1)	14	14	r2	r2	(-1.00,3.00)	3.16	108.43
(0,1)	15	1	r2	r1	(-2.60,1.80)	3.16	145.30
(0,1)	15	11	r2	r2	(-2.60,1.80)	3.16	145.30
(0,1)	15	15	r2	r2	(-1.00,3.00)	3.16	108.43
(0,1)	16	6	r2	r1	(-1.00,3.00)	3.16	108.43
(0,1)	16	16	r2	r2	(-1.00,3.00)	3.16	108.43
(0,1)	17	17	r2	r2	(-1.00,3.00)	3.16	108.43
(0,1)	19	13	r2	r2	(-2.60,1.80)	3.16	145.30
(0,1)	20	14	r2	r2	(-2.60,1.80)	3.16	145.30
(0,-1)	1	1	r1	r1	(1.00,-3.00)	3.16	-71.57
(0,-1)	1	9	r1	r1	(3.00,-1.00)	3.16	-18.43
(0,-1)	1	15	r1	r2	(2.60,-1.80)	3.16	-34.70
(0,-1)	2	2	r1	r1	(1.00,-3.00)	3.16	-71.57
(0,-1)	2	10	r1	r1	(3.00,-1.00)	3.16	-18.43
(0,-1)	3	3	r1	r1	(1.00,-3.00)	3.16	-71.57
(0,-1)	4	4	r1	r1	(1.00,-3.00)	3.16	-71.57
(0,-1)	5	5	r1	r1	(1.00,-3.00)	3.16	-71.57
(0,-1)	6	6	r1	r1	(1.00,-3.00)	3.16	-71.57
(0,-1)	6	16	r1	r2	(1.00,-3.00)	3.16	-71.57
(0,-1)	7	7	r1	r1	(1.00,-3.00)	3.16	-71.57
(0,-1)	8	2	r1	r1	(-1.00,-3.00)	3.16	-108.43
(0,-1)	8	8	r1	r1	(1.00,-3.00)	3.16	-71.57
(0,-1)	9	3	r1	r1	(-1.00,-3.00)	3.16	-108.43
(0,-1)	9	9	r1	r1	(1.00,-3.00)	3.16	-71.57
(0,-1)	10	4	r1	r1	(-1.00,-3.00)	3.16	-108.43
(0,-1)	10	10	r1	r1	(1.00,-3.00)	3.16	-71.57
(0,-1)	11	1	r2	r1	(1.00,-3.00)	3.16	-71.57
(0,-1)	11	9	r2	r1	(3.00,-1.00)	3.16	-18.43
(0,-1)	11	15	r2	r2	(2.60,-1.80)	3.16	-34.70
(0,-1)	12	18	r2	r2	(2.60,-1.80)	3.16	-34.70
(0,-1)	13	13	r2	r2	(1.00,-3.00)	3.16	-71.57
(0,-1)	14	14	r2	r2	(1.00,-3.00)	3.16	-71.57
(0,-1)	14	20	r2	r2	(2.60,-1.80)	3.16	-34.70
(0,-1)	15	15	r2	r2	(1.00,-3.00)	3.16	-71.57
(0,-1)	16	6	r2	r1	(1.00,-3.00)	3.16	-71.57
(0,-1)	16	16	r2	r2	(1.00,-3.00)	3.16	-71.57
(0,-1)	17	17	r2	r2	(1.00,-3.00)	3.16	-71.57
(0,-1)	18	14	r2	r2	(-1.80,-2.60)	3.16	-124.70
(0,-1)	18	18	r2	r2	(1.00,-3.00)	3.16	-71.57
(0,-1)	19	19	r2	r2	(1.00,-3.00)	3.16	-71.57
(0,-1)	20	20	r2	r2	(1.00,-3.00)	3.16	-71.57
(1,1)	5	1	r1	r1	(1.00,3.00)	3.16	71.57
(1,1)	5	11	r1	r2	(1.00,3.00)	3.16	71.57
(1,1)	6	2	r1	r1	(1.00,3.00)	3.16	71.57
(1,1)	6	12	r1	r2	(1.80,2.60)	3.16	55.30
(1,1)	7	3	r1	r1	(1.00,3.00)	3.16	71.57
(1,1)	9	5	r1	r1	(1.00,3.00)	3.16	71.57
(1,1)	10	6	r1	r1	(1.00,3.00)	3.16	71.57
(1,1)	10	16	r1	r2	(1.00,3.00)	3.16	71.57
(1,1)	13	1	r2	r1	(1.80,2.60)	3.16	55.30
(1,1)	13	11	r2	r2	(1.80,2.60)	3.16	55.30
(1,1)	16	2	r2	r1	(1.00,3.00)	3.16	71.57
(1,1)	16	12	r2	r2	(1.80,2.60)	3.16	55.30
(1,1)	19	15	r2	r2	(1.80,2.60)	3.16	55.30
(1,1)	20	6	r2	r1	(1.80,2.60)	3.16	55.30
(1,1)	20	16	r2	r2	(1.80,2.60)	3.16	55.30
(-1,1)	3	5	r1	r1	(-3.00,1.00)	3.16	161.57
(-1,1)	4	6	r1	r1	(-3.00,1.00)	3.16	161.57
(-1,1)	4	16	r1	r2	(-3.00,1.00)	3.16	161.57
(-1,1)	6	8	r1	r1	(-3.00,1.00)	3.16	161.57
(-1,1)	6	18	r1	r2	(-2.60,1.80)	3.16	145.30
(-1,1)	7	9	r1	r1	(-3.00,1.00)	3.16	161.57
(-1,1)	13	15	r2	r2	(-2.60,1.80)	3.16	145.30
(-1,1)	14	6	r2	r1	(-2.60,1.80)	3.16	145.30
(-1,1)	14	16	r2	r2	(-2.60,1.80)	3.16	145.30
(-1,1)	16	8	r2	r1	(-3.00,1.00)	3.16	161.57
(-1,1)	16	18	r2	r2	(-2.60,1.80)	3.16	145.30
(-1,1)	17	19	r2	r2	(-2.60,1.80)	3.16	145.30
(-1,-1)	1	5	r1	r1	(-1.00,-3.00)	3.16	-108.43
(-1,-1)	1	13	r1	r2	(-1.80,-2.60)	3.16	-124.70
(-1,-1)	2	6	r1	r1	(-1.00,-3.00)	3.16	-108.43
(-1,-1)	2	16	r1	r2	(-1.00,-3.00)	3.16	-108.43
(-1,-1)	3	7	r1	r1	(-1.00,-3.00)	3.16	-108.43
(-1,-1)	5	9	r1	r1	(-1.00,-3.00)	3.16	-108.43
(-1,-1)	6	10	r1	r1	(-1.00,-3.00)	3.16	-108.43
(-1,-1)	6	20	r1	r2	(-1.80,-2.60)	3.16	-124.70
(-1,-1)	11	5	r2	r1	(-1.00,-3.00)	3.16	-108.43
(-1,-1)	11	13	r2	r2	(-1.80,-2.60)	3.16	-124.70
(-1,-1)	12	6	r2	r1	(-1.80,-2.60)	3.16	-124.70
(-1,-1)	12	16	r2	r2	(-1.80,-2.60)	3.16	-124.70
(-1,-1)	13	17	r2	r2	(-1.80,-2.60)	3.16	-124.70
(-1,-1)	15	19	r2	r2	(-1.80,-2.60)	3.16	-124.70
(-1,-1)	16	10	r2	r1	(-1.00,-3.00)	3.16	-108.43
(-1,-1)	16	20	r2	r2	(-1.80,-2.60)	3.16	-124.70
(1,-1)	5	3	r1	r1	(3.00,-1.00)	3.16	-18.43
(1,-1)	6	4	r1	r1	(3.00,-1.00)	3.16	-18.43
(1,-1)	6	14	r1	r2	(2.60,-1.80)	3.16	-34.70
(1,-1)	8	6	r1	r1	(3.00,-1.00)	3.16	-18.43
(1,-1)	8	16	r1	r2	(3.00,-1.00)	3.16	-18.43
(1,-1)	9	7	r1	r1	(3.00,-1.00)	3.16	-18.43
(1,-1)	15	13	r2	r2	(2.60,-1.80)	3.16	-34.70
(1,-1)	16	4	r2	r1	(3.00,-1.00)	3.16	-18.43
(1,-1)	16	14	r2	r2	(2.60,-1.80)	3.16	-34.70
(1,-1)	18	16	r2	r2	(2.60,-1.80)	3.16	-34.70
(1,-1)	19	17	r2	r2	(2.60,-1.80)	3.16	-34.70
(1,0)	15	15	r2	r2	(3.00,1.00)	3.16	18.43
(1,0)	19	19	r2	r2	(3.00,1.00)	3.16	18.43
(-1,0)	18	18	r2	r2	(-3.00,-1.00)	3.16	-161.57
(0,1)	1	11	r1	r2	(-1.00,3.00)	3.16	108.43
(0,1)	11	11	r2	r2	(-1.00,3.00)	3.16	108.43
(0,1)	12	12	r2	r2	(-1.00,3.00)	3.16	108.43
(0,1)	13	13	r2	r2	(-1.00,3.00)	3.16	108.43
(0,1)	14	18	r2	r2	(1.80,2.60)	3.16	55.30
(0,1)	18	12	r2	r2	(-2.60,1.80)	3.16	145.30
(0,1)	18	18	r2	r2	(-1.00,3.00)	3.16	108.43
(0,1)	20	20	r2	r2	(-1.00,3.00)	3.16	108.43
(0,-1)	1	11	r1	r2	(1.00,-3.00)	3.16	-71.57
(0,-1)	11	11	r2	r2	(1.00,-3.00)	3.16	-71.57
(0,-1)	12	12	r2	r2	(1.00,-3.00)	3.16	-71.57
(1,1)	17	13	r2	r2	(1.80,2.60)	3.16	55.30
(1,0)	13	3	r2	r1	(2.80,1.60)	3.22	29.74
(1,0)	19	9	r2	r1	(3.20,0.40)	3.22	7.13
(-1,0)	3	13	r1	r2	(-2.80,-1.60)	3.22	-150.26
(0,1)	7	17	r1	r2	(-1.60,2.80)	3.22	119.74
(0,1)	15	5	r2	r1	(-1.60,2.80)	3.22	119.74
(0,-1)	17	7	r2	r1	(1.60,-2.80)	3.22	-60.26
(1,1)	20	8	r2	r1	(2.80,1.60)	3.22	29.74
(-1,1)	14	10	r2	r1	(-1.60,2.80)	3.22	119.74
(-1,-1)	8	20	r1	r2	(-2.80,-1.60)	3.22	-150.26
(-1,-1)	12	4	r2	r1	(-2.80,-1.60)	3.22	-150.26
(1,-1)	18	2	r2	r1	(1.60,-2.80)	3.22	-60.26
(1,0)	3	13	r1	r2	(3.20,0.40)	3.22	7.13
(1,0)	9	19	r1	r2	(2.80,1.60)	3.22	29.74
(-1,0)	9	19	r1	r2	(-3.20,-0.40)	3.22	-172.87
(-1,0)	13	3	r2	r1	(-3.20,-0.40)	3.22	-172.87
(-1,0)	19	9	r2	r1	(-2.80,-1.60)	3.22	-150.26
(0,1)	5	15	r1	r2	(-0.40,3.20)	3.22	97.13
(0,1)	17	7	r2	r1	(-0.40,3.20)	3.22	97.13
(0,-1)	5	15	r1	r2	(1.60,-2.80)	3.22	-60.26
(0,-1)	7	17	r1	r2	(0.40,-3.20)	3.22	-82.87
(0,-1)	15	5	r2	r1	(0.40,-3.20)	3.22	-82.87
(1,1)	4	12	r1	r2	(2.80,1.60)	3.22	29.74
(1,1)	10	14	r1	r2	(-0.40,3.20)	3.22	97.13
(1,1)	18	2	r2	r1	(-0.40,3.20)	3.22	97.13
(-1,1)	2	18	r1	r2	(-1.60,2.80)	3.22	119.74
(-1,1)	4	12	r1	r2	(-3.20,-0.40)	3.22	-172.87
(-1,1)	20	8	r2	r1	(-3.20,-0.40)	3.22	-172.87
(-1,-1)	2	18	r1	r2	(0.40,-3.20)	3.22	-82.87
(-1,-1)	14	10	r2	r1	(0.40,-3.20)	3.22	-82.87
(1,-1)	8	20	r1	r2	(3.20,0.40)	3.22	7.13
(1,-1)	10	14	r1	r2	(1.60,-2.80)	3.22	-60.26
(1,-1)	12	4	r2	r1	(3.20,0.40)	3.22	7.13
(1,0)	19	8	r2	r1	(3.20,-0.60)	3.26	-10.62
(1,1)	19	8	r2	r1	(2.20,2.40)	3.26	47.49
(1,0)	4	13	r1	r2	(3.20,-0.60)	3.26	-10.62
(1,0)	9	20	r1	r2	(2.20,2.40)	3.26	47.49
(1,0)	12	3	r2	r1	(2.20,2.40)	3.26	47.49
(-1,0)	3	12	r1	r2	(-2.20,-2.40)	3.26	-132.51
(-1,0)	8	19	r1	r2	(-3.20,0.60)	3.26	169.38
(-1,0)	13	4	r2	r1	(-3.20,0.60)	3.26	169.38
(-1,0)	20	9	r2	r1	(-2.20,-2.40)	3.26	-132.51
(0,1)	2	15	r1	r2	(0.60,3.20)	3.26	79.38
(0,1)	7	14	r1	r2	(-2.40,2.20)	3.26	137.49
(0,1)	17	10	r2	r1	(0.60,3.20)	3.26	79.38
(0,1)	18	5	r2	r1	(-2.40,2.20)	3.26	137.49
(0,-1)	5	18	r1	r2	(2.40,-2.20)	3.26	-42.51
(0,-1)	10	17	r1	r2	(-0.60,-3.20)	3.26	-100.62
(0,-1)	14	7	r2	r1	(2.40,-2.20)	3.26	-42.51
(0,-1)	15	2	r2	r1	(-0.60,-3.20)	3.26	-100.62
(1,1)	4	13	r1	r2	(2.20,2.40)	3.26	47.49
(1,1)	7	14	r1	r2	(0.60,3.20)	3.26	79.38
(1,1)	18	5	r2	r1	(0.60,3.20)	3.26	79.38
(-1,1)	2	15	r1	r2	(-2.40,2.20)	3.26	137.49
(-1,1)	3	12	r1	r2	(-3.20,0.60)	3.26	169.38
(-1,1)	17	10	r2	r1	(-2.40,2.20)	3.26	137.49
(-1,1)	20	9	r2	r1	(-3.20,0.60)	3.26	169.38
(-1,-1)	5	18	r1	r2	(-0.60,-3.20)	3.26	-100.62
(-1,-1)	8	19	r1	r2	(-2.20,-2.40)	3.26	-132.51
(-1,-1)	13	4	r2	r1	(-2.20,-2.40)	3.26	-132.51
(-1,-1)	14	7	r2	r1	(-0.60,-3.20)	3.26	-100.62
(1,-1)	9	20	r1	r2	(3.20,-0.60)	3.26	-10.62
(1,-1)	10	17	r1	r2	(2.40,-2.20)	3.26	-42.51
(1,-1)	12	3	r2	r1	(3.20,-0.60)	3.26	-10.62
(1,-1)	15	2	r2	r1	(2.40,-2.20)	3.26	-42.51
(1,0)	14	2	r2	r1	(3.40,-0.20)	3.41	-3.37
(1,0)	18	10	r2	r1	(2.60,2.20)	3.41	40.24
(-1,0)	2	14	r1	r2	(-3.40,0.20)	3.41	176.63
(0,1)	12	8	r2	r1	(0.20,3.40)	3.41	86.63
(0,-1)	20	4	r2	r1	(-0.20,-3.40)	3.41	-93.37
(1,1)	17	5	r2	r1	(2.60,2.20)	3.41	40.24
(1,1)	19	3	r2	r1	(0.20,3.40)	3.41	86.63
(-1,1)	3	19	r1	r2	(-2.20,2.60)	3.41	130.24
(-1,1)	7	15	r1	r2	(-3.40,0.20)	3.41	176.63
(-1,-1)	3	19	r1	r2	(-0.20,-3.40)	3.41	-93.37
(-1,-1)	13	9	r2	r1	(-0.20,-3.40)	3.41	-93.37
(1,-1)	15	7	r2	r1	(3.40,-0.20)	3.41	-3.37
(1,-1)	19	3	r2	r1	(2.20,-2.60)	3.41	-49.76
(1,0)	2	14	r1	r2	(2.60,2.20)	3.41	40.24
(-1,0)	10	18	r1	r2	(-2.60,-2.20)	3.41	-139.76
(-1,0)	14	2	r2	r1	(-2.60,-2.20)	3.41	-139.76
(0,1)	8	12	r1	r2	(-2.20,2.60)	3.41	130.24
(0,1)	20	4	r2	r1	(-2.20,2.60)	3.41	130.24
(0,-1)	4	20	r1	r2	(2.20,-2.60)	3.41	-49.76
(0,-1)	12	8	r2	r1	(2.20,-2.60)	3.41	-49.76
(-1,1)	13	9	r2	r1	(-2.20,2.60)	3.41	130.24
(-1,-1)	5	17	r1	r2	(-2.60,-2.20)	3.41	-139.76
(-1,-1)	15	7	r2	r1	(-2.60,-2.20)	3.41	-139.76
(1,0)	10	18	r1	r2	(3.40,-0.20)	3.41	-3.37
(-1,0)	18	10	r2	r1	(-3.40,0.20)	3.41	176.63
(0,1)	4	20	r1	r2	(0.20,3.40)	3.41	86.63
(0,-1)	8	12	r1	r2	(-0.20,-3.40)	3.41	-93.37
(1,1)	7	15	r1	r2	(2.60,2.20)	3.41	40.24
(1,1)	9	13	r1	r2	(0.20,3.40)	3.41	86.63
(-1,1)	17	5	r2	r1	(-3.40,0.20)	3.41	176.63
(1,-1)	5	17	r1	r2	(3.40,-0.20)	3.41	-3.37
(1,-1)	9	13	r1	r2	(2.20,-2.60)	3.41	-49.76
(1,0)	19	10	r2	r1	(3.20,1.40)	3.49	23.63
(-1,0)	3	14	r1	r2	(-3.40,-0.80)	3.49	-166.76
(1,0)	2	13	r1	r2	(3.20,1.40)	3.49	23.63
(1,0)	12	5	r2	r1	(3.20,1.40)	3.49	23.63
(1,0)	14	3	r2	r1	(3.40,0.80)	3.49	13.24
(1,0)	15	8	r2	r1	(3.40,0.80)	3.49	13.24
(-1,0)	5	12	r1	r2	(-3.20,-1.40)	3.49	-156.37
(-1,0)	8	15	r1	r2	(-3.40,-0.80)	3.49	-166.76
(-1,0)	10	19	r1	r2	(-3.20,-1.40)	3.49	-156.37
(-1,0)	13	2	r2	r1	(-3.20,-1.40)	3.49	-156.37
(-1,0)	20	7	r2	r1	(-3.20,-1.40)	3.49	-156.37
(0,1)	3	14	r1	r2	(-1.40,3.20)	3.49	113.63
(0,1)	8	15	r1	r2	(-1.40,3.20)	3.49	113.63
(0,1)	12	5	r2	r1	(-0.80,3.40)	3.49	103.24
(0,1)	19	10	r2	r1	(-0.80,3.40)	3.49	103.24
(0,-1)	4	17	r1	r2	(1.40,-3.20)	3.49	-66.37
(0,-1)	9	18	r1	r2	(1.40,-3.20)	3.49	-66.37
(0,-1)	13	2	r2	r1	(0.80,-3.40)	3.49	-76.76
(0,-1)	14	3	r2	r1	(1.40,-3.20)	3.49	-66.37
(0,-1)	15	8	r2	r1	(1.40,-3.20)	3.49	-66.37
(0,-1)	20	7	r2	r1	(0.80,-3.40)	3.49	-76.76
(1,0)	4	17	r1	r2	(3.40,0.80)	3.49	13.24
(1,0)	7	20	r1	r2	(3.20,1.40)	3.49	23.63
(1,0)	9	18	r1	r2	(3.40,0.80)	3.49	13.24
(-1,0)	17	4	r2	r1	(-3.40,-0.80)	3.49	-166.76
(-1,0)	18	9	r2	r1	(-3.40,-0.80)	3.49	-166.76
(0,1)	2	13	r1	r2	(-0.80,3.40)	3.49	103.24
(0,1)	7	20	r1	r2	(-0.80,3.40)	3.49	103.24
(0,1)	17	4	r2	r1	(-1.40,3.20)	3.49	113.63
(0,1)	18	9	r2	r1	(-1.40,3.20)	3.49	113.63
(0,-1)	5	12	r1	r2	(0.80,-3.40)	3.49	-76.76
(0,-1)	10	19	r1	r2	(0.80,-3.40)	3.49	-76.76
(1,1)	17	3	r2	r1	(1.60,3.20)	3.58	63.43
(1,1)	18	8	r2	r1	(1.60,3.20)	3.58	63.43
(-1,1)	7	19	r1	r2	(-3.20,1.60)	3.58	153.43
(1,-1)	19	7	r2	r1	(3.20,-1.60)	3.58	-26.57
(1,1)	4	14	r1	r2	(1.60,3.20)	3.58	63.43
(-1,1)	2	12	r1	r2	(-3.20,1.60)	3.58	153.43
(-1,1)	13	5	r2	r1	(-3.20,1.60)	3.58	153.43
(-1,1)	20	10	r2	r1	(-3.20,1.60)	3.58	153.43
(-1,-1)	3	17	r1	r2	(-1.60,-3.20)	3.58	-116.57
(-1,-1)	8	18	r1	r2	(-1.60,-3.20)	3.58	-116.57
(-1,-1)	14	4	r2	r1	(-1.60,-3.20)	3.58	-116.57
(-1,-1)	15	9	r2	r1	(-1.60,-3.20)	3.58	-116.57
(1,-1)	10	20	r1	r2	(3.20,-1.60)	3.58	-26.57
(1,-1)	12	2	r2	r1	(3.20,-1.60)	3.58	-26.57
(1,1)	9	15	r1	r2	(1.60,3.20)	3.58	63.43
(1,-1)	5	13	r1	r2	(3.20,-1.60)	3.58	-26.57
(-1,0)	6	17	r1	r2	(-3.60,-0.20)	3.61	-176.82
(-1,0)	12	13	r2	r2	(-3.60,-0.20)	3.61	-176.82
(-1,0)	12	17	r2	r2	(-3.40,1.20)	3.61	160.56
(-1,0)	16	17	r2	r2	(-3.60,-0.20)	3.61	-176.82
(0,1)	6	19	r1	r2	(-0.20,3.60)	3.61	93.18
(0,1)	14	17	r2	r2	(-0.20,3.60)	3.61	93.18
(0,1)	14	19	r2	r2	(1.20,3.40)	3.61	70.56
(0,1)	16	19	r2	r2	(-0.20,3.60)	3.61	93.18
(0,-1)	17	14	r2	r2	(0.20,-3.60)	3.61	-86.82
(1,1)	15	12	r2	r2	(1.20,3.40)	3.61	70.56
(1,-1)	18	19	r2	r2	(3.40,-1.20)	3.61	-19.44
(0,0)	1	10	r1	r1	(2.00,3.00)	3.61	56.31
(0,0)	1	20	r1	r2	(1.20,3.40)	3.61	70.56
(0,0)	10	1	r1	r1	(-2.00,-3.00)	3.61	-123.69
(0,0)	10	11	r1	r2	(-2.00,-3.00)	3.61	-123.69
(0,0)	11	10	r2	r1	(2.00,3.00)	3.61	56.31
(0,0)	11	20	r2	r2	(1.20,3.40)	3.61	70.56
(0,0)	20	1	r2	r1	(-1.20,-3.40)	3.61	-109.44
(0,0)	20	11	r2	r2	(-1.20,-3.40)	3.61	-109.44
(1,0)	1	2	r1	r1	(3.00,2.00)	3.61	33.69
(1,0)	2	3	r1	r1	(3.00,2.00)	3.61	33.69
(1,0)	3	4	r1	r1	(3.00,2.00)	3.61	33.69
(1,0)	4	1	r1	r1	(3.00,-2.00)	3.61	-33.69
(1,0)	4	11	r1	r2	(3.00,-2.00)	3.61	-33.69
(1,0)	5	4	r1	r1	(2.00,3.00)	3.61	56.31
(1,0)	5	6	r1	r1	(3.00,2.00)	3.61	33.69
(1,0)	5	16	r1	r2	(3.00,2.00)	3.61	33.69
(1,0)	6	7	r1	r1	(3.00,2.00)	3.61	33.69
(1,0)	8	7	r1	r1	(2.00,3.00)	3.61	56.31
(1,0)	8	9	r1	r1	(3.00,2.00)	3.61	33.69
(1,0)	9	10	r1	r1	(3.00,2.00)	3.61	33.69
(1,0)	11	2	r2	r1	(3.00,2.00)	3.61	33.69
(1,0)	13	12	r2	r2	(3.60,0.20)	3.61	3.18
(1,0)	14	1	r2	r1	(3.40,-1.20)	3.61	-19.44
(1,0)	14	11	r2	r2	(3.40,-1.20)	3.61	-19.44
(1,0)	14	13	r2	r2	(3.60,0.20)	3.61	3.18
(1,0)	16	7	r2	r1	(3.00,2.00)	3.61	33.69
(1,0)	17	6	r2	r1	(3.60,0.20)	3.61	3.18
(1,0)	17	16	r2	r2	(3.60,0.20)	3.61	3.18
(1,0)	19	18	r2	r2	(3.60,0.20)	3.61	3.18
(-1,0)	1	4	r1	r1	(-3.00,2.00)	3.61	146.31
(-1,0)	1	14	r1	r2	(-3.40,1.20)	3.61	160.56
(-1,0)	2	1	r1	r1	(-3.00,-2.00)	3.61	-146.31
(-1,0)	2	11	r1	r2	(-3.00,-2.00)	3.61	-146.31
(-1,0)	3	2	r1	r1	(-3.00,-2.00)	3.61	-146.31
(-1,0)	4	3	r1	r1	(-3.00,-2.00)	3.61	-146.31
(-1,0)	4	5	r1	r1	(-2.00,-3.00)	3.61	-123.69
(-1,0)	6	5	r1	r1	(-3.00,-2.00)	3.61	-146.31
(-1,0)	7	6	r1	r1	(-3.00,-2.00)	3.61	-146.31
(-1,0)	7	8	r1	r1	(-2.00,-3.00)	3.61	-123.69
(-1,0)	7	16	r1	r2	(-3.00,-2.00)	3.61	-146.31
(-1,0)	9	8	r1	r1	(-3.00,-2.00)	3.61	-146.31
(-1,0)	10	9	r1	r1	(-3.00,-2.00)	3.61	-146.31
(-1,0)	11	4	r2	r1	(-3.00,2.00)	3.61	146.31
(-1,0)	11	14	r2	r2	(-3.40,1.20)	3.61	160.56
(-1,0)	13	14	r2	r2	(-3.60,-0.20)	3.61	-176.82
(-1,0)	15	6	r2	r1	(-3.60,-0.20)	3.61	-176.82
(-1,0)	15	16	r2	r2	(-3.60,-0.20)	3.61	-176.82
(-1,0)	15	20	r2	r2	(-3.40,1.20)	3.61	160.56
(-1,0)	16	5	r2	r1	(-3.00,-2.00)	3.61	-146.31
(-1,0)	19	20	r2	r2	(-3.60,-0.20)	3.61	-176.82
(0,1)	5	2	r1	r1	(-2.00,3.00)	3.61	123.69
(0,1)	6	3	r1	r1	(-2.00,3.00)	3.61	123.69
(0,1)	7	4	r1	r1	(-2.00,3.00)	3.61	123.69
(0,1)	8	1	r1	r1	(-3.00,2.00)	3.61	146.31
(0,1)	8	5	r1	r1	(-2.00,3.00)	3.61	123.69
(0,1)	9	2	r1	r1	(-3.00,2.00)	3.61	146.31
(0,1)	9	6	r1	r1	(-2.00,3.00)	3.61	123.69
(0,1)	9	16	r1	r2	(-2.00,3.00)	3.61	123.69
(0,1)	10	3	r1	r1	(-3.00,2.00)	3.61	146.31
(0,1)	10	7	r1	r1	(-2.00,3.00)	3.61	123.69
(0,1)	12	15	r2	r2	(-0.20,3.60)	3.61	93.18
(0,1)	13	6	r2	r1	(-0.20,3.60)	3.61	93.18
(0,1)	13	16	r2	r2	(-0.20,3.60)	3.61	93.18
(0,1)	16	3	r2	r1	(-2.00,3.00)	3.61	123.69
(0,-1)	1	8	r1	r1	(3.00,-2.00)	3.61	-33.69
(0,-1)	1	18	r1	r2	(3.40,-1.20)	3.61	-19.44
(0,-1)	2	5	r1	r1	(2.00,-3.00)	3.61	-56.31
(0,-1)	2	9	r1	r1	(3.00,-2.00)	3.61	-33.69
(0,-1)	3	6	r1	r1	(2.00,-3.00)	3.61	-56.31
(0,-1)	3	10	r1	r1	(3.00,-2.00)	3.61	-33.69
(0,-1)	3	16	r1	r2	(2.00,-3.00)	3.61	-56.31
(0,-1)	4	7	r1	r1	(2.00,-3.00)	3.61	-56.31
(0,-1)	5	8	r1	r1	(2.00,-3.00)	3.61	-56.31
(0,-1)	6	9	r1	r1	(2.00,-3.00)	3.61	-56.31
(0,-1)	6	13	r1	r2	(0.20,-3.60)	3.61	-86.82
(0,-1)	7	10	r1	r1	(2.00,-3.00)	3.61	-56.31
(0,-1)	11	8	r2	r1	(3.00,-2.00)	3.61	-33.69
(0,-1)	11	18	r2	r2	(3.40,-1.20)	3.61	-19.44
(0,-1)	12	1	r2	r1	(0.20,-3.60)	3.61	-86.82
(0,-1)	16	9	r2	r1	(2.00,-3.00)	3.61	-56.31
(0,-1)	16	13	r2	r2	(0.20,-3.60)	3.61	-86.82
(0,-1)	18	13	r2	r2	(-1.20,-3.40)	3.61	-109.44
(0,-1)	18	15	r2	r2	(0.20,-3.60)	3.61	-86.82
(0,-1)	19	6	r2	r1	(0.20,-3.60)	3.61	-86.82
(0,-1)	19	16	r2	r2	(0.20,-3.60)	3.61	-86.82
(0,-1)	20	17	r2	r2	(0.20,-3.60)	3.61	-86.82
(1,1)	2	1	r1	r1	(2.00,3.00)	3.61	56.31
(1,1)	2	11	r1	r2	(2.00,3.00)	3.61	56.31
(1,1)	3	2	r1	r1	(2.00,3.00)	3.61	56.31
(1,1)	4	3	r1	r1	(2.00,3.00)	3.61	56.31
(1,1)	4	5	r1	r1	(3.00,2.00)	3.61	33.69
(1,1)	6	5	r1	r1	(2.00,3.00)	3.61	56.31
(1,1)	7	6	r1	r1	(2.00,3.00)	3.61	56.31
(1,1)	7	8	r1	r1	(3.00,2.00)	3.61	33.69
(1,1)	9	8	r1	r1	(2.00,3.00)	3.61	56.31
(1,1)	10	9	r1	r1	(2.00,3.00)	3.61	56.31
(1,1)	12	1	r2	r1	(1.20,3.40)	3.61	70.56
(1,1)	12	11	r2	r2	(1.20,3.40)	3.61	70.56
(1,1)	16	5	r2	r1	(2.00,3.00)	3.61	56.31
(1,1)	19	6	r2	r1	(1.20,3.40)	3.61	70.56
(1,1)	19	14	r2	r2	(-0.20,3.60)	3.61	93.18
(1,1)	19	16	r2	r2	(1.20,3.40)	3.61	70.56
(1,1)	20	17	r2	r2	(1.20,3.40)	3.61	70.56
(-1,1)	1	8	r1	r1	(-2.00,3.00)	3.61	123.69
(-1,1)	2	5	r1	r1	(-3.00,2.00)	3.61	146.31
(-1,1)	2	9	r1	r1	(-2.00,3.00)	3.61	123.69
(-1,1)	3	6	r1	r1	(-3.00,2.00)	3.61	146.31
(-1,1)	3	10	r1	r1	(-2.00,3.00)	3.61	123.69
(-1,1)	3	16	r1	r2	(-3.00,2.00)	3.61	146.31
(-1,1)	4	7	r1	r1	(-3.00,2.00)	3.61	146.31
(-1,1)	5	8	r1	r1	(-3.00,2.00)	3.61	146.31
(-1,1)	6	9	r1	r1	(-3.00,2.00)	3.61	146.31
(-1,1)	6	15	r1	r2	(-3.40,1.20)	3.61	160.56
(-1,1)	7	10	r1	r1	(-3.00,2.00)	3.61	146.31
(-1,1)	11	8	r2	r1	(-2.00,3.00)	3.61	123.69
(-1,1)	14	13	r2	r2	(-3.40,1.20)	3.61	160.56
(-1,1)	16	9	r2	r1	(-3.00,2.00)	3.61	146.31
(-1,1)	16	15	r2	r2	(-3.40,1.20)	3.61	160.56
(-1,1)	20	15	r2	r2	(-3.60,-0.20)	3.61	-176.82
(-1,-1)	1	2	r1	r1	(-2.00,-3.00)	3.61	-123.69
(-1,-1)	1	12	r1	r2	(-1.20,-3.40)	3.61	-109.44
(-1,-1)	2	3	r1	r1	(-2.00,-3.00)	3.61	-123.69
(-1,-1)	3	4	r1	r1	(-2.00,-3.00)	3.61	-123.69
(-1,-1)	5	4	r1	r1	(-3.00,-2.00)	3.61	-146.31
(-1,-1)	5	6	r1	r1	(-2.00,-3.00)	3.61	-123.69
(-1,-1)	5	16	r1	r2	(-2.00,-3.00)	3.61	-123.69
(-1,-1)	6	7	r1	r1	(-2.00,-3.00)	3.61	-123.69
(-1,-1)	6	19	r1	r2	(-1.20,-3.40)	3.61	-109.44
(-1,-1)	8	7	r1	r1	(-3.00,-2.00)	3.61	-146.31
(-1,-1)	8	9	r1	r1	(-2.00,-3.00)	3.61	-123.69
(-1,-1)	9	10	r1	r1	(-2.00,-3.00)	3.61	-123.69
(-1,-1)	11	2	r2	r1	(-2.00,-3.00)	3.61	-123.69
(-1,-1)	11	12	r2	r2	(-1.20,-3.40)	3.61	-109.44
(-1,-1)	12	15	r2	r2	(-1.20,-3.40)	3.61	-109.44
(-1,-1)	13	6	r2	r1	(-1.20,-3.40)	3.61	-109.44
(-1,-1)	13	16	r2	r2	(-1.20,-3.40)	3.61	-109.44
(-1,-1)	13	18	r2	r2	(0.20,-3.60)	3.61	-86.82
(-1,-1)	14	19	r2	r2	(0.20,-3.60)	3.61	-86.82
(-1,-1)	16	7	r2	r1	(-2.00,-3.00)	3.61	-123.69
(-1,-1)	16	19	r2	r2	(-1.20,-3.40)	3.61	-109.44
(-1,-1)	17	20	r2	r2	(-1.20,-3.40)	3.61	-109.44
(1,-1)	1	14	r1	r2	(3.60,0.20)	3.61	3.18
(1,-1)	5	2	r1	r1	(3.00,-2.00)	3.61	-33.69
(1,-1)	6	3	r1	r1	(3.00,-2.00)	3.61	-33.69
(1,-1)	7	4	r1	r1	(3.00,-2.00)	3.61	-33.69
(1,-1)	8	1	r1	r1	(2.00,-3.00)	3.61	-56.31
(1,-1)	8	5	r1	r1	(3.00,-2.00)	3.61	-33.69
(1,-1)	8	11	r1	r2	(2.00,-3.00)	3.61	-56.31
(1,-1)	9	2	r1	r1	(2.00,-3.00)	3.61	-56.31
(1,-1)	9	6	r1	r1	(3.00,-2.00)	3.61	-33.69
(1,-1)	10	3	r1	r1	(2.00,-3.00)	3.61	-56.31
(1,-1)	10	7	r1	r1	(3.00,-2.00)	3.61	-33.69
(1,-1)	11	14	r2	r2	(3.60,0.20)	3.61	3.18
(1,-1)	13	14	r2	r2	(3.40,-1.20)	3.61	-19.44
(1,-1)	15	6	r2	r1	(3.40,-1.20)	3.61	-19.44
(1,-1)	15	16	r2	r2	(3.40,-1.20)	3.61	-19.44
(1,-1)	15	20	r2	r2	(3.60,0.20)	3.61	3.18
(1,-1)	16	3	r2	r1	(3.00,-2.00)	3.61	-33.69
(1,-1)	19	20	r2	r2	(3.40,-1.20)	3.61	-19.44
(1,0)	6	15	r1	r2	(3.60,0.20)	3.61	3.18
(1,0)	16	15	r2	r2	(3.60,0.20)	3.61	3.18
(1,0)	17	12	r2	r2	(3.40,-1.20)	3.61	-19.44
(1,0)	20	15	r2	r2	(3.40,-1.20)	3.61	-19.44
(1,0)	20	19	r2	r2	(3.60,0.20)	3.61	3.18
(-1,0)	18	19	r2	r2	(-3.60,-0.20)	3.61	-176.82
(0,1)	1	12	r1	r2	(-0.20,3.60)	3.61	93.18
(0,1)	8	11	r1	r2	(-3.00,2.00)	3.61	146.31
(0,1)	11	12	r2	r2	(-0.20,3.60)	3.61	93.18
(0,1)	15	18	r2	r2	(-0.20,3.60)	3.61	93.18
(0,1)	17	20	r2	r2	(-0.20,3.60)	3.61	93.18
(0,1)	18	1	r2	r1	(-3.40,1.20)	3.61	160.56
(0,1)	18	11	r2	r2	(-3.40,1.20)	3.61	160.56
(0,-1)	12	11	r2	r2	(0.20,-3.60)	3.61	-86.82
(0,-1)	15	12	r2	r2	(0.20,-3.60)	3.61	-86.82
(0,-1)	19	14	r2	r2	(-1.20,-3.40)	3.61	-109.44
(1,1)	6	13	r1	r2	(1.20,3.40)	3.61	70.56
(1,1)	7	16	r1	r2	(2.00,3.00)	3.61	56.31
(1,1)	16	13	r2	r2	(1.20,3.40)	3.61	70.56
(1,1)	17	14	r2	r2	(1.20,3.40)	3.61	70.56
(1,1)	18	15	r2	r2	(1.20,3.40)	3.61	70.56
(-1,1)	13	12	r2	r2	(-3.40,1.20)	3.61	160.56
(-1,1)	14	1	r2	r1	(-3.60,-0.20)	3.61	-176.82
(-1,1)	14	11	r2	r2	(-3.60,-0.20)	3.61	-176.82
(-1,1)	17	6	r2	r1	(-3.40,1.20)	3.61	160.56
(-1,1)	17	12	r2	r2	(-3.60,-0.20)	3.61	-176.82
(-1,1)	17	16	r2	r2	(-3.40,1.20)	3.61	160.56
(-1,1)	19	18	r2	r2	(-3.40,1.20)	3.61	160.56
(-1,1)	20	19	r2	r2	(-3.40,1.20)	3.61	160.56
(-1,-1)	14	17	r2	r2	(-1.20,-3.40)	3.61	-109.44
(-1,-1)	15	18	r2	r2	(-1.20,-3.40)	3.61	-109.44
(1,-1)	6	17	r1	r2	(3.40,-1.20)	3.61	-19.44
(1,-1)	9	16	r1	r2	(3.00,-2.00)	3.61	-33.69
(1,-1)	12	13	r2	r2	(3.40,-1.20)	3.61	-19.44
(1,-1)	12	17	r2	r2	(3.60,0.20)	3.61	3.18
(1,-1)	16	17	r2	r2	(3.40,-1.20)	3.61	-19.44
(1,1)	18	13	r2	r2	(-0.20,3.60)	3.61	93.18
(0,1)	13	18	r2	r2	(1.20,3.40)	3.61	70.56
(1,0)	15	7	r2	r1	(2.40,2.80)	3.69	49.40
(1,0)	17	5	r2	r1	(3.60,-0.80)	3.69	-12.53
(-1,0)	5	17	r1	r2	(-3.60,0.80)	3.69	167.47
(-1,0)	7	15	r1	r2	(-2.40,-2.80)	3.69	-130.60
(0,1)	3	19	r1	r2	(0.80,3.60)	3.69	77.47
(0,-1)	13	9	r2	r1	(2.80,-2.40)	3.69	-40.60
(1,1)	8	12	r1	r2	(0.80,3.60)	3.69	77.47
(1,1)	14	2	r2	r1	(2.40,2.80)	3.69	49.40
(-1,1)	10	18	r1	r2	(-3.60,0.80)	3.69	167.47
(-1,1)	12	8	r2	r1	(-2.80,2.40)	3.69	139.40
(1,-1)	18	10	r2	r1	(3.60,-0.80)	3.69	-12.53
(1,-1)	20	4	r2	r1	(2.80,-2.40)	3.69	-40.60
(1,0)	5	17	r1	r2	(2.40,2.80)	3.69	49.40
(-1,0)	15	7	r2	r1	(-3.60,0.80)	3.69	167.47
(-1,0)	17	5	r2	r1	(-2.40,-2.80)	3.69	-130.60
(0,1)	9	13	r1	r2	(-2.80,2.40)	3.69	139.40
(0,1)	13	9	r2	r1	(0.80,3.60)	3.69	77.47
(0,1)	19	3	r2	r1	(-2.80,2.40)	3.69	139.40
(0,-1)	3	19	r1	r2	(2.80,-2.40)	3.69	-40.60
(0,-1)	9	13	r1	r2	(-0.80,-3.60)	3.69	-102.53
(0,-1)	19	3	r2	r1	(-0.80,-3.60)	3.69	-102.53
(1,1)	10	18	r1	r2	(2.40,2.80)	3.69	49.40
(1,1)	20	4	r2	r1	(0.80,3.60)	3.69	77.47
(-1,1)	4	20	r1	r2	(-2.80,2.40)	3.69	139.40
(-1,1)	14	2	r2	r1	(-3.60,0.80)	3.69	167.47
(-1,-1)	2	14	r1	r2	(-2.40,-2.80)	3.69	-130.60
(-1,-1)	4	20	r1	r2	(-0.80,-3.60)	3.69	-102.53
(-1,-1)	12	8	r2	r1	(-0.80,-3.60)	3.69	-102.53
(-1,-1)	18	10	r2	r1	(-2.40,-2.80)	3.69	-130.60
(1,-1)	2	14	r1	r2	(3.60,-0.80)	3.69	-12.53
(1,-1)	8	12	r1	r2	(2.80,-2.40)	3.69	-40.60
(1,0)	7	15	r1	r2	(3.60,-0.80)	3.69	-12.53
(-1,0)	7	17	r1	r2	(-3.60,-1.20)	3.79	-161.57
(0,1)	9	19	r1	r2	(-1.20,3.60)	3.79	108.43
(1,0)	17	7	r2	r1	(3.60,1.20)	3.79	18.43
(-1,0)	15	5	r2	r1	(-3.60,-1.20)	3.79	-161.57
(0,-1)	3	13	r1	r2	(1.20,-3.60)	3.79	-71.57
(0,-1)	19	9	r2	r1	(1.20,-3.60)	3.79	-71.57
(1,0)	5	15	r1	r2	(3.60,1.20)	3.79	18.43
(0,1)	13	3	r2	r1	(-1.20,3.60)	3.79	108.43
(-1,0)	4	13	r1	r2	(-2.80,-2.60)	3.82	-137.12
(0,1)	10	17	r1	r2	(-2.60,2.80)	3.82	132.88
(0,-1)	17	10	r2	r1	(2.60,-2.80)	3.82	-47.12
(1,-1)	18	5	r2	r1	(2.60,-2.80)	3.82	-47.12
(1,0)	3	12	r1	r2	(3.80,-0.40)	3.82	-6.01
(1,0)	8	19	r1	r2	(2.80,2.60)	3.82	42.88
(1,0)	13	4	r2	r1	(2.80,2.60)	3.82	42.88
(1,0)	20	9	r2	r1	(3.80,-0.40)	3.82	-6.01
(-1,0)	9	20	r1	r2	(-3.80,0.40)	3.82	173.99
(-1,0)	12	3	r2	r1	(-3.80,0.40)	3.82	173.99
(-1,0)	19	8	r2	r1	(-2.80,-2.60)	3.82	-137.12
(0,1)	14	7	r2	r1	(0.40,3.80)	3.82	83.99
(0,1)	15	2	r2	r1	(-2.60,2.80)	3.82	132.88
(0,-1)	2	15	r1	r2	(2.60,-2.80)	3.82	-47.12
(0,-1)	7	14	r1	r2	(-0.40,-3.80)	3.82	-96.01
(0,-1)	18	5	r2	r1	(-0.40,-3.80)	3.82	-96.01
(1,1)	3	12	r1	r2	(2.80,2.60)	3.82	42.88
(1,1)	10	17	r1	r2	(0.40,3.80)	3.82	83.99
(1,1)	15	2	r2	r1	(0.40,3.80)	3.82	83.99
(1,1)	20	9	r2	r1	(2.80,2.60)	3.82	42.88
(-1,1)	4	13	r1	r2	(-3.80,0.40)	3.82	173.99
(-1,1)	5	18	r1	r2	(-2.60,2.80)	3.82	132.88
(-1,1)	14	7	r2	r1	(-2.60,2.80)	3.82	132.88
(-1,1)	19	8	r2	r1	(-3.80,0.40)	3.82	173.99
(-1,-1)	2	15	r1	r2	(-0.40,-3.80)	3.82	-96.01
(-1,-1)	9	20	r1	r2	(-2.80,-2.60)	3.82	-137.12
(-1,-1)	12	3	r2	r1	(-2.80,-2.60)	3.82	-137.12
(-1,-1)	17	10	r2	r1	(-0.40,-3.80)	3.82	-96.01
(1,-1)	7	14	r1	r2	(2.60,-2.80)	3.82	-47.12
(1,-1)	8	19	r1	r2	(3.80,-0.40)	3.82	-6.01
(1,-1)	13	4	r2	r1	(3.80,-0.40)	3.82	-6.01
(0,1)	5	18	r1	r2	(0.40,3.80)	3.82	83.99
(1,0)	13	5	r2	r1	(3.80,0.60)	3.85	8.97
(1,0)	14	4	r2	r1	(3.40,1.80)	3.85	27.90
(1,0)	15	9	r2	r1	(3.40,1.80)	3.85	27.90
(1,0)	20	10	r2	r1	(3.80,0.60)	3.85	8.97
(-1,0)	4	14	r1	r2	(-3.40,-1.80)	3.85	-152.10
(-1,0)	5	13	r1	r2	(-3.80,-0.60)	3.85	-171.03
(-1,0)	9	15	r1	r2	(-3.40,-1.80)	3.85	-152.10
(-1,0)	10	20	r1	r2	(-3.80,-0.60)	3.85	-171.03
(-1,0)	12	2	r2	r1	(-3.80,-0.60)	3.85	-171.03
(0,1)	3	17	r1	r2	(-0.60,3.80)	3.85	98.97
(0,1)	12	2	r2	r1	(-1.80,3.40)	3.85	117.90
(0,1)	14	4	r2	r1	(-0.60,3.80)	3.85	98.97
(0,1)	15	9	r2	r1	(-0.60,3.80)	3.85	98.97
(0,-1)	4	14	r1	r2	(0.60,-3.80)	3.85	-81.03
(0,-1)	13	5	r2	r1	(1.80,-3.40)	3.85	-62.10
(0,-1)	17	3	r2	r1	(0.60,-3.80)	3.85	-81.03
(0,-1)	18	8	r2	r1	(0.60,-3.80)	3.85	-81.03
(0,-1)	20	10	r2	r1	(1.80,-3.40)	3.85	-62.10
(1,0)	2	12	r1	r2	(3.80,0.60)	3.85	8.97
(1,0)	3	17	r1	r2	(3.40,1.80)	3.85	27.90
(1,0)	8	18	r1	r2	(3.40,1.80)	3.85	27.90
(-1,0)	17	3	r2	r1	(-3.40,-1.80)	3.85	-152.10
(-1,0)	18	8	r2	r1	(-3.40,-1.80)	3.85	-152.10
(-1,0)	19	7	r2	r1	(-3.80,-0.60)	3.85	-171.03
(0,1)	5	13	r1	r2	(-1.80,3.40)	3.85	117.90
(0,1)	10	20	r1	r2	(-1.80,3.40)	3.85	117.90
(0,1)	19	7	r2	r1	(-1.80,3.40)	3.85	117.90
(0,-1)	2	12	r1	r2	(1.80,-3.40)	3.85	-62.10
(0,-1)	7	19	r1	r2	(1.80,-3.40)	3.85	-62.10
(0,-1)	9	15	r1	r2	(0.60,-3.80)	3.85	-81.03
(1,0)	7	19	r1	r2	(3.80,0.60)	3.85	8.97
(0,1)	8	18	r1	r2	(-0.60,3.80)	3.85	98.97
(1,0)	1	13	r1	r2	(3.20,2.40)	4.00	36.87
(1,0)	3	5	r1	r1	(4.00,0.00)	4.00	0.00
(1,0)	4	6	r1	r1	(4.00,0.00)	4.00	0.00
(1,0)	4	16	r1	r2	(4.00,0.00)	4.00	0.00
(1,0)	6	8	r1	r1	(4.00,0.00)	4.00	0.00
(1,0)	6	20	r1	r2	(3.20,2.40)	4.00	36.87
(1,0)	7	9	r1	r1	(4.00,0.00)	4.00	0.00
(1,0)	11	13	r2	r2	(3.20,2.40)	4.00	36.87
(1,0)	12	6	r2	r1	(3.20,2.40)	4.00	36.87
(1,0)	12	16	r2	r2	(3.20,2.40)	4.00	36.87
(1,0)	13	17	r2	r2	(3.20,2.40)	4.00	36.87
(1,0)	15	19	r2	r2	(3.20,2.40)	4.00	36.87
(1,0)	16	8	r2	r1	(4.00,0.00)	4.00	0.00
(1,0)	16	20	r2	r2	(3.20,2.40)	4.00	36.87
(-1,0)	5	3	r1	r1	(-4.00,0.00)	4.00	180.00
(-1,0)	6	4	r1	r1	(-4.00,0.00)	4.00	180.00
(-1,0)	6	12	r1	r2	(-3.20,-2.40)	4.00	-143.13
(-1,0)	8	6	r1	r1	(-4.00,0.00)	4.00	180.00
(-1,0)	8	16	r1	r2	(-4.00,0.00)	4.00	180.00
(-1,0)	9	7	r1	r1	(-4.00,0.00)	4.00	180.00
(-1,0)	13	1	r2	r1	(-3.20,-2.40)	4.00	-143.13
(-1,0)	13	11	r2	r2	(-3.20,-2.40)	4.00	-143.13
(-1,0)	16	4	r2	r1	(-4.00,0.00)	4.00	180.00
(-1,0)	16	12	r2	r2	(-3.20,-2.40)	4.00	-143.13
(-1,0)	17	13	r2	r2	(-3.20,-2.40)	4.00	-143.13
(-1,0)	19	15	r2	r2	(-3.20,-2.40)	4.00	-143.13
(-1,0)	20	6	r2	r1	(-3.20,-2.40)	4.00	-143.13
(-1,0)	20	16	r2	r2	(-3.20,-2.40)	4.00	-143.13
(0,1)	1	5	r1	r1	(0.00,4.00)	4.00	90.00
(0,1)	2	6	r1	r1	(0.00,4.00)	4.00	90.00
(0,1)	2	16	r1	r2	(0.00,4.00)	4.00	90.00
(0,1)	3	7	r1	r1	(0.00,4.00)	4.00	90.00
(0,1)	5	9	r1	r1	(0.00,4.00)	4.00	90.00
(0,1)	6	10	r1	r1	(0.00,4.00)	4.00	90.00
(0,1)	6	14	r1	r2	(-2.40,3.20)	4.00	126.87
(0,1)	11	5	r2	r1	(0.00,4.00)	4.00	90.00
(0,1)	15	13	r2	r2	(-2.40,3.20)	4.00	126.87
(0,1)	16	10	r2	r1	(0.00,4.00)	4.00	90.00
(0,1)	16	14	r2	r2	(-2.40,3.20)	4.00	126.87
(0,1)	18	6	r2	r1	(-2.40,3.20)	4.00	126.87
(0,1)	18	16	r2	r2	(-2.40,3.20)	4.00	126.87
(0,1)	19	17	r2	r2	(-2.40,3.20)	4.00	126.87
(0,-1)	5	1	r1	r1	(0.00,-4.00)	4.00	-90.00
(0,-1)	5	11	r1	r2	(-0.00,-4.00)	4.00	-90.00
(0,-1)	6	2	r1	r1	(0.00,-4.00)	4.00	-90.00
(0,-1)	6	18	r1	r2	(2.40,-3.20)	4.00	-53.13
(0,-1)	7	3	r1	r1	(0.00,-4.00)	4.00	-90.00
(0,-1)	9	5	r1	r1	(0.00,-4.00)	4.00	-90.00
(0,-1)	10	6	r1	r1	(0.00,-4.00)	4.00	-90.00
(0,-1)	10	16	r1	r2	(0.00,-4.00)	4.00	-90.00
(0,-1)	13	15	r2	r2	(2.40,-3.20)	4.00	-53.13
(0,-1)	14	6	r2	r1	(2.40,-3.20)	4.00	-53.13
(0,-1)	14	16	r2	r2	(2.40,-3.20)	4.00	-53.13
(0,-1)	16	2	r2	r1	(0.00,-4.00)	4.00	-90.00
(0,-1)	16	18	r2	r2	(2.40,-3.20)	4.00	-53.13
(0,-1)	17	19	r2	r2	(2.40,-3.20)	4.00	-53.13
(1,1)	8	2	r1	r1	(0.00,4.00)	4.00	90.00
(1,1)	9	3	r1	r1	(0.00,4.00)	4.00	90.00
(1,1)	10	4	r1	r1	(0.00,4.00)	4.00	90.00
(1,1)	14	12	r2	r2	(3.20,2.40)	4.00	36.87
(1,1)	17	15	r2	r2	(3.20,2.40)	4.00	36.87
(1,1)	20	18	r2	r2	(3.20,2.40)	4.00	36.87
(-1,1)	1	15	r1	r2	(-2.40,3.20)	4.00	126.87
(-1,1)	3	1	r1	r1	(-4.00,0.00)	4.00	180.00
(-1,1)	3	11	r1	r2	(-4.00,0.00)	4.00	180.00
(-1,1)	4	2	r1	r1	(-4.00,0.00)	4.00	180.00
(-1,1)	7	5	r1	r1	(-4.00,0.00)	4.00	180.00
(-1,1)	10	8	r1	r1	(-4.00,0.00)	4.00	180.00
(-1,1)	11	15	r2	r2	(-2.40,3.20)	4.00	126.87
(-1,1)	12	18	r2	r2	(-2.40,3.20)	4.00	126.87
(-1,1)	13	19	r2	r2	(-2.40,3.20)	4.00	126.87
(-1,1)	14	20	r2	r2	(-2.40,3.20)	4.00	126.87
(-1,-1)	2	8	r1	r1	(0.00,-4.00)	4.00	-90.00
(-1,-1)	3	9	r1	r1	(0.00,-4.00)	4.00	-90.00
(-1,-1)	4	10	r1	r1	(0.00,-4.00)	4.00	-90.00
(-1,-1)	12	14	r2	r2	(-3.20,-2.40)	4.00	-143.13
(-1,-1)	15	17	r2	r2	(-3.20,-2.40)	4.00	-143.13
(-1,-1)	18	20	r2	r2	(-3.20,-2.40)	4.00	-143.13
(1,-1)	1	3	r1	r1	(4.00,0.00)	4.00	0.00
(1,-1)	2	4	r1	r1	(4.00,0.00)	4.00	0.00
(1,-1)	5	7	r1	r1	(4.00,0.00)	4.00	0.00
(1,-1)	8	10	r1	r1	(4.00,0.00)	4.00	0.00
(1,-1)	11	3	r2	r1	(4.00,0.00)	4.00	0.00
(1,-1)	15	1	r2	r1	(2.40,-3.20)	4.00	-53.13
(1,-1)	15	11	r2	r2	(2.40,-3.20)	4.00	-53.13
(1,-1)	18	12	r2	r2	(2.40,-3.20)	4.00	-53.13
(1,-1)	19	13	r2	r2	(2.40,-3.20)	4.00	-53.13
(1,-1)	20	14	r2	r2	(2.40,-3.20)	4.00	-53.13
(1,1)	5	12	r1	r2	(1.80,3.60)	4.02	63.43
(1,1)	13	2	r2	r1	(1.80,3.60)	4.02	63.43
(1,1)	20	7	r2	r1	(1.80,3.60)	4.02	63.43
(-1,1)	4	17	r1	r2	(-3.60,1.80)	4.02	153.43
(-1,1)	9	18	r1	r2	(-3.60,1.80)	4.02	153.43
(-1,1)	14	3	r2	r1	(-3.60,1.80)	4.02	153.43
(1,-1)	8	15	r1	r2	(3.60,-1.80)	4.02	-26.57
(1,-1)	17	4	r2	r1	(3.60,-1.80)	4.02	-26.57
(1,-1)	18	9	r2	r1	(3.60,-1.80)	4.02	-26.57
(1,1)	10	19	r1	r2	(1.80,3.60)	4.02	63.43
(-1,1)	15	8	r2	r1	(-3.60,1.80)	4.02	153.43
(-1,-1)	2	13	r1	r2	(-1.80,-3.60)	4.02	-116.57
(-1,-1)	7	20	r1	r2	(-1.80,-3.60)	4.02	-116.57
(-1,-1)	12	5	r2	r1	(-1.80,-3.60)	4.02	-116.57
(-1,-1)	19	10	r2	r1	(-1.80,-3.60)	4.02	-116.57
(1,-1)	3	14	r1	r2	(3.60,-1.80)	4.02	-26.57
(1,0)	12	4	r2	r1	(2.20,3.40)	4.05	57.09
(1,0)	20	8	r2	r1	(3.80,-1.40)	4.05	-20.22
(-1,0)	4	12	r1	r2	(-2.20,-3.40)	4.05	-122.91
(-1,0)	12	4	r2	r1	(-3.80,1.40)	4.05	159.78
(-1,0)	20	8	r2	r1	(-2.20,-3.40)	4.05	-122.91
(0,1)	10	14	r1	r2	(-3.40,2.20)	4.05	147.09
(0,1)	14	10	r2	r1	(1.40,3.80)	4.05	69.78
(0,-1)	2	18	r1	r2	(3.40,-2.20)	4.05	-32.91
(0,-1)	10	14	r1	r2	(-1.40,-3.80)	4.05	-110.22
(0,-1)	14	10	r2	r1	(3.40,-2.20)	4.05	-32.91
(1,1)	15	5	r2	r1	(1.40,3.80)	4.05	69.78
(1,1)	19	9	r2	r1	(2.20,3.40)	4.05	57.09
(-1,1)	3	13	r1	r2	(-3.80,1.40)	4.05	159.78
(-1,1)	5	15	r1	r2	(-3.40,2.20)	4.05	147.09
(-1,-1)	5	15	r1	r2	(-1.40,-3.80)	4.05	-110.22
(-1,-1)	9	19	r1	r2	(-2.20,-3.40)	4.05	-122.91
(-1,-1)	13	3	r2	r1	(-2.20,-3.40)	4.05	-122.91
(-1,-1)	17	7	r2	r1	(-1.40,-3.80)	4.05	-110.22
(1,-1)	13	3	r2	r1	(3.80,-1.40)	4.05	-20.22
(1,-1)	15	5	r2	r1	(3.40,-2.20)	4.05	-32.91
(1,0)	4	12	r1	r2	(3.80,-1.40)	4.05	-20.22
(1,0)	8	20	r1	r2	(2.20,3.40)	4.05	57.09
(-1,0)	8	20	r1	r2	(-3.80,1.40)	4.05	159.78
(0,1)	2	18	r1	r2	(1.40,3.80)	4.05	69.78
(0,1)	18	2	r2	r1	(-3.40,2.20)	4.05	147.09
(0,-1)	18	2	r2	r1	(-1.40,-3.80)	4.05	-110.22
(1,1)	3	13	r1	r2	(2.20,3.40)	4.05	57.09
(1,1)	7	17	r1	r2	(1.40,3.80)	4.05	69.78
(-1,1)	17	7	r2	r1	(-3.40,2.20)	4.05	147.09
(-1,1)	19	9	r2	r1	(-3.80,1.40)	4.05	159.78
(1,-1)	7	17	r1	r2	(3.40,-2.20)	4.05	-32.91
(1,-1)	9	19	r1	r2	(3.80,-1.40)	4.05	-20.22
(-1,0)	17	14	r2	r2	(-3.80,-1.60)	4.12	-157.17
(1,-1)	18	15	r2	r2	(3.20,-2.60)	4.12	-39.09
(1,0)	1	12	r1	r2	(3.80,1.60)	4.12	22.83
(1,0)	1	14	r1	r2	(2.60,3.20)	4.12	50.91
(1,0)	2	5	r1	r1	(4.00,1.00)	4.12	14.04
(1,0)	3	6	r1	r1	(4.00,1.00)	4.12	14.04
(1,0)	3	16	r1	r2	(4.00,1.00)	4.12	14.04
(1,0)	4	5	r1	r1	(4.00,-1.00)	4.12	-14.04
(1,0)	4	7	r1	r1	(4.00,1.00)	4.12	14.04
(1,0)	5	8	r1	r1	(4.00,1.00)	4.12	14.04
(1,0)	6	9	r1	r1	(4.00,1.00)	4.12	14.04
(1,0)	6	19	r1	r2	(3.80,1.60)	4.12	22.83
(1,0)	7	8	r1	r1	(4.00,-1.00)	4.12	-14.04
(1,0)	7	10	r1	r1	(4.00,1.00)	4.12	14.04
(1,0)	11	12	r2	r2	(3.80,1.60)	4.12	22.83
(1,0)	11	14	r2	r2	(2.60,3.20)	4.12	50.91
(1,0)	12	15	r2	r2	(3.80,1.60)	4.12	22.83
(1,0)	12	17	r2	r2	(2.60,3.20)	4.12	50.91
(1,0)	13	6	r2	r1	(3.80,1.60)	4.12	22.83
(1,0)	13	16	r2	r2	(3.80,1.60)	4.12	22.83
(1,0)	14	17	r2	r2	(3.80,1.60)	4.12	22.83
(1,0)	15	18	r2	r2	(3.80,1.60)	4.12	22.83
(1,0)	15	20	r2	r2	(2.60,3.20)	4.12	50.91
(1,0)	16	9	r2	r1	(4.00,1.00)	4.12	14.04
(1,0)	16	19	r2	r2	(3.80,1.60)	4.12	22.83
(1,0)	17	20	r2	r2	(3.80,1.60)	4.12	22.83
(-1,0)	5	2	r1	r1	(-4.00,-1.00)	4.12	-165.96
(-1,0)	5	4	r1	r1	(-4.00,1.00)	4.12	165.96
(-1,0)	6	3	r1	r1	(-4.00,-1.00)	4.12	-165.96
(-1,0)	6	13	r1	r2	(-3.80,-1.60)	4.12	-157.17
(-1,0)	7	4	r1	r1	(-4.00,-1.00)	4.12	-165.96
(-1,0)	8	5	r1	r1	(-4.00,-1.00)	4.12	-165.96
(-1,0)	8	7	r1	r1	(-4.00,1.00)	4.12	165.96
(-1,0)	9	6	r1	r1	(-4.00,-1.00)	4.12	-165.96
(-1,0)	9	16	r1	r2	(-4.00,-1.00)	4.12	-165.96
(-1,0)	10	7	r1	r1	(-4.00,-1.00)	4.12	-165.96
(-1,0)	12	1	r2	r1	(-3.80,-1.60)	4.12	-157.17
(-1,0)	12	11	r2	r2	(-3.80,-1.60)	4.12	-157.17
(-1,0)	14	1	r2	r1	(-2.60,-3.20)	4.12	-129.09
(-1,0)	14	11	r2	r2	(-2.60,-3.20)	4.12	-129.09
(-1,0)	15	12	r2	r2	(-3.80,-1.60)	4.12	-157.17
(-1,0)	16	3	r2	r1	(-4.00,-1.00)	4.12	-165.96
(-1,0)	16	13	r2	r2	(-3.80,-1.60)	4.12	-157.17
(-1,0)	17	12	r2	r2	(-2.60,-3.20)	4.12	-129.09
(-1,0)	18	15	r2	r2	(-3.80,-1.60)	4.12	-157.17
(-1,0)	19	6	r2	r1	(-3.80,-1.60)	4.12	-157.17
(-1,0)	19	16	r2	r2	(-3.80,-1.60)	4.12	-157.17
(-1,0)	20	15	r2	r2	(-2.60,-3.20)	4.12	-129.09
(-1,0)	20	17	r2	r2	(-3.80,-1.60)	4.12	-157.17
(0,1)	1	2	r1	r1	(-1.00,4.00)	4.12	104.04
(0,1)	1	8	r1	r1	(1.00,4.00)	4.12	75.96
(0,1)	2	3	r1	r1	(-1.00,4.00)	4.12	104.04
(0,1)	2	9	r1	r1	(1.00,4.00)	4.12	75.96
(0,1)	3	4	r1	r1	(-1.00,4.00)	4.12	104.04
(0,1)	3	10	r1	r1	(1.00,4.00)	4.12	75.96
(0,1)	5	6	r1	r1	(-1.00,4.00)	4.12	104.04
(0,1)	5	16	r1	r2	(-1.00,4.00)	4.12	104.04
(0,1)	6	7	r1	r1	(-1.00,4.00)	4.12	104.04
(0,1)	6	17	r1	r2	(-1.60,3.80)	4.12	112.83
(0,1)	8	9	r1	r1	(-1.00,4.00)	4.12	104.04
(0,1)	9	10	r1	r1	(-1.00,4.00)	4.12	104.04
(0,1)	11	2	r2	r1	(-1.00,4.00)	4.12	104.04
(0,1)	11	8	r2	r1	(1.00,4.00)	4.12	75.96
(0,1)	12	13	r2	r2	(-1.60,3.80)	4.12	112.83
(0,1)	13	14	r2	r2	(-1.60,3.80)	4.12	112.83
(0,1)	15	6	r2	r1	(-1.60,3.80)	4.12	112.83
(0,1)	15	16	r2	r2	(-1.60,3.80)	4.12	112.83
(0,1)	16	7	r2	r1	(-1.00,4.00)	4.12	104.04
(0,1)	16	17	r2	r2	(-1.60,3.80)	4.12	112.83
(0,1)	18	13	r2	r2	(-3.20,2.60)	4.12	140.91
(0,1)	18	19	r2	r2	(-1.60,3.80)	4.12	112.83
(0,1)	19	14	r2	r2	(-3.20,2.60)	4.12	140.91
(0,1)	19	20	r2	r2	(-1.60,3.80)	4.12	112.83
(0,-1)	2	1	r1	r1	(1.00,-4.00)	4.12	-75.96
(0,-1)	2	11	r1	r2	(1.00,-4.00)	4.12	-75.96
(0,-1)	3	2	r1	r1	(1.00,-4.00)	4.12	-75.96
(0,-1)	4	3	r1	r1	(1.00,-4.00)	4.12	-75.96
(0,-1)	6	5	r1	r1	(1.00,-4.00)	4.12	-75.96
(0,-1)	6	15	r1	r2	(1.60,-3.80)	4.12	-67.17
(0,-1)	7	6	r1	r1	(1.00,-4.00)	4.12	-75.96
(0,-1)	7	16	r1	r2	(1.00,-4.00)	4.12	-75.96
(0,-1)	8	1	r1	r1	(-1.00,-4.00)	4.12	-104.04
(0,-1)	8	11	r1	r2	(-1.00,-4.00)	4.12	-104.04
(0,-1)	9	2	r1	r1	(-1.00,-4.00)	4.12	-104.04
(0,-1)	9	8	r1	r1	(1.00,-4.00)	4.12	-75.96
(0,-1)	10	3	r1	r1	(-1.00,-4.00)	4.12	-104.04
(0,-1)	10	9	r1	r1	(1.00,-4.00)	4.12	-75.96
(0,-1)	13	12	r2	r2	(1.60,-3.80)	4.12	-67.17
(0,-1)	13	18	r2	r2	(3.20,-2.60)	4.12	-39.09
(0,-1)	14	13	r2	r2	(1.60,-3.80)	4.12	-67.17
(0,-1)	14	19	r2	r2	(3.20,-2.60)	4.12	-39.09
(0,-1)	16	5	r2	r1	(1.00,-4.00)	4.12	-75.96
(0,-1)	16	15	r2	r2	(1.60,-3.80)	4.12	-67.17
(0,-1)	17	6	r2	r1	(1.60,-3.80)	4.12	-67.17
(0,-1)	17	16	r2	r2	(1.60,-3.80)	4.12	-67.17
(0,-1)	19	18	r2	r2	(1.60,-3.80)	4.12	-67.17
(0,-1)	20	19	r2	r2	(1.60,-3.80)	4.12	-67.17
(1,1)	5	2	r1	r1	(1.00,4.00)	4.12	75.96
(1,1)	6	3	r1	r1	(1.00,4.00)	4.12	75.96
(1,1)	6	15	r1	r2	(2.60,3.20)	4.12	50.91
(1,1)	7	4	r1	r1	(1.00,4.00)	4.12	75.96
(1,1)	8	5	r1	r1	(1.00,4.00)	4.12	75.96
(1,1)	9	6	r1	r1	(1.00,4.00)	4.12	75.96
(1,1)	9	16	r1	r2	(1.00,4.00)	4.12	75.96
(1,1)	10	7	r1	r1	(1.00,4.00)	4.12	75.96
(1,1)	13	12	r2	r2	(2.60,3.20)	4.12	50.91
(1,1)	14	13	r2	r2	(2.60,3.20)	4.12	50.91
(1,1)	16	3	r2	r1	(1.00,4.00)	4.12	75.96
(1,1)	16	15	r2	r2	(2.60,3.20)	4.12	50.91
(1,1)	17	6	r2	r1	(2.60,3.20)	4.12	50.91
(1,1)	17	16	r2	r2	(2.60,3.20)	4.12	50.91
(1,1)	19	18	r2	r2	(2.60,3.20)	4.12	50.91
(-1,1)	1	12	r1	r2	(-3.20,2.60)	4.12	140.91
(-1,1)	1	18	r1	r2	(-1.60,3.80)	4.12	112.83
(-1,1)	2	1	r1	r1	(-4.00,1.00)	4.12	165.96
(-1,1)	2	11	r1	r2	(-4.00,1.00)	4.12	165.96
(-1,1)	3	2	r1	r1	(-4.00,1.00)	4.12	165.96
(-1,1)	4	1	r1	r1	(-4.00,-1.00)	4.12	-165.96
(-1,1)	4	3	r1	r1	(-4.00,1.00)	4.12	165.96
(-1,1)	4	11	r1	r2	(-4.00,-1.00)	4.12	-165.96
(-1,1)	6	5	r1	r1	(-4.00,1.00)	4.12	165.96
(-1,1)	6	19	r1	r2	(-3.20,2.60)	4.12	140.91
(-1,1)	7	6	r1	r1	(-4.00,1.00)	4.12	165.96
(-1,1)	7	16	r1	r2	(-4.00,1.00)	4.12	165.96
(-1,1)	9	8	r1	r1	(-4.00,1.00)	4.12	165.96
(-1,1)	10	9	r1	r1	(-4.00,1.00)	4.12	165.96
(-1,1)	11	12	r2	r2	(-3.20,2.60)	4.12	140.91
(-1,1)	11	18	r2	r2	(-1.60,3.80)	4.12	112.83
(-1,1)	12	15	r2	r2	(-3.20,2.60)	4.12	140.91
(-1,1)	13	6	r2	r1	(-3.20,2.60)	4.12	140.91
(-1,1)	13	16	r2	r2	(-3.20,2.60)	4.12	140.91
(-1,1)	14	17	r2	r2	(-3.20,2.60)	4.12	140.91
(-1,1)	15	18	r2	r2	(-3.20,2.60)	4.12	140.91
(-1,1)	16	5	r2	r1	(-4.00,1.00)	4.12	165.96
(-1,1)	16	19	r2	r2	(-3.20,2.60)	4.12	140.91
(-1,1)	17	20	r2	r2	(-3.20,2.60)	4.12	140.91
(-1,-1)	2	5	r1	r1	(-1.00,-4.00)	4.12	-104.04
(-1,-1)	3	6	r1	r1	(-1.00,-4.00)	4.12	-104.04
(-1,-1)	3	16	r1	r2	(-1.00,-4.00)	4.12	-104.04
(-1,-1)	4	7	r1	r1	(-1.00,-4.00)	4.12	-104.04
(-1,-1)	5	8	r1	r1	(-1.00,-4.00)	4.12	-104.04
(-1,-1)	6	9	r1	r1	(-1.00,-4.00)	4.12	-104.04
(-1,-1)	6	17	r1	r2	(-2.60,-3.20)	4.12	-129.09
(-1,-1)	7	10	r1	r1	(-1.00,-4.00)	4.12	-104.04
(-1,-1)	12	13	r2	r2	(-2.60,-3.20)	4.12	-129.09
(-1,-1)	13	14	r2	r2	(-2.60,-3.20)	4.12	-129.09
(-1,-1)	15	6	r2	r1	(-2.60,-3.20)	4.12	-129.09
(-1,-1)	15	16	r2	r2	(-2.60,-3.20)	4.12	-129.09
(-1,-1)	16	9	r2	r1	(-1.00,-4.00)	4.12	-104.04
(-1,-1)	16	17	r2	r2	(-2.60,-3.20)	4.12	-129.09
(-1,-1)	18	19	r2	r2	(-2.60,-3.20)	4.12	-129.09
(-1,-1)	19	20	r2	r2	(-2.60,-3.20)	4.12	-129.09
(1,-1)	1	2	r1	r1	(4.00,-1.00)	4.12	-14.04
(1,-1)	1	4	r1	r1	(4.00,1.00)	4.12	14.04
(1,-1)	2	3	r1	r1	(4.00,-1.00)	4.12	-14.04
(1,-1)	3	4	r1	r1	(4.00,-1.00)	4.12	-14.04
(1,-1)	5	6	r1	r1	(4.00,-1.00)	4.12	-14.04
(1,-1)	5	16	r1	r2	(4.00,-1.00)	4.12	-14.04
(1,-1)	6	7	r1	r1	(4.00,-1.00)	4.12	-14.04
(1,-1)	6	13	r1	r2	(3.20,-2.60)	4.12	-39.09
(1,-1)	8	9	r1	r1	(4.00,-1.00)	4.12	-14.04
(1,-1)	9	10	r1	r1	(4.00,-1.00)	4.12	-14.04
(1,-1)	11	2	r2	r1	(4.00,-1.00)	4.12	-14.04
(1,-1)	11	4	r2	r1	(4.00,1.00)	4.12	14.04
(1,-1)	12	1	r2	r1	(3.20,-2.60)	4.12	-39.09
(1,-1)	12	11	r2	r2	(3.20,-2.60)	4.12	-39.09
(1,-1)	15	12	r2	r2	(3.20,-2.60)	4.12	-39.09
(1,-1)	16	7	r2	r1	(4.00,-1.00)	4.12	-14.04
(1,-1)	16	13	r2	r2	(3.20,-2.60)	4.12	-39.09
(1,-1)	17	14	r2	r2	(3.20,-2.60)	4.12	-39.09
(1,-1)	18	1	r2	r1	(1.60,-3.80)	4.12	-67.17
(1,-1)	18	11	r2	r2	(1.60,-3.80)	4.12	-67.17
(1,-1)	19	6	r2	r1	(3.20,-2.60)	4.12	-39.09
(1,-1)	19	16	r2	r2	(3.20,-2.60)	4.12	-39.09
(1,-1)	20	17	r2	r2	(3.20,-2.60)	4.12	-39.09
(1,1)	20	19	r2	r2	(2.60,3.20)	4.12	50.91
(1,1)	9	14	r1	r2	(-0.40,4.20)	4.22	95.44
(1,1)	17	8	r2	r1	(3.60,2.20)	4.22	31.43
(1,1)	18	3	r2	r1	(-0.40,4.20)	4.22	95.44
(-1,1)	2	19	r1	r2	(-2.20,3.60)	4.22	121.43
(-1,1)	7	12	r1	r2	(-4.20,-0.40)	4.22	-174.56
(-1,1)	13	10	r2	r1	(-2.20,3.60)	4.22	121.43
(-1,1)	20	5	r2	r1	(-4.20,-0.40)	4.22	-174.56
(-1,-1)	3	18	r1	r2	(0.40,-4.20)	4.22	-84.56
(-1,-1)	8	17	r1	r2	(-3.60,-2.20)	4.22	-148.57
(-1,-1)	14	9	r2	r1	(0.40,-4.20)	4.22	-84.56
(-1,-1)	15	4	r2	r1	(-3.60,-2.20)	4.22	-148.57
(1,-1)	5	20	r1	r2	(4.20,0.40)	4.22	5.44
(1,-1)	12	7	r2	r1	(4.20,0.40)	4.22	5.44
(1,-1)	19	2	r2	r1	(2.20,-3.60)	4.22	-58.57
(1,1)	4	15	r1	r2	(3.60,2.20)	4.22	31.43
(1,-1)	10	13	r1	r2	(2.20,-3.60)	4.22	-58.57
(-1,0)	15	17	r2	r2	(-4.20,0.60)	4.24	171.87
(0,1)	13	19	r2	r2	(0.60,4.20)	4.24	81.87
(1,1)	19	17	r2	r2	(0.60,4.20)	4.24	81.87
(-1,-1)	13	15	r2	r2	(-0.60,-4.20)	4.24	-98.13
(-1,-1)	17	19	r2	r2	(-0.60,-4.20)	4.24	-98.13
(1,-1)	15	19	r2	r2	(4.20,-0.60)	4.24	-8.13
(1,0)	1	3	r1	r1	(3.00,3.00)	4.24	45.00
(1,0)	2	4	r1	r1	(3.00,3.00)	4.24	45.00
(1,0)	5	7	r1	r1	(3.00,3.00)	4.24	45.00
(1,0)	8	10	r1	r1	(3.00,3.00)	4.24	45.00
(1,0)	11	3	r2	r1	(3.00,3.00)	4.24	45.00
(1,0)	14	12	r2	r2	(4.20,-0.60)	4.24	-8.13
(1,0)	17	15	r2	r2	(4.20,-0.60)	4.24	-8.13
(1,0)	20	18	r2	r2	(4.20,-0.60)	4.24	-8.13
(-1,0)	3	1	r1	r1	(-3.00,-3.00)	4.24	-135.00
(-1,0)	3	11	r1	r2	(-3.00,-3.00)	4.24	-135.00
(-1,0)	4	2	r1	r1	(-3.00,-3.00)	4.24	-135.00
(-1,0)	7	5	r1	r1	(-3.00,-3.00)	4.24	-135.00
(-1,0)	10	8	r1	r1	(-3.00,-3.00)	4.24	-135.00
(-1,0)	12	14	r2	r2	(-4.20,0.60)	4.24	171.87
(-1,0)	18	20	r2	r2	(-4.20,0.60)	4.24	171.87
(0,1)	1	15	r1	r2	(0.60,4.20)	4.24	81.87
(0,1)	8	2	r1	r1	(-3.00,3.00)	4.24	135.00
(0,1)	9	3	r1	r1	(-3.00,3.00)	4.24	135.00
(0,1)	10	4	r1	r1	(-3.00,3.00)	4.24	135.00
(0,1)	11	15	r2	r2	(0.60,4.20)	4.24	81.87
(0,1)	14	20	r2	r2	(0.60,4.20)	4.24	81.87
(0,-1)	2	8	r1	r1	(3.00,-3.00)	4.24	-45.00
(0,-1)	3	9	r1	r1	(3.00,-3.00)	4.24	-45.00
(0,-1)	4	10	r1	r1	(3.00,-3.00)	4.24	-45.00
(0,-1)	15	1	r2	r1	(-0.60,-4.20)	4.24	-98.13
(0,-1)	15	11	r2	r2	(-0.60,-4.20)	4.24	-98.13
(0,-1)	18	12	r2	r2	(-0.60,-4.20)	4.24	-98.13
(0,-1)	19	13	r2	r2	(-0.60,-4.20)	4.24	-98.13
(0,-1)	20	14	r2	r2	(-0.60,-4.20)	4.24	-98.13
(1,1)	3	5	r1	r1	(3.00,3.00)	4.24	45.00
(1,1)	4	6	r1	r1	(3.00,3.00)	4.24	45.00
(1,1)	6	8	r1	r1	(3.00,3.00)	4.24	45.00
(1,1)	6	14	r1	r2	(0.60,4.20)	4.24	81.87
(1,1)	7	9	r1	r1	(3.00,3.00)	4.24	45.00
(1,1)	15	13	r2	r2	(0.60,4.20)	4.24	81.87
(1,1)	16	8	r2	r1	(3.00,3.00)	4.24	45.00
(1,1)	16	14	r2	r2	(0.60,4.20)	4.24	81.87
(1,1)	18	6	r2	r1	(0.60,4.20)	4.24	81.87
(1,1)	18	16	r2	r2	(0.60,4.20)	4.24	81.87
(-1,1)	1	5	r1	r1	(-3.00,3.00)	4.24	135.00
(-1,1)	2	6	r1	r1	(-3.00,3.00)	4.24	135.00
(-1,1)	2	16	r1	r2	(-3.00,3.00)	4.24	135.00
(-1,1)	3	7	r1	r1	(-3.00,3.00)	4.24	135.00
(-1,1)	5	9	r1	r1	(-3.00,3.00)	4.24	135.00
(-1,1)	6	10	r1	r1	(-3.00,3.00)	4.24	135.00
(-1,1)	6	12	r1	r2	(-4.20,0.60)	4.24	171.87
(-1,1)	11	5	r2	r1	(-3.00,3.00)	4.24	135.00
(-1,1)	13	1	r2	r1	(-4.20,0.60)	4.24	171.87
(-1,1)	13	11	r2	r2	(-4.20,0.60)	4.24	171.87
(-1,1)	16	10	r2	r1	(-3.00,3.00)	4.24	135.00
(-1,1)	16	12	r2	r2	(-4.20,0.60)	4.24	171.87
(-1,1)	17	13	r2	r2	(-4.20,0.60)	4.24	171.87
(-1,1)	19	15	r2	r2	(-4.20,0.60)	4.24	171.87
(-1,1)	20	6	r2	r1	(-4.20,0.60)	4.24	171.87
(-1,1)	20	16	r2	r2	(-4.20,0.60)	4.24	171.87
(-1,-1)	5	3	r1	r1	(-3.00,-3.00)	4.24	-135.00
(-1,-1)	6	4	r1	r1	(-3.00,-3.00)	4.24	-135.00
(-1,-1)	6	18	r1	r2	(-0.60,-4.20)	4.24	-98.13
(-1,-1)	8	6	r1	r1	(-3.00,-3.00)	4.24	-135.00
(-1,-1)	8	16	r1	r2	(-3.00,-3.00)	4.24	-135.00
(-1,-1)	9	7	r1	r1	(-3.00,-3.00)	4.24	-135.00
(-1,-1)	14	6	r2	r1	(-0.60,-4.20)	4.24	-98.13
(-1,-1)	14	16	r2	r2	(-0.60,-4.20)	4.24	-98.13
(-1,-1)	16	4	r2	r1	(-3.00,-3.00)	4.24	-135.00
(-1,-1)	16	18	r2	r2	(-0.60,-4.20)	4.24	-98.13
(1,-1)	1	13	r1	r2	(4.20,-0.60)	4.24	-8.13
(1,-1)	5	1	r1	r1	(3.00,-3.00)	4.24	-45.00
(1,-1)	5	11	r1	r2	(3.00,-3.00)	4.24	-45.00
(1,-1)	6	2	r1	r1	(3.00,-3.00)	4.24	-45.00
(1,-1)	6	20	r1	r2	(4.20,-0.60)	4.24	-8.13
(1,-1)	7	3	r1	r1	(3.00,-3.00)	4.24	-45.00
(1,-1)	9	5	r1	r1	(3.00,-3.00)	4.24	-45.00
(1,-1)	10	6	r1	r1	(3.00,-3.00)	4.24	-45.00
(1,-1)	11	13	r2	r2	(4.20,-0.60)	4.24	-8.13
(1,-1)	12	6	r2	r1	(4.20,-0.60)	4.24	-8.13
(1,-1)	12	16	r2	r2	(4.20,-0.60)	4.24	-8.13
(1,-1)	13	17	r2	r2	(4.20,-0.60)	4.24	-8.13
(1,-1)	16	2	r2	r1	(3.00,-3.00)	4.24	-45.00
(1,-1)	16	20	r2	r2	(4.20,-0.60)	4.24	-8.13
(0,1)	12	18	r2	r2	(0.60,4.20)	4.24	81.87
(1,1)	4	16	r1	r2	(3.00,3.00)	4.24	45.00
(1,-1)	10	16	r1	r2	(3.00,-3.00)	4.24	-45.00
(1,0)	2	17	r1	r2	(3.40,2.80)	4.40	39.47
(1,0)	7	18	r1	r2	(4.40,-0.20)	4.40	-2.60
(1,0)	14	5	r2	r1	(4.40,-0.20)	4.40	-2.60
(1,0)	15	10	r2	r1	(3.40,2.80)	4.40	39.47
(-1,0)	5	14	r1	r2	(-4.40,0.20)	4.40	177.40
(-1,0)	10	15	r1	r2	(-3.40,-2.80)	4.40	-140.53
(-1,0)	17	2	r2	r1	(-3.40,-2.80)	4.40	-140.53
(-1,0)	18	7	r2	r1	(-4.40,0.20)	4.40	177.40
(0,1)	3	20	r1	r2	(0.20,4.40)	4.40	87.40
(0,1)	8	13	r1	r2	(-2.80,3.40)	4.40	129.47
(0,1)	12	9	r2	r1	(0.20,4.40)	4.40	87.40
(0,1)	19	4	r2	r1	(-2.80,3.40)	4.40	129.47
(0,-1)	4	19	r1	r2	(2.80,-3.40)	4.40	-50.53
(0,-1)	9	12	r1	r2	(-0.20,-4.40)	4.40	-92.60
(0,-1)	13	8	r2	r1	(2.80,-3.40)	4.40	-50.53
(0,-1)	20	3	r2	r1	(-0.20,-4.40)	4.40	-92.60
(1,1)	7	18	r1	r2	(3.40,2.80)	4.40	39.47
(1,1)	8	13	r1	r2	(0.20,4.40)	4.40	87.40
(1,1)	14	5	r2	r1	(3.40,2.80)	4.40	39.47
(1,1)	19	4	r2	r1	(0.20,4.40)	4.40	87.40
(-1,1)	3	20	r1	r2	(-2.80,3.40)	4.40	129.47
(-1,1)	10	15	r1	r2	(-4.40,0.20)	4.40	177.40
(-1,1)	12	9	r2	r1	(-2.80,3.40)	4.40	129.47
(-1,1)	17	2	r2	r1	(-4.40,0.20)	4.40	177.40
(-1,-1)	4	19	r1	r2	(-0.20,-4.40)	4.40	-92.60
(-1,-1)	5	14	r1	r2	(-3.40,-2.80)	4.40	-140.53
(-1,-1)	13	8	r2	r1	(-0.20,-4.40)	4.40	-92.60
(-1,-1)	18	7	r2	r1	(-3.40,-2.80)	4.40	-140.53
(1,-1)	2	17	r1	r2	(4.40,-0.20)	4.40	-2.60
(1,-1)	9	12	r1	r2	(2.80,-3.40)	4.40	-50.53
(1,-1)	15	10	r2	r1	(4.40,-0.20)	4.40	-2.60
(1,-1)	20	3	r2	r1	(2.80,-3.40)	4.40	-50.53
(1,0)	4	20	r1	r2	(4.20,1.40)	4.43	18.43
(1,0)	12	8	r2	r1	(4.20,1.40)	4.43	18.43
(-1,0)	8	12	r1	r2	(-4.20,-1.40)	4.43	-161.57
(-1,0)	20	4	r2	r1	(-4.20,-1.40)	4.43	-161.57
(0,1)	2	14	r1	r2	(-1.40,4.20)	4.43	108.43
(0,1)	18	10	r2	r1	(-1.40,4.20)	4.43	108.43
(0,-1)	10	18	r1	r2	(1.40,-4.20)	4.43	-71.57
(0,-1)	14	2	r2	r1	(1.40,-4.20)	4.43	-71.57
(0,1)	15	19	r2	r2	(-0.80,4.40)	4.47	100.30
(1,1)	12	12	r2	r2	(2.00,4.00)	4.47	63.43
(1,-1)	15	15	r2	r2	(4.00,-2.00)	4.47	-26.57
(1,0)	1	5	r1	r1	(4.00,2.00)	4.47	26.57
(1,0)	2	6	r1	r1	(4.00,2.00)	4.47	26.57
(1,0)	2	16	r1	r2	(4.00,2.00)	4.47	26.57
(1,0)	3	7	r1	r1	(4.00,2.00)	4.47	26.57
(1,0)	5	9	r1	r1	(4.00,2.00)	4.47	26.57
(1,0)	6	10	r1	r1	(4.00,2.00)	4.47	26.57
(1,0)	6	18	r1	r2	(4.40,0.80)	4.47	10.30
(1,0)	11	5	r2	r1	(4.00,2.00)	4.47	26.57
(1,0)	13	15	r2	r2	(4.40,0.80)	4.47	10.30
(1,0)	14	6	r2	r1	(4.40,0.80)	4.47	10.30
(1,0)	14	16	r2	r2	(4.40,0.80)	4.47	10.30
(1,0)	16	10	r2	r1	(4.00,2.00)	4.47	26.57
(1,0)	16	18	r2	r2	(4.40,0.80)	4.47	10.30
(1,0)	17	19	r2	r2	(4.40,0.80)	4.47	10.30
(-1,0)	5	1	r1	r1	(-4.00,-2.00)	4.47	-153.43
(-1,0)	5	11	r1	r2	(-4.00,-2.00)	4.47	-153.43
(-1,0)	6	2	r1	r1	(-4.00,-2.00)	4.47	-153.43
(-1,0)	6	14	r1	r2	(-4.40,-0.80)	4.47	-169.70
(-1,0)	7	3	r1	r1	(-4.00,-2.00)	4.47	-153.43
(-1,0)	9	5	r1	r1	(-4.00,-2.00)	4.47	-153.43
(-1,0)	10	6	r1	r1	(-4.00,-2.00)	4.47	-153.43
(-1,0)	10	16	r1	r2	(-4.00,-2.00)	4.47	-153.43
(-1,0)	15	13	r2	r2	(-4.40,-0.80)	4.47	-169.70
(-1,0)	16	2	r2	r1	(-4.00,-2.00)	4.47	-153.43
(-1,0)	16	14	r2	r2	(-4.40,-0.80)	4.47	-169.70
(-1,0)	18	6	r2	r1	(-4.40,-0.80)	4.47	-169.70
(-1,0)	18	16	r2	r2	(-4.40,-0.80)	4.47	-169.70
(-1,0)	19	17	r2	r2	(-4.40,-0.80)	4.47	-169.70
(0,1)	1	13	r1	r2	(-0.80,4.40)	4.47	100.30
(0,1)	5	3	r1	r1	(-2.00,4.00)	4.47	116.57
(0,1)	6	4	r1	r1	(-2.00,4.00)	4.47	116.57
(0,1)	6	20	r1	r2	(-0.80,4.40)	4.47	100.30
(0,1)	8	6	r1	r1	(-2.00,4.00)	4.47	116.57
(0,1)	8	16	r1	r2	(-2.00,4.00)	4.47	116.57
(0,1)	9	7	r1	r1	(-2.00,4.00)	4.47	116.57
(0,1)	11	13	r2	r2	(-0.80,4.40)	4.47	100.30
(0,1)	12	6	r2	r1	(-0.80,4.40)	4.47	100.30
(0,1)	12	16	r2	r2	(-0.80,4.40)	4.47	100.30
(0,1)	13	17	r2	r2	(-0.80,4.40)	4.47	100.30
(0,1)	16	4	r2	r1	(-2.00,4.00)	4.47	116.57
(0,1)	16	20	r2	r2	(-0.80,4.40)	4.47	100.30
(0,-1)	3	5	r1	r1	(2.00,-4.00)	4.47	-63.43
(0,-1)	4	6	r1	r1	(2.00,-4.00)	4.47	-63.43
(0,-1)	4	16	r1	r2	(2.00,-4.00)	4.47	-63.43
(0,-1)	6	8	r1	r1	(2.00,-4.00)	4.47	-63.43
(0,-1)	6	12	r1	r2	(0.80,-4.40)	4.47	-79.70
(0,-1)	7	9	r1	r1	(2.00,-4.00)	4.47	-63.43
(0,-1)	13	1	r2	r1	(0.80,-4.40)	4.47	-79.70
(0,-1)	13	11	r2	r2	(0.80,-4.40)	4.47	-79.70
(0,-1)	16	8	r2	r1	(2.00,-4.00)	4.47	-63.43
(0,-1)	16	12	r2	r2	(0.80,-4.40)	4.47	-79.70
(0,-1)	17	13	r2	r2	(0.80,-4.40)	4.47	-79.70
(0,-1)	19	15	r2	r2	(0.80,-4.40)	4.47	-79.70
(0,-1)	20	6	r2	r1	(0.80,-4.40)	4.47	-79.70
(0,-1)	20	16	r2	r2	(0.80,-4.40)	4.47	-79.70
(1,1)	1	1	r1	r1	(2.00,4.00)	4.47	63.43
(1,1)	1	11	r1	r2	(2.00,4.00)	4.47	63.43
(1,1)	2	2	r1	r1	(2.00,4.00)	4.47	63.43
(1,1)	3	3	r1	r1	(2.00,4.00)	4.47	63.43
(1,1)	4	4	r1	r1	(2.00,4.00)	4.47	63.43
(1,1)	4	8	r1	r1	(4.00,2.00)	4.47	26.57
(1,1)	5	5	r1	r1	(2.00,4.00)	4.47	63.43
(1,1)	6	6	r1	r1	(2.00,4.00)	4.47	63.43
(1,1)	6	16	r1	r2	(2.00,4.00)	4.47	63.43
(1,1)	7	7	r1	r1	(2.00,4.00)	4.47	63.43
(1,1)	8	8	r1	r1	(2.00,4.00)	4.47	63.43
(1,1)	9	9	r1	r1	(2.00,4.00)	4.47	63.43
(1,1)	10	10	r1	r1	(2.00,4.00)	4.47	63.43
(1,1)	11	1	r2	r1	(2.00,4.00)	4.47	63.43
(1,1)	11	11	r2	r2	(2.00,4.00)	4.47	63.43
(1,1)	13	13	r2	r2	(2.00,4.00)	4.47	63.43
(1,1)	14	14	r2	r2	(2.00,4.00)	4.47	63.43
(1,1)	15	15	r2	r2	(2.00,4.00)	4.47	63.43
(1,1)	16	6	r2	r1	(2.00,4.00)	4.47	63.43
(1,1)	16	16	r2	r2	(2.00,4.00)	4.47	63.43
(1,1)	17	17	r2	r2	(2.00,4.00)	4.47	63.43
(1,1)	18	14	r2	r2	(-0.80,4.40)	4.47	100.30
(1,1)	18	18	r2	r2	(2.00,4.00)	4.47	63.43
(1,1)	19	19	r2	r2	(2.00,4.00)	4.47	63.43
(1,1)	20	20	r2	r2	(2.00,4.00)	4.47	63.43
(-1,1)	1	1	r1	r1	(-4.00,2.00)	4.47	153.43
(-1,1)	1	9	r1	r1	(-2.00,4.00)	4.47	116.57
(-1,1)	1	11	r1	r2	(-4.00,2.00)	4.47	153.43
(-1,1)	2	2	r1	r1	(-4.00,2.00)	4.47	153.43
(-1,1)	2	10	r1	r1	(-2.00,4.00)	4.47	116.57
(-1,1)	3	3	r1	r1	(-4.00,2.00)	4.47	153.43
(-1,1)	4	4	r1	r1	(-4.00,2.00)	4.47	153.43
(-1,1)	5	5	r1	r1	(-4.00,2.00)	4.47	153.43
(-1,1)	6	6	r1	r1	(-4.00,2.00)	4.47	153.43
(-1,1)	6	16	r1	r2	(-4.00,2.00)	4.47	153.43
(-1,1)	7	7	r1	r1	(-4.00,2.00)	4.47	153.43
(-1,1)	8	8	r1	r1	(-4.00,2.00)	4.47	153.43
(-1,1)	9	9	r1	r1	(-4.00,2.00)	4.47	153.43
(-1,1)	10	10	r1	r1	(-4.00,2.00)	4.47	153.43
(-1,1)	11	1	r2	r1	(-4.00,2.00)	4.47	153.43
(-1,1)	11	9	r2	r1	(-2.00,4.00)	4.47	116.57
(-1,1)	11	11	r2	r2	(-4.00,2.00)	4.47	153.43
(-1,1)	12	12	r2	r2	(-4.00,2.00)	4.47	153.43
(-1,1)	13	13	r2	r2	(-4.00,2.00)	4.47	153.43
(-1,1)	14	14	r2	r2	(-4.00,2.00)	4.47	153.43
(-1,1)	15	15	r2	r2	(-4.00,2.00)	4.47	153.43
(-1,1)	16	6	r2	r1	(-4.00,2.00)	4.47	153.43
(-1,1)	16	16	r2	r2	(-4.00,2.00)	4.47	153.43
(-1,1)	17	1	r2	r1	(-4.40,-0.80)	4.47	-169.70
(-1,1)	17	11	r2	r2	(-4.40,-0.80)	4.47	-169.70
(-1,1)	17	17	r2	r2	(-4.00,2.00)	4.47	153.43
(-1,1)	18	18	r2	r2	(-4.00,2.00)	4.47	153.43
(-1,1)	19	19	r2	r2	(-4.00,2.00)	4.47	153.43
(-1,1)	20	12	r2	r2	(-4.40,-0.80)	4.47	-169.70
(-1,1)	20	20	r2	r2	(-4.00,2.00)	4.47	153.43
(-1,-1)	1	1	r1	r1	(-2.00,-4.00)	4.47	-116.57
(-1,-1)	1	11	r1	r2	(-2.00,-4.00)	4.47	-116.57
(-1,-1)	2	2	r1	r1	(-2.00,-4.00)	4.47	-116.57
(-1,-1)	3	3	r1	r1	(-2.00,-4.00)	4.47	-116.57
(-1,-1)	4	4	r1	r1	(-2.00,-4.00)	4.47	-116.57
(-1,-1)	5	5	r1	r1	(-2.00,-4.00)	4.47	-116.57
(-1,-1)	6	6	r1	r1	(-2.00,-4.00)	4.47	-116.57
(-1,-1)	6	16	r1	r2	(-2.00,-4.00)	4.47	-116.57
(-1,-1)	7	7	r1	r1	(-2.00,-4.00)	4.47	-116.57
(-1,-1)	8	4	r1	r1	(-4.00,-2.00)	4.47	-153.43
(-1,-1)	8	8	r1	r1	(-2.00,-4.00)	4.47	-116.57
(-1,-1)	9	9	r1	r1	(-2.00,-4.00)	4.47	-116.57
(-1,-1)	10	10	r1	r1	(-2.00,-4.00)	4.47	-116.57
(-1,-1)	11	1	r2	r1	(-2.00,-4.00)	4.47	-116.57
(-1,-1)	11	11	r2	r2	(-2.00,-4.00)	4.47	-116.57
(-1,-1)	12	12	r2	r2	(-2.00,-4.00)	4.47	-116.57
(-1,-1)	13	13	r2	r2	(-2.00,-4.00)	4.47	-116.57
(-1,-1)	14	14	r2	r2	(-2.00,-4.00)	4.47	-116.57
(-1,-1)	14	18	r2	r2	(0.80,-4.40)	4.47	-79.70
(-1,-1)	15	15	r2	r2	(-2.00,-4.00)	4.47	-116.57
(-1,-1)	16	6	r2	r1	(-2.00,-4.00)	4.47	-116.57
(-1,-1)	16	16	r2	r2	(-2.00,-4.00)	4.47	-116.57
(-1,-1)	17	17	r2	r2	(-2.00,-4.00)	4.47	-116.57
(-1,-1)	18	18	r2	r2	(-2.00,-4.00)	4.47	-116.57
(-1,-1)	19	19	r2	r2	(-2.00,-4.00)	4.47	-116.57
(-1,-1)	20	20	r2	r2	(-2.00,-4.00)	4.47	-116.57
(1,-1)	1	1	r1	r1	(4.00,-2.00)	4.47	-26.57
(1,-1)	1	11	r1	r2	(4.00,-2.00)	4.47	-26.57
(1,-1)	1	17	r1	r2	(4.40,0.80)	4.47	10.30
(1,-1)	2	2	r1	r1	(4.00,-2.00)	4.47	-26.57
(1,-1)	3	3	r1	r1	(4.00,-2.00)	4.47	-26.57
(1,-1)	4	4	r1	r1	(4.00,-2.00)	4.47	-26.57
(1,-1)	5	5	r1	r1	(4.00,-2.00)	4.47	-26.57
(1,-1)	6	6	r1	r1	(4.00,-2.00)	4.47	-26.57
(1,-1)	6	16	r1	r2	(4.00,-2.00)	4.47	-26.57
(1,-1)	7	7	r1	r1	(4.00,-2.00)	4.47	-26.57
(1,-1)	8	8	r1	r1	(4.00,-2.00)	4.47	-26.57
(1,-1)	9	1	r1	r1	(2.00,-4.00)	4.47	-63.43
(1,-1)	9	9	r1	r1	(4.00,-2.00)	4.47	-26.57
(1,-1)	9	11	r1	r2	(2.00,-4.00)	4.47	-63.43
(1,-1)	10	2	r1	r1	(2.00,-4.00)	4.47	-63.43
(1,-1)	10	10	r1	r1	(4.00,-2.00)	4.47	-26.57
(1,-1)	11	1	r2	r1	(4.00,-2.00)	4.47	-26.57
(1,-1)	11	11	r2	r2	(4.00,-2.00)	4.47	-26.57
(1,-1)	11	17	r2	r2	(4.40,0.80)	4.47	10.30
(1,-1)	12	12	r2	r2	(4.00,-2.00)	4.47	-26.57
(1,-1)	12	20	r2	r2	(4.40,0.80)	4.47	10.30
(1,-1)	13	13	r2	r2	(4.00,-2.00)	4.47	-26.57
(1,-1)	14	14	r2	r2	(4.00,-2.00)	4.47	-26.57
(1,-1)	16	6	r2	r1	(4.00,-2.00)	4.47	-26.57
(1,-1)	16	16	r2	r2	(4.00,-2.00)	4.47	-26.57
(1,-1)	17	17	r2	r2	(4.00,-2.00)	4.47	-26.57
(1,-1)	18	18	r2	r2	(4.00,-2.00)	4.47	-26.57
(1,-1)	19	19	r2	r2	(4.00,-2.00)	4.47	-26.57
(1,-1)	20	20	r2	r2	(4.00,-2.00)	4.47	-26.57
(1,-1)	19	10	r2	r1	(4.20,-1.60)	4.49	-20.85
(1,1)	3	14	r1	r2	(1.60,4.20)	4.49	69.15
(1,1)	4	17	r1	r2	(2.40,3.80)	4.49	57.72
(1,1)	8	15	r1	r2	(1.60,4.20)	4.49	69.15
(1,1)	9	18	r1	r2	(2.40,3.80)	4.49	57.72
(1,1)	14	3	r2	r1	(2.40,3.80)	4.49	57.72
(1,1)	15	8	r2	r1	(2.40,3.80)	4.49	57.72
(1,1)	17	4	r2	r1	(1.60,4.20)	4.49	69.15
(1,1)	18	9	r2	r1	(1.60,4.20)	4.49	69.15
(-1,1)	2	13	r1	r2	(-3.80,2.40)	4.49	147.72
(-1,1)	5	12	r1	r2	(-4.20,1.60)	4.49	159.15
(-1,1)	7	20	r1	r2	(-3.80,2.40)	4.49	147.72
(-1,1)	10	19	r1	r2	(-4.20,1.60)	4.49	159.15
(-1,1)	12	5	r2	r1	(-3.80,2.40)	4.49	147.72
(-1,1)	13	2	r2	r1	(-4.20,1.60)	4.49	159.15
(-1,1)	19	10	r2	r1	(-3.80,2.40)	4.49	147.72
(-1,1)	20	7	r2	r1	(-4.20,1.60)	4.49	159.15
(-1,-1)	3	14	r1	r2	(-2.40,-3.80)	4.49	-122.28
(-1,-1)	4	17	r1	r2	(-1.60,-4.20)	4.49	-110.85
(-1,-1)	8	15	r1	r2	(-2.40,-3.80)	4.49	-122.28
(-1,-1)	9	18	r1	r2	(-1.60,-4.20)	4.49	-110.85
(-1,-1)	14	3	r2	r1	(-1.60,-4.20)	4.49	-110.85
(-1,-1)	15	8	r2	r1	(-1.60,-4.20)	4.49	-110.85
(-1,-1)	17	4	r2	r1	(-2.40,-3.80)	4.49	-122.28
(-1,-1)	18	9	r2	r1	(-2.40,-3.80)	4.49	-122.28
(1,-1)	2	13	r1	r2	(4.20,-1.60)	4.49	-20.85
(1,-1)	5	12	r1	r2	(3.80,-2.40)	4.49	-32.28
(1,-1)	7	20	r1	r2	(4.20,-1.60)	4.49	-20.85
(1,-1)	10	19	r1	r2	(3.80,-2.40)	4.49	-32.28
(1,-1)	12	5	r2	r1	(4.20,-1.60)	4.49	-20.85
(1,-1)	13	2	r2	r1	(3.80,-2.40)	4.49	-32.28
(1,-1)	20	7	r2	r1	(3.80,-2.40)	4.49	-32.28
(1,1)	2	12	r1	r2	(2.80,3.60)	4.56	52.13
(-1,1)	4	14	r1	r2	(-4.40,1.20)	4.56	164.74
(-1,1)	8	18	r1	r2	(-3.60,2.80)	4.56	142.13
(1,-1)	9	15	r1	r2	(3.60,-2.80)	4.56	-37.87
(1,-1)	17	3	r2	r1	(3.60,-2.80)	4.56	-37.87
(1,-1)	18	8	r2	r1	(3.60,-2.80)	4.56	-37.87
(1,1)	5	13	r1	r2	(1.20,4.40)	4.56	74.74
(1,1)	10	20	r1	r2	(1.20,4.40)	4.56	74.74
(1,1)	12	2	r2	r1	(1.20,4.40)	4.56	74.74
(1,1)	13	5	r2	r1	(2.80,3.60)	4.56	52.13
(1,1)	19	7	r2	r1	(1.20,4.40)	4.56	74.74
(1,1)	20	10	r2	r1	(2.80,3.60)	4.56	52.13
(-1,1)	3	17	r1	r2	(-3.60,2.80)	4.56	142.13
(-1,1)	9	15	r1	r2	(-4.40,1.20)	4.56	164.74
(-1,1)	14	4	r2	r1	(-3.60,2.80)	4.56	142.13
(-1,1)	15	9	r2	r1	(-3.60,2.80)	4.56	142.13
(-1,1)	17	3	r2	r1	(-4.40,1.20)	4.56	164.74
(-1,1)	18	8	r2	r1	(-4.40,1.20)	4.56	164.74
(-1,-1)	2	12	r1	r2	(-1.20,-4.40)	4.56	-105.26
(-1,-1)	5	13	r1	r2	(-2.80,-3.60)	4.56	-127.87
(-1,-1)	7	19	r1	r2	(-1.20,-4.40)	4.56	-105.26
(-1,-1)	10	20	r1	r2	(-2.80,-3.60)	4.56	-127.87
(-1,-1)	12	2	r2	r1	(-2.80,-3.60)	4.56	-127.87
(-1,-1)	13	5	r2	r1	(-1.20,-4.40)	4.56	-105.26
(-1,-1)	19	7	r2	r1	(-2.80,-3.60)	4.56	-127.87
(-1,-1)	20	10	r2	r1	(-1.20,-4.40)	4.56	-105.26
(1,-1)	3	17	r1	r2	(4.40,-1.20)	4.56	-15.26
(1,-1)	4	14	r1	r2	(3.60,-2.80)	4.56	-37.87
(1,-1)	8	18	r1	r2	(4.40,-1.20)	4.56	-15.26
(1,-1)	14	4	r2	r1	(4.40,-1.20)	4.56	-15.26
(1,-1)	15	9	r2	r1	(4.40,-1.20)	4.56	-15.26
(1,1)	7	19	r1	r2	(2.80,3.60)	4.56	52.13
(1,0)	13	7	r2	r1	(3.80,2.60)	4.60	34.38
(1,0)	17	9	r2	r1	(4.60,0.20)	4.60	2.49
(-1,0)	7	13	r1	r2	(-3.80,-2.60)	4.60	-145.62
(-1,0)	9	17	r1	r2	(-4.60,-0.20)	4.60	-177.51
(-1,0)	15	3	r2	r1	(-4.60,-0.20)	4.60	-177.51
(0,1)	5	19	r1	r2	(-0.20,4.60)	4.60	92.49
(0,1)	9	17	r1	r2	(-2.60,3.80)	4.60	124.38
(0,1)	13	7	r2	r1	(-0.20,4.60)	4.60	92.49
(0,1)	15	3	r2	r1	(-2.60,3.80)	4.60	124.38
(0,-1)	3	15	r1	r2	(2.60,-3.80)	4.60	-55.62
(0,-1)	7	13	r1	r2	(0.20,-4.60)	4.60	-87.51
(0,-1)	17	9	r2	r1	(2.60,-3.80)	4.60	-55.62
(0,-1)	19	5	r2	r1	(0.20,-4.60)	4.60	-87.51
(1,0)	3	15	r1	r2	(4.60,0.20)	4.60	2.49
(1,0)	5	19	r1	r2	(3.80,2.60)	4.60	34.38
(-1,0)	19	5	r2	r1	(-3.80,-2.60)	4.60	-145.62
(1,0)	17	8	r2	r1	(4.60,-0.80)	4.67	-9.87
(-1,0)	8	17	r1	r2	(-4.60,0.80)	4.67	170.13
(-1,0)	15	4	r2	r1	(-4.60,0.80)	4.67	170.13
(0,1)	2	19	r1	r2	(0.80,4.60)	4.67	80.13
(0,1)	13	10	r2	r1	(0.80,4.60)	4.67	80.13
(0,-1)	10	13	r1	r2	(-0.80,-4.60)	4.67	-99.87
(0,-1)	19	2	r2	r1	(-0.80,-4.60)	4.67	-99.87
(1,0)	4	15	r1	r2	(4.60,-0.80)	4.67	-9.87
(1,0)	5	20	r1	r2	(3.20,3.40)	4.67	46.74
(1,0)	12	7	r2	r1	(3.20,3.40)	4.67	46.74
(-1,0)	7	12	r1	r2	(-3.20,-3.40)	4.67	-133.26
(-1,0)	20	5	r2	r1	(-3.20,-3.40)	4.67	-133.26
(0,1)	9	14	r1	r2	(-3.40,3.20)	4.67	136.74
(0,1)	18	3	r2	r1	(-3.40,3.20)	4.67	136.74
(0,-1)	3	18	r1	r2	(3.40,-3.20)	4.67	-43.26
(0,-1)	14	9	r2	r1	(3.40,-3.20)	4.67	-43.26
(1,0)	17	10	r2	r1	(4.60,1.20)	4.75	14.62
(-1,0)	10	17	r1	r2	(-4.60,-1.20)	4.75	-165.38
(-1,0)	15	2	r2	r1	(-4.60,-1.20)	4.75	-165.38
(0,1)	8	19	r1	r2	(-1.20,4.60)	4.75	104.62
(0,1)	13	4	r2	r1	(-1.20,4.60)	4.75	104.62
(0,-1)	4	13	r1	r2	(1.20,-4.60)	4.75	-75.38
(0,-1)	19	8	r2	r1	(1.20,-4.60)	4.75	-75.38
(1,0)	2	15	r1	r2	(4.60,1.20)	4.75	14.62
(1,0)	5	18	r1	r2	(4.40,1.80)	4.75	22.25
(1,0)	14	7	r2	r1	(4.40,1.80)	4.75	22.25
(-1,0)	7	14	r1	r2	(-4.40,-1.80)	4.75	-157.75
(-1,0)	18	5	r2	r1	(-4.40,-1.80)	4.75	-157.75
(0,1)	9	20	r1	r2	(-1.80,4.40)	4.75	112.25
(0,1)	12	3	r2	r1	(-1.80,4.40)	4.75	112.25
(0,-1)	3	12	r1	r2	(1.80,-4.40)	4.75	-67.75
(0,-1)	20	9	r2	r1	(1.80,-4.40)	4.75	-67.75
(1,1)	3	15	r1	r2	(3.60,3.20)	4.82	41.63
(1,1)	9	17	r1	r2	(0.40,4.80)	4.82	85.24
(1,1)	15	3	r2	r1	(0.40,4.80)	4.82	85.24
(1,1)	17	9	r2	r1	(3.60,3.20)	4.82	41.63
(-1,1)	5	19	r1	r2	(-3.20,3.60)	4.82	131.63
(-1,1)	7	13	r1	r2	(-4.80,0.40)	4.82	175.24
(-1,1)	13	7	r2	r1	(-3.20,3.60)	4.82	131.63
(-1,1)	19	5	r2	r1	(-4.80,0.40)	4.82	175.24
(-1,-1)	3	15	r1	r2	(-0.40,-4.80)	4.82	-94.76
(-1,-1)	9	17	r1	r2	(-3.60,-3.20)	4.82	-138.37
(-1,-1)	15	3	r2	r1	(-3.60,-3.20)	4.82	-138.37
(-1,-1)	17	9	r2	r1	(-0.40,-4.80)	4.82	-94.76
(1,-1)	5	19	r1	r2	(4.80,-0.40)	4.82	-4.76
(1,-1)	7	13	r1	r2	(3.20,-3.60)	4.82	-48.37
(1,-1)	13	7	r2	r1	(4.80,-0.40)	4.82	-4.76
(1,-1)	19	5	r2	r1	(3.20,-3.60)	4.82	-48.37
(1,0)	12	9	r2	r1	(4.20,2.40)	4.84	29.74
(1,0)	13	8	r2	r1	(4.80,0.60)	4.84	7.13
(-1,0)	8	13	r1	r2	(-4.80,-0.60)	4.84	-172.87
(-1,0)	9	12	r1	r2	(-4.20,-2.40)	4.84	-150.26
(-1,0)	20	3	r2	r1	(-4.20,-2.40)	4.84	-150.26
(0,1)	2	17	r1	r2	(-0.60,4.80)	4.84	97.13
(0,1)	5	14	r1	r2	(-2.40,4.20)	4.84	119.74
(0,1)	15	10	r2	r1	(-0.60,4.80)	4.84	97.13
(0,-1)	7	18	r1	r2	(2.40,-4.20)	4.84	-60.26
(0,-1)	14	5	r2	r1	(2.40,-4.20)	4.84	-60.26
(0,-1)	17	2	r2	r1	(0.60,-4.80)	4.84	-82.87
(1,0)	3	20	r1	r2	(4.20,2.40)	4.84	29.74
(1,0)	4	19	r1	r2	(4.80,0.60)	4.84	7.13
(-1,0)	19	4	r2	r1	(-4.80,-0.60)	4.84	-172.87
(0,1)	18	7	r2	r1	(-2.40,4.20)	4.84	119.74
(0,-1)	10	15	r1	r2	(0.60,-4.80)	4.84	-82.87
(-1,1)	3	14	r1	r2	(-4.40,2.20)	4.92	153.43
(1,1)	2	13	r1	r2	(2.20,4.40)	4.92	63.43
(1,1)	7	20	r1	r2	(2.20,4.40)	4.92	63.43
(1,1)	12	5	r2	r1	(2.20,4.40)	4.92	63.43
(1,1)	19	10	r2	r1	(2.20,4.40)	4.92	63.43
(-1,1)	8	15	r1	r2	(-4.40,2.20)	4.92	153.43
(-1,1)	17	4	r2	r1	(-4.40,2.20)	4.92	153.43
(-1,1)	18	9	r2	r1	(-4.40,2.20)	4.92	153.43
(-1,-1)	5	12	r1	r2	(-2.20,-4.40)	4.92	-116.57
(-1,-1)	10	19	r1	r2	(-2.20,-4.40)	4.92	-116.57
(-1,-1)	13	2	r2	r1	(-2.20,-4.40)	4.92	-116.57
(-1,-1)	20	7	r2	r1	(-2.20,-4.40)	4.92	-116.57
(1,-1)	4	17	r1	r2	(4.40,-2.20)	4.92	-26.57
(1,-1)	9	18	r1	r2	(4.40,-2.20)	4.92	-26.57
(1,-1)	14	3	r2	r1	(4.40,-2.20)	4.92	-26.57
(1,-1)	15	8	r2	r1	(4.40,-2.20)	4.92	-26.57
(1,1)	5	15	r1	r2	(2.60,4.20)	4.94	58.24
(1,1)	13	3	r2	r1	(1.80,4.60)	4.94	68.63
(1,1)	17	7	r2	r1	(2.60,4.20)	4.94	58.24
(-1,1)	7	17	r1	r2	(-4.60,1.80)	4.94	158.63
(-1,1)	9	19	r1	r2	(-4.20,2.60)	4.94	148.24
(-1,1)	13	3	r2	r1	(-4.20,2.60)	4.94	148.24
(-1,1)	15	5	r2	r1	(-4.60,1.80)	4.94	158.63
(-1,-1)	3	13	r1	r2	(-1.80,-4.60)	4.94	-111.37
(-1,-1)	7	17	r1	r2	(-2.60,-4.20)	4.94	-121.76
(-1,-1)	15	5	r2	r1	(-2.60,-4.20)	4.94	-121.76
(-1,-1)	19	9	r2	r1	(-1.80,-4.60)	4.94	-111.37
(1,-1)	3	13	r1	r2	(4.20,-2.60)	4.94	-31.76
(1,-1)	5	15	r1	r2	(4.60,-1.80)	4.94	-21.37
(1,-1)	17	7	r2	r1	(4.60,-1.80)	4.94	-21.37
(1,-1)	19	9	r2	r1	(4.20,-2.60)	4.94	-31.76
(1,1)	9	19	r1	r2	(1.80,4.60)	4.94	68.63
(1,0)	1	4	r1	r1	(3.00,4.00)	5.00	53.13
(1,0)	1	6	r1	r1	(4.00,3.00)	5.00	36.87
(1,0)	1	16	r1	r2	(4.00,3.00)	5.00	36.87
(1,0)	2	7	r1	r1	(4.00,3.00)	5.00	36.87
(1,0)	3	8	r1	r1	(5.00,0.00)	5.00	0.00
(1,0)	4	9	r1	r1	(5.00,0.00)	5.00	0.00
(1,0)	5	10	r1	r1	(4.00,3.00)	5.00	36.87
(1,0)	11	4	r2	r1	(3.00,4.00)	5.00	53.13
(1,0)	11	6	r2	r1	(4.00,3.00)	5.00	36.87
(1,0)	11	16	r2	r2	(4.00,3.00)	5.00	36.87
(1,0)	13	20	r2	r2	(4.00,3.00)	5.00	36.87
(1,0)	14	15	r2	r2	(5.00,-0.00)	5.00	-0.00
(1,0)	17	18	r2	r2	(5.00,0.00)	5.00	0.00
(-1,0)	4	1	r1	r1	(-3.00,-4.00)	5.00	-126.87
(-1,0)	4	11	r1	r2	(-3.00,-4.00)	5.00	-126.87
(-1,0)	6	1	r1	r1	(-4.00,-3.00)	5.00	-143.13
(-1,0)	6	11	r1	r2	(-4.00,-3.00)	5.00	-143.13
(-1,0)	7	2	r1	r1	(-4.00,-3.00)	5.00	-143.13
(-1,0)	8	3	r1	r1	(-5.00,0.00)	5.00	180.00
(-1,0)	9	4	r1	r1	(-5.00,0.00)	5.00	180.00
(-1,0)	10	5	r1	r1	(-4.00,-3.00)	5.00	-143.13
(-1,0)	15	14	r2	r2	(-5.00,0.00)	5.00	180.00
(-1,0)	16	1	r2	r1	(-4.00,-3.00)	5.00	-143.13
(-1,0)	16	11	r2	r2	(-4.00,-3.00)	5.00	-143.13
(-1,0)	18	17	r2	r2	(-5.00,0.00)	5.00	180.00
(-1,0)	19	12	r2	r2	(-4.00,-3.00)	5.00	-143.13
(-1,0)	20	13	r2	r2	(-4.00,-3.00)	5.00	-143.13
(0,1)	1	6	r1	r1	(0.00,5.00)	5.00	90.00
(0,1)	1	16	r1	r2	(0.00,5.00)	5.00	90.00
(0,1)	2	7	r1	r1	(0.00,5.00)	5.00	90.00
(0,1)	5	10	r1	r1	(0.00,5.00)	5.00	90.00
(0,1)	8	3	r1	r1	(-3.00,4.00)	5.00	126.87
(0,1)	9	4	r1	r1	(-3.00,4.00)	5.00	126.87
(0,1)	11	6	r2	r1	(0.00,5.00)	5.00	90.00
(0,1)	11	16	r2	r2	(0.00,5.00)	5.00	90.00
(0,1)	12	19	r2	r2	(0.00,5.00)	5.00	90.00
(0,1)	13	20	r2	r2	(0.00,5.00)	5.00	90.00
(0,1)	15	14	r2	r2	(-3.00,4.00)	5.00	126.87
(0,1)	18	17	r2	r2	(-3.00,4.00)	5.00	126.87
(0,-1)	3	8	r1	r1	(3.00,-4.00)	5.00	-53.13
(0,-1)	4	9	r1	r1	(3.00,-4.00)	5.00	-53.13
(0,-1)	6	1	r1	r1	(0.00,-5.00)	5.00	-90.00
(0,-1)	6	11	r1	r2	(-0.00,-5.00)	5.00	-90.00
(0,-1)	7	2	r1	r1	(0.00,-5.00)	5.00	-90.00
(0,-1)	10	5	r1	r1	(0.00,-5.00)	5.00	-90.00
(0,-1)	14	15	r2	r2	(3.00,-4.00)	5.00	-53.13
(0,-1)	16	1	r2	r1	(0.00,-5.00)	5.00	-90.00
(0,-1)	16	11	r2	r2	(-0.00,-5.00)	5.00	-90.00
(0,-1)	17	18	r2	r2	(3.00,-4.00)	5.00	-53.13
(0,-1)	18	1	r2	r1	(-1.40,-4.80)	5.00	-106.26
(0,-1)	19	12	r2	r2	(-0.00,-5.00)	5.00	-90.00
(0,-1)	20	13	r2	r2	(-0.00,-5.00)	5.00	-90.00
(1,1)	2	5	r1	r1	(3.00,4.00)	5.00	53.13
(1,1)	3	6	r1	r1	(3.00,4.00)	5.00	53.13
(1,1)	3	8	r1	r1	(4.00,3.00)	5.00	36.87
(1,1)	3	16	r1	r2	(3.00,4.00)	5.00	53.13
(1,1)	4	7	r1	r1	(3.00,4.00)	5.00	53.13
(1,1)	4	9	r1	r1	(4.00,3.00)	5.00	36.87
(1,1)	5	8	r1	r1	(3.00,4.00)	5.00	53.13
(1,1)	6	9	r1	r1	(3.00,4.00)	5.00	53.13
(1,1)	6	17	r1	r2	(1.40,4.80)	5.00	73.74
(1,1)	7	10	r1	r1	(3.00,4.00)	5.00	53.13
(1,1)	8	3	r1	r1	(0.00,5.00)	5.00	90.00
(1,1)	9	4	r1	r1	(0.00,5.00)	5.00	90.00
(1,1)	14	15	r2	r2	(4.00,3.00)	5.00	36.87
(1,1)	15	6	r2	r1	(1.40,4.80)	5.00	73.74
(1,1)	15	14	r2	r2	(0.00,5.00)	5.00	90.00
(1,1)	15	16	r2	r2	(1.40,4.80)	5.00	73.74
(1,1)	16	9	r2	r1	(3.00,4.00)	5.00	53.13
(1,1)	16	17	r2	r2	(1.40,4.80)	5.00	73.74
(1,1)	17	18	r2	r2	(4.00,3.00)	5.00	36.87
(1,1)	18	17	r2	r2	(0.00,5.00)	5.00	90.00
(-1,1)	1	2	r1	r1	(-4.00,3.00)	5.00	143.13
(-1,1)	1	6	r1	r1	(-3.00,4.00)	5.00	126.87
(-1,1)	1	16	r1	r2	(-3.00,4.00)	5.00	126.87
(-1,1)	2	3	r1	r1	(-4.00,3.00)	5.00	143.13
(-1,1)	2	7	r1	r1	(-3.00,4.00)	5.00	126.87
(-1,1)	3	4	r1	r1	(-4.00,3.00)	5.00	143.13
(-1,1)	5	6	r1	r1	(-4.00,3.00)	5.00	143.13
(-1,1)	5	10	r1	r1	(-3.00,4.00)	5.00	126.87
(-1,1)	5	16	r1	r2	(-4.00,3.00)	5.00	143.13
(-1,1)	6	1	r1	r1	(-5.00,0.00)	5.00	180.00
(-1,1)	6	7	r1	r1	(-4.00,3.00)	5.00	143.13
(-1,1)	6	11	r1	r2	(-5.00,0.00)	5.00	180.00
(-1,1)	6	13	r1	r2	(-4.80,1.40)	5.00	163.74
(-1,1)	7	2	r1	r1	(-5.00,0.00)	5.00	180.00
(-1,1)	8	9	r1	r1	(-4.00,3.00)	5.00	143.13
(-1,1)	9	10	r1	r1	(-4.00,3.00)	5.00	143.13
(-1,1)	10	5	r1	r1	(-5.00,0.00)	5.00	180.00
(-1,1)	11	2	r2	r1	(-4.00,3.00)	5.00	143.13
(-1,1)	11	6	r2	r1	(-3.00,4.00)	5.00	126.87
(-1,1)	11	16	r2	r2	(-3.00,4.00)	5.00	126.87
(-1,1)	12	1	r2	r1	(-4.80,1.40)	5.00	163.74
(-1,1)	12	11	r2	r2	(-4.80,1.40)	5.00	163.74
(-1,1)	12	19	r2	r2	(-3.00,4.00)	5.00	126.87
(-1,1)	13	20	r2	r2	(-3.00,4.00)	5.00	126.87
(-1,1)	16	1	r2	r1	(-5.00,0.00)	5.00	180.00
(-1,1)	16	7	r2	r1	(-4.00,3.00)	5.00	143.13
(-1,1)	16	11	r2	r2	(-5.00,0.00)	5.00	180.00
(-1,1)	16	13	r2	r2	(-4.80,1.40)	5.00	163.74
(-1,1)	17	14	r2	r2	(-4.80,1.40)	5.00	163.74
(-1,1)	19	12	r2	r2	(-5.00,0.00)	5.00	180.00
(-1,1)	20	13	r2	r2	(-5.00,0.00)	5.00	180.00
(-1,1)	20	17	r2	r2	(-4.80,1.40)	5.00	163.74
(-1,-1)	3	8	r1	r1	(0.00,-5.00)	5.00	-90.00
(-1,-1)	4	9	r1	r1	(0.00,-5.00)	5.00	-90.00
(-1,-1)	5	2	r1	r1	(-3.00,-4.00)	5.00	-126.87
(-1,-1)	6	3	r1	r1	(-3.00,-4.00)	5.00	-126.87
(-1,-1)	6	15	r1	r2	(-1.40,-4.80)	5.00	-106.26
(-1,-1)	7	4	r1	r1	(-3.00,-4.00)	5.00	-126.87
(-1,-1)	8	3	r1	r1	(-4.00,-3.00)	5.00	-143.13
(-1,-1)	8	5	r1	r1	(-3.00,-4.00)	5.00	-126.87
(-1,-1)	9	4	r1	r1	(-4.00,-3.00)	5.00	-143.13
(-1,-1)	9	6	r1	r1	(-3.00,-4.00)	5.00	-126.87
(-1,-1)	9	16	r1	r2	(-3.00,-4.00)	5.00	-126.87
(-1,-1)	10	7	r1	r1	(-3.00,-4.00)	5.00	-126.87
(-1,-1)	13	12	r2	r2	(-1.40,-4.80)	5.00	-106.26
(-1,-1)	14	15	r2	r2	(-0.00,-5.00)	5.00	-90.00
(-1,-1)	15	14	r2	r2	(-4.00,-3.00)	5.00	-143.13
(-1,-1)	16	3	r2	r1	(-3.00,-4.00)	5.00	-126.87
(-1,-1)	16	15	r2	r2	(-1.40,-4.80)	5.00	-106.26
(-1,-1)	17	6	r2	r1	(-1.40,-4.80)	5.00	-106.26
(-1,-1)	17	16	r2	r2	(-1.40,-4.80)	5.00	-106.26
(-1,-1)	17	18	r2	r2	(-0.00,-5.00)	5.00	-90.00
(-1,-1)	18	17	r2	r2	(-4.00,-3.00)	5.00	-143.13
(-1,-1)	20	19	r2	r2	(-1.40,-4.80)	5.00	-106.26
(1,-1)	1	6	r1	r1	(5.00,0.00)	5.00	0.00
(1,-1)	1	12	r1	r2	(4.80,-1.40)	5.00	-16.26
(1,-1)	1	16	r1	r2	(5.00,-0.00)	5.00	-0.00
(1,-1)	2	1	r1	r1	(4.00,-3.00)	5.00	-36.87
(1,-1)	2	7	r1	r1	(5.00,0.00)	5.00	0.00
(1,-1)	2	11	r1	r2	(4.00,-3.00)	5.00	-36.87
(1,-1)	3	2	r1	r1	(4.00,-3.00)	5.00	-36.87
(1,-1)	4	3	r1	r1	(4.00,-3.00)	5.00	-36.87
(1,-1)	5	10	r1	r1	(5.00,0.00)	5.00	0.00
(1,-1)	6	1	r1	r1	(3.00,-4.00)	5.00	-53.13
(1,-1)	6	5	r1	r1	(4.00,-3.00)	5.00	-36.87
(1,-1)	6	11	r1	r2	(3.00,-4.00)	5.00	-53.13
(1,-1)	6	19	r1	r2	(4.80,-1.40)	5.00	-16.26
(1,-1)	7	2	r1	r1	(3.00,-4.00)	5.00	-53.13
(1,-1)	7	6	r1	r1	(4.00,-3.00)	5.00	-36.87
(1,-1)	7	16	r1	r2	(4.00,-3.00)	5.00	-36.87
(1,-1)	9	8	r1	r1	(4.00,-3.00)	5.00	-36.87
(1,-1)	10	5	r1	r1	(3.00,-4.00)	5.00	-53.13
(1,-1)	10	9	r1	r1	(4.00,-3.00)	5.00	-36.87
(1,-1)	11	6	r2	r1	(5.00,0.00)	5.00	0.00
(1,-1)	11	12	r2	r2	(4.80,-1.40)	5.00	-16.26
(1,-1)	11	16	r2	r2	(5.00,-0.00)	5.00	-0.00
(1,-1)	12	15	r2	r2	(4.80,-1.40)	5.00	-16.26
(1,-1)	12	19	r2	r2	(5.00,-0.00)	5.00	-0.00
(1,-1)	13	6	r2	r1	(4.80,-1.40)	5.00	-16.26
(1,-1)	13	16	r2	r2	(4.80,-1.40)	5.00	-16.26
(1,-1)	13	20	r2	r2	(5.00,0.00)	5.00	0.00
(1,-1)	16	1	r2	r1	(3.00,-4.00)	5.00	-53.13
(1,-1)	16	5	r2	r1	(4.00,-3.00)	5.00	-36.87
(1,-1)	16	11	r2	r2	(3.00,-4.00)	5.00	-53.13
(1,-1)	16	19	r2	r2	(4.80,-1.40)	5.00	-16.26
(1,-1)	17	20	r2	r2	(4.80,-1.40)	5.00	-16.26
(1,-1)	19	12	r2	r2	(3.00,-4.00)	5.00	-53.13
(1,-1)	20	13	r2	r2	(3.00,-4.00)	5.00	-53.13
(1,0)	12	19	r2	r2	(4.00,3.00)	5.00	36.87
(0,1)	1	18	r1	r2	(1.40,4.80)	5.00	73.74
(0,1)	11	18	r2	r2	(1.40,4.80)	5.00	73.74
(0,-1)	18	11	r2	r2	(-1.40,-4.80)	5.00	-106.26
(1,1)	12	13	r2	r2	(1.40,4.80)	5.00	73.74
(1,1)	13	14	r2	r2	(1.40,4.80)	5.00	73.74
(1,1)	18	19	r2	r2	(1.40,4.80)	5.00	73.74
(1,1)	19	20	r2	r2	(1.40,4.80)	5.00	73.74
(-1,1)	15	12	r2	r2	(-4.80,1.40)	5.00	163.74
(-1,1)	18	15	r2	r2	(-4.80,1.40)	5.00	163.74
(-1,1)	19	6	r2	r1	(-4.80,1.40)	5.00	163.74
(-1,1)	19	16	r2	r2	(-4.80,1.40)	5.00	163.74
(-1,-1)	14	13	r2	r2	(-1.40,-4.80)	5.00	-106.26
(-1,-1)	19	18	r2	r2	(-1.40,-4.80)	5.00	-106.26
(1,-1)	14	17	r2	r2	(4.80,-1.40)	5.00	-16.26
(1,-1)	15	18	r2	r2	(4.80,-1.40)	5.00	-16.26
(1,0)	3	19	r1	r2	(4.80,1.60)	5.06	18.43
(1,0)	13	9	r2	r1	(4.80,1.60)	5.06	18.43
(-1,0)	9	13	r1	r2	(-4.80,-1.60)	5.06	-161.57
(0,1)	5	17	r1	r2	(-1.60,4.80)	5.06	108.43
(0,1)	15	7	r2	r1	(-1.60,4.80)	5.06	108.43
(0,-1)	7	15	r1	r2	(1.60,-4.80)	5.06	-71.57
(0,-1)	17	5	r2	r1	(1.60,-4.80)	5.06	-71.57
(-1,0)	19	3	r2	r1	(-4.80,-1.60)	5.06	-161.57
(1,0)	1	17	r1	r2	(3.40,3.80)	5.10	48.18
(1,0)	2	8	r1	r1	(5.00,1.00)	5.10	11.31
(1,0)	3	9	r1	r1	(5.00,1.00)	5.10	11.31
(1,0)	4	8	r1	r1	(5.00,-1.00)	5.10	-11.31
(1,0)	4	10	r1	r1	(5.00,1.00)	5.10	11.31
(1,0)	11	17	r2	r2	(3.40,3.80)	5.10	48.18
(1,0)	14	20	r2	r2	(4.60,2.20)	5.10	25.56
(-1,0)	8	2	r1	r1	(-5.00,-1.00)	5.10	-168.69
(-1,0)	8	4	r1	r1	(-5.00,1.00)	5.10	168.69
(-1,0)	9	3	r1	r1	(-5.00,-1.00)	5.10	-168.69
(-1,0)	10	4	r1	r1	(-5.00,-1.00)	5.10	-168.69
(-1,0)	15	1	r2	r1	(-4.60,-2.20)	5.10	-154.44
(-1,0)	15	11	r2	r2	(-4.60,-2.20)	5.10	-154.44
(-1,0)	17	1	r2	r1	(-3.40,-3.80)	5.10	-131.82
(-1,0)	17	11	r2	r2	(-3.40,-3.80)	5.10	-131.82
(-1,0)	19	13	r2	r2	(-4.60,-2.20)	5.10	-154.44
(-1,0)	20	12	r2	r2	(-3.40,-3.80)	5.10	-131.82
(-1,0)	20	14	r2	r2	(-4.60,-2.20)	5.10	-154.44
(0,1)	1	3	r1	r1	(-1.00,5.00)	5.10	101.31
(0,1)	1	9	r1	r1	(1.00,5.00)	5.10	78.69
(0,1)	2	4	r1	r1	(-1.00,5.00)	5.10	101.31
(0,1)	2	10	r1	r1	(1.00,5.00)	5.10	78.69
(0,1)	5	7	r1	r1	(-1.00,5.00)	5.10	101.31
(0,1)	8	10	r1	r1	(-1.00,5.00)	5.10	101.31
(0,1)	11	3	r2	r1	(-1.00,5.00)	5.10	101.31
(0,1)	11	9	r2	r1	(1.00,5.00)	5.10	78.69
(0,1)	15	17	r2	r2	(-2.20,4.60)	5.10	115.56
(0,-1)	3	1	r1	r1	(1.00,-5.00)	5.10	-78.69
(0,-1)	3	11	r1	r2	(1.00,-5.00)	5.10	-78.69
(0,-1)	4	2	r1	r1	(1.00,-5.00)	5.10	-78.69
(0,-1)	7	5	r1	r1	(1.00,-5.00)	5.10	-78.69
(0,-1)	9	1	r1	r1	(-1.00,-5.00)	5.10	-101.31
(0,-1)	9	11	r1	r2	(-1.00,-5.00)	5.10	-101.31
(0,-1)	10	2	r1	r1	(-1.00,-5.00)	5.10	-101.31
(0,-1)	10	8	r1	r1	(1.00,-5.00)	5.10	-78.69
(0,-1)	14	18	r2	r2	(3.80,-3.40)	5.10	-41.82
(0,-1)	17	15	r2	r2	(2.20,-4.60)	5.10	-64.44
(1,1)	5	3	r1	r1	(1.00,5.00)	5.10	78.69
(1,1)	6	4	r1	r1	(1.00,5.00)	5.10	78.69
(1,1)	6	18	r1	r2	(3.40,3.80)	5.10	48.18
(1,1)	8	6	r1	r1	(1.00,5.00)	5.10	78.69
(1,1)	8	16	r1	r2	(1.00,5.00)	5.10	78.69
(1,1)	9	7	r1	r1	(1.00,5.00)	5.10	78.69
(1,1)	14	6	r2	r1	(3.40,3.80)	5.10	48.18
(1,1)	14	16	r2	r2	(3.40,3.80)	5.10	48.18
(1,1)	16	4	r2	r1	(1.00,5.00)	5.10	78.69
(1,1)	16	18	r2	r2	(3.40,3.80)	5.10	48.18
(-1,1)	1	13	r1	r2	(-3.80,3.40)	5.10	138.18
(-1,1)	1	19	r1	r2	(-2.20,4.60)	5.10	115.56
(-1,1)	5	1	r1	r1	(-5.00,1.00)	5.10	168.69
(-1,1)	5	11	r1	r2	(-5.00,1.00)	5.10	168.69
(-1,1)	6	2	r1	r1	(-5.00,1.00)	5.10	168.69
(-1,1)	6	20	r1	r2	(-3.80,3.40)	5.10	138.18
(-1,1)	7	1	r1	r1	(-5.00,-1.00)	5.10	-168.69
(-1,1)	7	3	r1	r1	(-5.00,1.00)	5.10	168.69
(-1,1)	7	11	r1	r2	(-5.00,-1.00)	5.10	-168.69
(-1,1)	9	5	r1	r1	(-5.00,1.00)	5.10	168.69
(-1,1)	10	6	r1	r1	(-5.00,1.00)	5.10	168.69
(-1,1)	10	16	r1	r2	(-5.00,1.00)	5.10	168.69
(-1,1)	11	13	r2	r2	(-3.80,3.40)	5.10	138.18
(-1,1)	11	19	r2	r2	(-2.20,4.60)	5.10	115.56
(-1,1)	12	6	r2	r1	(-3.80,3.40)	5.10	138.18
(-1,1)	12	16	r2	r2	(-3.80,3.40)	5.10	138.18
(-1,1)	15	19	r2	r2	(-3.80,3.40)	5.10	138.18
(-1,1)	16	2	r2	r1	(-5.00,1.00)	5.10	168.69
(-1,1)	16	20	r2	r2	(-3.80,3.40)	5.10	138.18
(-1,-1)	3	5	r1	r1	(-1.00,-5.00)	5.10	-101.31
(-1,-1)	4	6	r1	r1	(-1.00,-5.00)	5.10	-101.31
(-1,-1)	4	16	r1	r2	(-1.00,-5.00)	5.10	-101.31
(-1,-1)	6	8	r1	r1	(-1.00,-5.00)	5.10	-101.31
(-1,-1)	6	14	r1	r2	(-3.40,-3.80)	5.10	-131.82
(-1,-1)	7	9	r1	r1	(-1.00,-5.00)	5.10	-101.31
(-1,-1)	15	13	r2	r2	(-3.40,-3.80)	5.10	-131.82
(-1,-1)	16	8	r2	r1	(-1.00,-5.00)	5.10	-101.31
(-1,-1)	16	14	r2	r2	(-3.40,-3.80)	5.10	-131.82
(-1,-1)	18	6	r2	r1	(-3.40,-3.80)	5.10	-131.82
(-1,-1)	18	16	r2	r2	(-3.40,-3.80)	5.10	-131.82
(-1,-1)	19	17	r2	r2	(-3.40,-3.80)	5.10	-131.82
(1,-1)	1	5	r1	r1	(5.00,-1.00)	5.10	-11.31
(1,-1)	1	7	r1	r1	(5.00,1.00)	5.10	11.31
(1,-1)	2	6	r1	r1	(5.00,-1.00)	5.10	-11.31
(1,-1)	2	16	r1	r2	(5.00,-1.00)	5.10	-11.31
(1,-1)	3	7	r1	r1	(5.00,-1.00)	5.10	-11.31
(1,-1)	5	9	r1	r1	(5.00,-1.00)	5.10	-11.31
(1,-1)	6	10	r1	r1	(5.00,-1.00)	5.10	-11.31
(1,-1)	6	12	r1	r2	(3.80,-3.40)	5.10	-41.82
(1,-1)	11	5	r2	r1	(5.00,-1.00)	5.10	-11.31
(1,-1)	11	7	r2	r1	(5.00,1.00)	5.10	11.31
(1,-1)	13	1	r2	r1	(3.80,-3.40)	5.10	-41.82
(1,-1)	13	11	r2	r2	(3.80,-3.40)	5.10	-41.82
(1,-1)	16	10	r2	r1	(5.00,-1.00)	5.10	-11.31
(1,-1)	16	12	r2	r2	(3.80,-3.40)	5.10	-41.82
(1,-1)	17	13	r2	r2	(3.80,-3.40)	5.10	-41.82
(1,-1)	19	1	r2	r1	(2.20,-4.60)	5.10	-64.44
(1,-1)	19	11	r2	r2	(2.20,-4.60)	5.10	-64.44
(1,-1)	19	15	r2	r2	(3.80,-3.40)	5.10	-41.82
(1,-1)	20	6	r2	r1	(3.80,-3.40)	5.10	-41.82
(1,-1)	20	16	r2	r2	(3.80,-3.40)	5.10	-41.82
(1,0)	1	15	r1	r2	(4.60,2.20)	5.10	25.56
(1,0)	11	15	r2	r2	(4.60,2.20)	5.10	25.56
(1,0)	12	18	r2	r2	(4.60,2.20)	5.10	25.56
(1,0)	12	20	r2	r2	(3.40,3.80)	5.10	48.18
(1,0)	13	19	r2	r2	(4.60,2.20)	5.10	25.56
(-1,0)	18	12	r2	r2	(-4.60,-2.20)	5.10	-154.44
(0,1)	12	14	r2	r2	(-2.20,4.60)	5.10	115.56
(0,1)	18	14	r2	r2	(-3.80,3.40)	5.10	138.18
(0,1)	18	20	r2	r2	(-2.20,4.60)	5.10	115.56
(0,-1)	14	12	r2	r2	(2.20,-4.60)	5.10	-64.44
(0,-1)	20	18	r2	r2	(2.20,-4.60)	5.10	-64.44
(1,1)	13	15	r2	r2	(3.40,3.80)	5.10	48.18
(1,1)	17	19	r2	r2	(3.40,3.80)	5.10	48.18
(-1,1)	13	17	r2	r2	(-3.80,3.40)	5.10	138.18
(1,1)	4	18	r1	r2	(4.40,2.80)	5.22	32.47
(1,1)	8	14	r1	r2	(-0.40,5.20)	5.22	94.40
(1,1)	14	8	r2	r1	(4.40,2.80)	5.22	32.47
(1,1)	18	4	r2	r1	(-0.40,5.20)	5.22	94.40
(-1,1)	2	20	r1	r2	(-2.80,4.40)	5.22	122.47
(-1,1)	10	12	r1	r2	(-5.20,-0.40)	5.22	-175.60
(-1,1)	12	10	r2	r1	(-2.80,4.40)	5.22	122.47
(-1,1)	20	2	r2	r1	(-5.20,-0.40)	5.22	-175.60
(-1,-1)	4	18	r1	r2	(0.40,-5.20)	5.22	-85.60
(-1,-1)	8	14	r1	r2	(-4.40,-2.80)	5.22	-147.53
(-1,-1)	14	8	r2	r1	(0.40,-5.20)	5.22	-85.60
(-1,-1)	18	4	r2	r1	(-4.40,-2.80)	5.22	-147.53
(1,-1)	2	20	r1	r2	(5.20,0.40)	5.22	4.40
(1,-1)	10	12	r1	r2	(2.80,-4.40)	5.22	-57.53
(1,-1)	12	10	r2	r1	(5.20,0.40)	5.22	4.40
(1,-1)	20	2	r2	r1	(2.80,-4.40)	5.22	-57.53
(1,1)	5	14	r1	r2	(0.60,5.20)	5.23	83.42
(1,1)	13	8	r2	r1	(3.80,3.60)	5.23	43.45
(1,1)	18	7	r2	r1	(0.60,5.20)	5.23	83.42
(-1,1)	2	17	r1	r2	(-3.60,3.80)	5.23	133.45
(-1,1)	9	12	r1	r2	(-5.20,0.60)	5.23	173.42
(-1,1)	15	10	r2	r1	(-3.60,3.80)	5.23	133.45
(-1,1)	20	3	r2	r1	(-5.20,0.60)	5.23	173.42
(-1,-1)	7	18	r1	r2	(-0.60,-5.20)	5.23	-96.58
(-1,-1)	8	13	r1	r2	(-3.80,-3.60)	5.23	-136.55
(-1,-1)	14	5	r2	r1	(-0.60,-5.20)	5.23	-96.58
(-1,-1)	19	4	r2	r1	(-3.80,-3.60)	5.23	-136.55
(1,-1)	3	20	r1	r2	(5.20,-0.60)	5.23	-6.58
(1,-1)	10	15	r1	r2	(3.60,-3.80)	5.23	-46.55
(1,-1)	12	9	r2	r1	(5.20,-0.60)	5.23	-6.58
(1,-1)	17	2	r2	r1	(3.60,-3.80)	5.23	-46.55
(1,1)	4	19	r1	r2	(3.80,3.60)	5.23	43.45
(1,1)	3	17	r1	r2	(2.40,4.80)	5.37	63.43
(1,1)	8	18	r1	r2	(2.40,4.80)	5.37	63.43
(1,1)	14	4	r2	r1	(2.40,4.80)	5.37	63.43
(1,1)	15	9	r2	r1	(2.40,4.80)	5.37	63.43
(-1,1)	5	13	r1	r2	(-4.80,2.40)	5.37	153.43
(-1,1)	10	20	r1	r2	(-4.80,2.40)	5.37	153.43
(-1,1)	12	2	r2	r1	(-4.80,2.40)	5.37	153.43
(-1,1)	19	7	r2	r1	(-4.80,2.40)	5.37	153.43
(-1,-1)	4	14	r1	r2	(-2.40,-4.80)	5.37	-116.57
(-1,-1)	9	15	r1	r2	(-2.40,-4.80)	5.37	-116.57
(-1,-1)	17	3	r2	r1	(-2.40,-4.80)	5.37	-116.57
(-1,-1)	18	8	r2	r1	(-2.40,-4.80)	5.37	-116.57
(1,-1)	2	12	r1	r2	(4.80,-2.40)	5.37	-26.57
(1,-1)	7	19	r1	r2	(4.80,-2.40)	5.37	-26.57
(1,-1)	13	5	r2	r1	(4.80,-2.40)	5.37	-26.57
(1,-1)	20	10	r2	r1	(4.80,-2.40)	5.37	-26.57
(1,0)	1	8	r1	r1	(5.00,2.00)	5.39	21.80
(1,0)	2	9	r1	r1	(5.00,2.00)	5.39	21.80
(1,0)	3	10	r1	r1	(5.00,2.00)	5.39	21.80
(1,0)	11	8	r2	r1	(5.00,2.00)	5.39	21.80
(-1,0)	8	1	r1	r1	(-5.00,-2.00)	5.39	-158.20
(-1,0)	8	11	r1	r2	(-5.00,-2.00)	5.39	-158.20
(-1,0)	9	2	r1	r1	(-5.00,-2.00)	5.39	-158.20
(-1,0)	10	3	r1	r1	(-5.00,-2.00)	5.39	-158.20
(-1,0)	18	13	r2	r2	(-5.20,-1.40)	5.39	-164.93
(-1,0)	19	14	r2	r2	(-5.20,-1.40)	5.39	-164.93
(0,1)	5	4	r1	r1	(-2.00,5.00)	5.39	111.80
(0,1)	8	7	r1	r1	(-2.00,5.00)	5.39	111.80
(0,-1)	4	5	r1	r1	(2.00,-5.00)	5.39	-68.20
(0,-1)	7	8	r1	r1	(2.00,-5.00)	5.39	-68.20
(0,-1)	17	12	r2	r2	(1.40,-5.20)	5.39	-74.93
(0,-1)	20	15	r2	r2	(1.40,-5.20)	5.39	-74.93
(1,1)	1	2	r1	r1	(2.00,5.00)	5.39	68.20
(1,1)	1	12	r1	r2	(2.80,4.60)	5.39	58.67
(1,1)	2	3	r1	r1	(2.00,5.00)	5.39	68.20
(1,1)	3	4	r1	r1	(2.00,5.00)	5.39	68.20
(1,1)	5	6	r1	r1	(2.00,5.00)	5.39	68.20
(1,1)	5	16	r1	r2	(2.00,5.00)	5.39	68.20
(1,1)	6	7	r1	r1	(2.00,5.00)	5.39	68.20
(1,1)	8	9	r1	r1	(2.00,5.00)	5.39	68.20
(1,1)	9	10	r1	r1	(2.00,5.00)	5.39	68.20
(1,1)	11	2	r2	r1	(2.00,5.00)	5.39	68.20
(1,1)	11	12	r2	r2	(2.80,4.60)	5.39	58.67
(1,1)	13	6	r2	r1	(2.80,4.60)	5.39	58.67
(1,1)	13	16	r2	r2	(2.80,4.60)	5.39	58.67
(1,1)	14	17	r2	r2	(2.80,4.60)	5.39	58.67
(1,1)	15	18	r2	r2	(2.80,4.60)	5.39	58.67
(1,1)	16	7	r2	r1	(2.00,5.00)	5.39	68.20
(-1,1)	1	10	r1	r1	(-2.00,5.00)	5.39	111.80
(-1,1)	5	2	r1	r1	(-5.00,2.00)	5.39	158.20
(-1,1)	6	3	r1	r1	(-5.00,2.00)	5.39	158.20
(-1,1)	6	17	r1	r2	(-4.60,2.80)	5.39	148.67
(-1,1)	7	4	r1	r1	(-5.00,2.00)	5.39	158.20
(-1,1)	8	5	r1	r1	(-5.00,2.00)	5.39	158.20
(-1,1)	9	6	r1	r1	(-5.00,2.00)	5.39	158.20
(-1,1)	9	16	r1	r2	(-5.00,2.00)	5.39	158.20
(-1,1)	10	7	r1	r1	(-5.00,2.00)	5.39	158.20
(-1,1)	11	10	r2	r1	(-2.00,5.00)	5.39	111.80
(-1,1)	12	13	r2	r2	(-4.60,2.80)	5.39	148.67
(-1,1)	15	6	r2	r1	(-4.60,2.80)	5.39	148.67
(-1,1)	15	16	r2	r2	(-4.60,2.80)	5.39	148.67
(-1,1)	16	3	r2	r1	(-5.00,2.00)	5.39	158.20
(-1,1)	16	17	r2	r2	(-4.60,2.80)	5.39	148.67
(-1,1)	19	20	r2	r2	(-4.60,2.80)	5.39	148.67
(-1,-1)	2	1	r1	r1	(-2.00,-5.00)	5.39	-111.80
(-1,-1)	2	11	r1	r2	(-2.00,-5.00)	5.39	-111.80
(-1,-1)	3	2	r1	r1	(-2.00,-5.00)	5.39	-111.80
(-1,-1)	4	3	r1	r1	(-2.00,-5.00)	5.39	-111.80
(-1,-1)	6	5	r1	r1	(-2.00,-5.00)	5.39	-111.80
(-1,-1)	6	13	r1	r2	(-2.80,-4.60)	5.39	-121.33
(-1,-1)	7	6	r1	r1	(-2.00,-5.00)	5.39	-111.80
(-1,-1)	7	16	r1	r2	(-2.00,-5.00)	5.39	-111.80
(-1,-1)	9	8	r1	r1	(-2.00,-5.00)	5.39	-111.80
(-1,-1)	10	9	r1	r1	(-2.00,-5.00)	5.39	-111.80
(-1,-1)	12	1	r2	r1	(-2.80,-4.60)	5.39	-121.33
(-1,-1)	12	11	r2	r2	(-2.80,-4.60)	5.39	-121.33
(-1,-1)	15	12	r2	r2	(-2.80,-4.60)	5.39	-121.33
(-1,-1)	16	5	r2	r1	(-2.00,-5.00)	5.39	-111.80
(-1,-1)	16	13	r2	r2	(-2.80,-4.60)	5.39	-121.33
(-1,-1)	17	14	r2	r2	(-2.80,-4.60)	5.39	-121.33
(-1,-1)	18	15	r2	r2	(-2.80,-4.60)	5.39	-121.33
(-1,-1)	19	6	r2	r1	(-2.80,-4.60)	5.39	-121.33
(-1,-1)	19	16	r2	r2	(-2.80,-4.60)	5.39	-121.33
(-1,-1)	20	17	r2	r2	(-2.80,-4.60)	5.39	-121.33
(1,-1)	2	5	r1	r1	(5.00,-2.00)	5.39	-21.80
(1,-1)	3	6	r1	r1	(5.00,-2.00)	5.39	-21.80
(1,-1)	3	16	r1	r2	(5.00,-2.00)	5.39	-21.80
(1,-1)	4	7	r1	r1	(5.00,-2.00)	5.39	-21.80
(1,-1)	5	8	r1	r1	(5.00,-2.00)	5.39	-21.80
(1,-1)	6	9	r1	r1	(5.00,-2.00)	5.39	-21.80
(1,-1)	6	15	r1	r2	(4.60,-2.80)	5.39	-31.33
(1,-1)	7	10	r1	r1	(5.00,-2.00)	5.39	-21.80
(1,-1)	10	1	r1	r1	(2.00,-5.00)	5.39	-68.20
(1,-1)	10	11	r1	r2	(2.00,-5.00)	5.39	-68.20
(1,-1)	13	12	r2	r2	(4.60,-2.80)	5.39	-31.33
(1,-1)	14	13	r2	r2	(4.60,-2.80)	5.39	-31.33
(1,-1)	16	9	r2	r1	(5.00,-2.00)	5.39	-21.80
(1,-1)	16	15	r2	r2	(4.60,-2.80)	5.39	-31.33
(1,-1)	17	6	r2	r1	(4.60,-2.80)	5.39	-31.33
(1,-1)	17	16	r2	r2	(4.60,-2.80)	5.39	-31.33
(1,-1)	19	18	r2	r2	(4.60,-2.80)	5.39	-31.33
(1,-1)	20	19	r2	r2	(4.60,-2.80)	5.39	-31.33
(1,0)	13	18	r2	r2	(5.20,1.40)	5.39	15.07
(1,0)	14	19	r2	r2	(5.20,1.40)	5.39	15.07
(0,1)	1	14	r1	r2	(-1.40,5.20)	5.39	105.07
(0,1)	11	14	r2	r2	(-1.40,5.20)	5.39	105.07
(0,1)	12	17	r2	r2	(-1.40,5.20)	5.39	105.07
(0,1)	15	20	r2	r2	(-1.40,5.20)	5.39	105.07
(0,-1)	14	1	r2	r1	(1.40,-5.20)	5.39	-74.93
(0,-1)	14	11	r2	r2	(1.40,-5.20)	5.39	-74.93
(1,1)	6	19	r1	r2	(2.80,4.60)	5.39	58.67
(1,1)	12	15	r2	r2	(2.80,4.60)	5.39	58.67
(1,1)	16	19	r2	r2	(2.80,4.60)	5.39	58.67
(1,1)	17	20	r2	r2	(2.80,4.60)	5.39	58.67
(-1,1)	13	14	r2	r2	(-4.60,2.80)	5.39	148.67
(-1,1)	18	19	r2	r2	(-4.60,2.80)	5.39	148.67
(-1,1)	20	1	r2	r1	(-5.20,-1.40)	5.39	-164.93
(-1,1)	20	11	r2	r2	(-5.20,-1.40)	5.39	-164.93
(1,-1)	1	20	r1	r2	(5.20,1.40)	5.39	15.07
(1,-1)	11	20	r2	r2	(5.20,1.40)	5.39	15.07
(1,0)	2	20	r1	r2	(4.20,3.40)	5.40	38.99
(1,0)	4	18	r1	r2	(5.40,-0.20)	5.40	-2.12
(1,0)	12	10	r2	r1	(4.20,3.40)	5.40	38.99
(1,0)	14	8	r2	r1	(5.40,-0.20)	5.40	-2.12
(-1,0)	8	14	r1	r2	(-5.40,0.20)	5.40	177.88
(-1,0)	10	12	r1	r2	(-4.20,-3.40)	5.40	-141.01
(-1,0)	18	4	r2	r1	(-5.40,0.20)	5.40	177.88
(-1,0)	20	2	r2	r1	(-4.20,-3.40)	5.40	-141.01
(0,1)	2	20	r1	r2	(0.20,5.40)	5.40	87.88
(0,1)	8	14	r1	r2	(-3.40,4.20)	5.40	128.99
(0,1)	12	10	r2	r1	(0.20,5.40)	5.40	87.88
(0,1)	18	4	r2	r1	(-3.40,4.20)	5.40	128.99
(0,-1)	4	18	r1	r2	(3.40,-4.20)	5.40	-51.01
(0,-1)	10	12	r1	r2	(-0.20,-5.40)	5.40	-92.12
(0,-1)	14	8	r2	r1	(3.40,-4.20)	5.40	-51.01
(0,-1)	20	2	r2	r1	(-0.20,-5.40)	5.40	-92.12
(1,1)	18	10	r2	r1	(1.60,5.20)	5.44	72.90
(-1,1)	2	14	r1	r2	(-4.40,3.20)	5.44	143.97
(-1,1)	8	12	r1	r2	(-5.20,1.60)	5.44	162.90
(-1,1)	20	4	r2	r1	(-5.20,1.60)	5.44	162.90
(-1,-1)	10	18	r1	r2	(-1.60,-5.20)	5.44	-107.10
(-1,-1)	14	2	r2	r1	(-1.60,-5.20)	5.44	-107.10
(1,-1)	4	20	r1	r2	(5.20,-1.60)	5.44	-17.10
(1,-1)	12	8	r2	r1	(5.20,-1.60)	5.44	-17.10
(1,1)	2	14	r1	r2	(1.60,5.20)	5.44	72.90
(1,1)	4	20	r1	r2	(3.20,4.40)	5.44	53.97
(1,1)	12	8	r2	r1	(3.20,4.40)	5.44	53.97
(-1,1)	18	10	r2	r1	(-4.40,3.20)	5.44	143.97
(-1,-1)	8	12	r1	r2	(-3.20,-4.40)	5.44	-126.03
(-1,-1)	20	4	r2	r1	(-3.20,-4.40)	5.44	-126.03
(1,-1)	10	18	r1	r2	(4.40,-3.20)	5.44	-36.03
(1,-1)	14	2	r2	r1	(4.40,-3.20)	5.44	-36.03
(-1,0)	10	13	r1	r2	(-4.80,-2.60)	5.46	-151.56
(0,1)	8	17	r1	r2	(-2.60,4.80)	5.46	118.44
(0,-1)	17	8	r2	r1	(2.60,-4.80)	5.46	-61.56
(1,0)	2	19	r1	r2	(4.80,2.60)	5.46	28.44
(1,0)	3	18	r1	r2	(5.40,0.80)	5.46	8.43
(1,0)	13	10	r2	r1	(4.80,2.60)	5.46	28.44
(1,0)	14	9	r2	r1	(5.40,0.80)	5.46	8.43
(-1,0)	9	14	r1	r2	(-5.40,-0.80)	5.46	-171.57
(-1,0)	18	3	r2	r1	(-5.40,-0.80)	5.46	-171.57
(-1,0)	19	2	r2	r1	(-4.80,-2.60)	5.46	-151.56
(0,1)	5	20	r1	r2	(-0.80,5.40)	5.46	98.43
(0,1)	12	7	r2	r1	(-0.80,5.40)	5.46	98.43
(0,1)	15	4	r2	r1	(-2.60,4.80)	5.46	118.44
(0,-1)	4	15	r1	r2	(2.60,-4.80)	5.46	-61.56
(0,-1)	7	12	r1	r2	(0.80,-5.40)	5.46	-81.57
(0,-1)	20	5	r2	r1	(0.80,-5.40)	5.46	-81.57
(1,1)	17	10	r2	r1	(3.60,4.20)	5.53	49.40
(-1,1)	7	14	r1	r2	(-5.40,1.20)	5.53	167.47
(-1,1)	8	19	r1	r2	(-4.20,3.60)	5.53	139.40
(1,-1)	19	8	r2	r1	(4.20,-3.60)	5.53	-40.60
(1,1)	2	15	r1	r2	(3.60,4.20)	5.53	49.40
(1,1)	9	20	r1	r2	(1.20,5.40)	5.53	77.47
(1,1)	12	3	r2	r1	(1.20,5.40)	5.53	77.47
(-1,1)	13	4	r2	r1	(-4.20,3.60)	5.53	139.40
(-1,1)	18	5	r2	r1	(-5.40,1.20)	5.53	167.47
(-1,-1)	3	12	r1	r2	(-1.20,-5.40)	5.53	-102.53
(-1,-1)	10	17	r1	r2	(-3.60,-4.20)	5.53	-130.60
(-1,-1)	15	2	r2	r1	(-3.60,-4.20)	5.53	-130.60
(-1,-1)	20	9	r2	r1	(-1.20,-5.40)	5.53	-102.53
(1,-1)	4	13	r1	r2	(4.20,-3.60)	5.53	-40.60
(1,-1)	5	18	r1	r2	(5.40,-1.20)	5.53	-12.53
(1,-1)	14	7	r2	r1	(5.40,-1.20)	5.53	-12.53
(0,1)	1	19	r1	r2	(0.80,5.60)	5.66	81.87
(0,1)	11	19	r2	r2	(0.80,5.60)	5.66	81.87
(0,-1)	19	1	r2	r1	(-0.80,-5.60)	5.66	-98.13
(1,1)	15	17	r2	r2	(0.80,5.60)	5.66	81.87
(-1,1)	15	1	r2	r1	(-5.60,0.80)	5.66	171.87
(-1,1)	15	11	r2	r2	(-5.60,0.80)	5.66	171.87
(-1,1)	19	13	r2	r2	(-5.60,0.80)	5.66	171.87
(-1,1)	20	14	r2	r2	(-5.60,0.80)	5.66	171.87
(-1,-1)	14	12	r2	r2	(-0.80,-5.60)	5.66	-98.13
(-1,-1)	17	15	r2	r2	(-0.80,-5.60)	5.66	-98.13
(-1,-1)	20	18	r2	r2	(-0.80,-5.60)	5.66	-98.13
(1,-1)	1	15	r1	r2	(5.60,-0.80)	5.66	-8.13
(1,-1)	11	15	r2	r2	(5.60,-0.80)	5.66	-8.13
(1,-1)	13	19	r2	r2	(5.60,-0.80)	5.66	-8.13
(1,-1)	14	20	r2	r2	(5.60,-0.80)	5.66	-8.13
(1,0)	1	7	r1	r1	(4.00,4.00)	5.66	45.00
(1,0)	11	7	r2	r1	(4.00,4.00)	5.66	45.00
(-1,0)	7	1	r1	r1	(-4.00,-4.00)	5.66	-135.00
(-1,0)	7	11	r1	r2	(-4.00,-4.00)	5.66	-135.00
(0,-1)	19	11	r2	r2	(-0.80,-5.60)	5.66	-98.13
(1,1)	2	8	r1	r1	(4.00,4.00)	5.66	45.00
(1,1)	3	9	r1	r1	(4.00,4.00)	5.66	45.00
(1,1)	4	10	r1	r1	(4.00,4.00)	5.66	45.00
(1,1)	12	14	r2	r2	(0.80,5.60)	5.66	81.87
(1,1)	18	20	r2	r2	(0.80,5.60)	5.66	81.87
(-1,1)	1	3	r1	r1	(-4.00,4.00)	5.66	135.00
(-1,1)	2	4	r1	r1	(-4.00,4.00)	5.66	135.00
(-1,1)	5	7	r1	r1	(-4.00,4.00)	5.66	135.00
(-1,1)	8	10	r1	r1	(-4.00,4.00)	5.66	135.00
(-1,1)	11	3	r2	r1	(-4.00,4.00)	5.66	135.00
(-1,1)	18	12	r2	r2	(-5.60,0.80)	5.66	171.87
(-1,-1)	8	2	r1	r1	(-4.00,-4.00)	5.66	-135.00
(-1,-1)	9	3	r1	r1	(-4.00,-4.00)	5.66	-135.00
(-1,-1)	10	4	r1	r1	(-4.00,-4.00)	5.66	-135.00
(1,-1)	3	1	r1	r1	(4.00,-4.00)	5.66	-45.00
(1,-1)	3	11	r1	r2	(4.00,-4.00)	5.66	-45.00
(1,-1)	4	2	r1	r1	(4.00,-4.00)	5.66	-45.00
(1,-1)	7	5	r1	r1	(4.00,-4.00)	5.66	-45.00
(1,-1)	10	8	r1	r1	(4.00,-4.00)	5.66	-45.00
(1,-1)	12	18	r2	r2	(5.60,-0.80)	5.66	-8.13
(1,0)	2	18	r1	r2	(5.40,1.80)	5.69	18.43
(1,0)	14	10	r2	r1	(5.40,1.80)	5.69	18.43
(-1,0)	10	14	r1	r2	(-5.40,-1.80)	5.69	-161.57
(-1,0)	18	2	r2	r1	(-5.40,-1.80)	5.69	-161.57
(0,1)	8	20	r1	r2	(-1.80,5.40)	5.69	108.43
(0,1)	12	4	r2	r1	(-1.80,5.40)	5.69	108.43
(0,-1)	4	12	r1	r2	(1.80,-5.40)	5.69	-71.57
(0,-1)	20	8	r2	r1	(1.80,-5.40)	5.69	-71.57
(1,1)	15	4	r2	r1	(0.40,5.80)	5.81	86.05
(-1,1)	10	13	r1	r2	(-5.80,0.40)	5.81	176.05
(-1,-1)	4	15	r1	r2	(-0.40,-5.80)	5.81	-93.95
(-1,-1)	17	8	r2	r1	(-0.40,-5.80)	5.81	-93.95
(1,-1)	13	10	r2	r1	(5.80,-0.40)	5.81	-3.95
(1,1)	3	18	r1	r2	(4.40,3.80)	5.81	40.82
(1,1)	8	17	r1	r2	(0.40,5.80)	5.81	86.05
(1,1)	14	9	r2	r1	(4.40,3.80)	5.81	40.82
(-1,1)	5	20	r1	r2	(-3.80,4.40)	5.81	130.82
(-1,1)	12	7	r2	r1	(-3.80,4.40)	5.81	130.82
(-1,1)	19	2	r2	r1	(-5.80,0.40)	5.81	176.05
(-1,-1)	9	14	r1	r2	(-4.40,-3.80)	5.81	-139.18
(-1,-1)	18	3	r2	r1	(-4.40,-3.80)	5.81	-139.18
(1,-1)	2	19	r1	r2	(5.80,-0.40)	5.81	-3.95
(1,-1)	7	12	r1	r2	(3.80,-4.40)	5.81	-49.18
(1,-1)	20	5	r2	r1	(3.80,-4.40)	5.81	-49.18
(1,-1)	13	15	r2	r2	(5.40,-2.20)	5.83	-22.17
(1,-1)	17	19	r2	r2	(5.40,-2.20)	5.83	-22.17
(1,0)	1	9	r1	r1	(5.00,3.00)	5.83	30.96
(1,0)	2	10	r1	r1	(5.00,3.00)	5.83	30.96
(1,0)	11	9	r2	r1	(5.00,3.00)	5.83	30.96
(1,0)	14	18	r2	r2	(5.80,0.60)	5.83	5.91
(-1,0)	9	1	r1	r1	(-5.00,-3.00)	5.83	-149.04
(-1,0)	9	11	r1	r2	(-5.00,-3.00)	5.83	-149.04
(-1,0)	10	2	r1	r1	(-5.00,-3.00)	5.83	-149.04
(-1,0)	18	14	r2	r2	(-5.80,-0.60)	5.83	-174.09
(0,1)	1	17	r1	r2	(-0.60,5.80)	5.83	95.91
(0,1)	8	4	r1	r1	(-3.00,5.00)	5.83	120.96
(0,1)	11	17	r2	r2	(-0.60,5.80)	5.83	95.91
(0,1)	12	20	r2	r2	(-0.60,5.80)	5.83	95.91
(0,-1)	4	8	r1	r1	(3.00,-5.00)	5.83	-59.04
(0,-1)	17	1	r2	r1	(0.60,-5.80)	5.83	-84.09
(0,-1)	17	11	r2	r2	(0.60,-5.80)	5.83	-84.09
(0,-1)	20	12	r2	r2	(0.60,-5.80)	5.83	-84.09
(1,1)	1	5	r1	r1	(3.00,5.00)	5.83	59.04
(1,1)	1	13	r1	r2	(2.20,5.40)	5.83	67.83
(1,1)	2	6	r1	r1	(3.00,5.00)	5.83	59.04
(1,1)	2	16	r1	r2	(3.00,5.00)	5.83	59.04
(1,1)	3	7	r1	r1	(3.00,5.00)	5.83	59.04
(1,1)	5	9	r1	r1	(3.00,5.00)	5.83	59.04
(1,1)	6	10	r1	r1	(3.00,5.00)	5.83	59.04
(1,1)	6	20	r1	r2	(2.20,5.40)	5.83	67.83
(1,1)	11	5	r2	r1	(3.00,5.00)	5.83	59.04
(1,1)	11	13	r2	r2	(2.20,5.40)	5.83	67.83
(1,1)	12	6	r2	r1	(2.20,5.40)	5.83	67.83
(1,1)	12	16	r2	r2	(2.20,5.40)	5.83	67.83
(1,1)	13	17	r2	r2	(2.20,5.40)	5.83	67.83
(1,1)	15	19	r2	r2	(2.20,5.40)	5.83	67.83
(1,1)	16	10	r2	r1	(3.00,5.00)	5.83	59.04
(1,1)	16	20	r2	r2	(2.20,5.40)	5.83	67.83
(-1,1)	1	7	r1	r1	(-3.00,5.00)	5.83	120.96
(-1,1)	5	3	r1	r1	(-5.00,3.00)	5.83	149.04
(-1,1)	6	4	r1	r1	(-5.00,3.00)	5.83	149.04
(-1,1)	6	14	r1	r2	(-5.40,2.20)	5.83	157.83
(-1,1)	8	6	r1	r1	(-5.00,3.00)	5.83	149.04
(-1,1)	8	16	r1	r2	(-5.00,3.00)	5.83	149.04
(-1,1)	9	7	r1	r1	(-5.00,3.00)	5.83	149.04
(-1,1)	11	7	r2	r1	(-3.00,5.00)	5.83	120.96
(-1,1)	15	13	r2	r2	(-5.40,2.20)	5.83	157.83
(-1,1)	16	4	r2	r1	(-5.00,3.00)	5.83	149.04
(-1,1)	16	14	r2	r2	(-5.40,2.20)	5.83	157.83
(-1,1)	18	6	r2	r1	(-5.40,2.20)	5.83	157.83
(-1,1)	18	16	r2	r2	(-5.40,2.20)	5.83	157.83
(-1,1)	19	1	r2	r1	(-5.80,-0.60)	5.83	-174.09
(-1,1)	19	11	r2	r2	(-5.80,-0.60)	5.83	-174.09
(-1,1)	19	17	r2	r2	(-5.40,2.20)	5.83	157.83
(-1,-1)	5	1	r1	r1	(-3.00,-5.00)	5.83	-120.96
(-1,-1)	5	11	r1	r2	(-3.00,-5.00)	5.83	-120.96
(-1,-1)	6	2	r1	r1	(-3.00,-5.00)	5.83	-120.96
(-1,-1)	6	12	r1	r2	(-2.20,-5.40)	5.83	-112.17
(-1,-1)	7	3	r1	r1	(-3.00,-5.00)	5.83	-120.96
(-1,-1)	9	5	r1	r1	(-3.00,-5.00)	5.83	-120.96
(-1,-1)	10	6	r1	r1	(-3.00,-5.00)	5.83	-120.96
(-1,-1)	10	16	r1	r2	(-3.00,-5.00)	5.83	-120.96
(-1,-1)	13	1	r2	r1	(-2.20,-5.40)	5.83	-112.17
(-1,-1)	13	11	r2	r2	(-2.20,-5.40)	5.83	-112.17
(-1,-1)	16	2	r2	r1	(-3.00,-5.00)	5.83	-120.96
(-1,-1)	16	12	r2	r2	(-2.20,-5.40)	5.83	-112.17
(-1,-1)	17	13	r2	r2	(-2.20,-5.40)	5.83	-112.17
(-1,-1)	19	15	r2	r2	(-2.20,-5.40)	5.83	-112.17
(-1,-1)	20	6	r2	r1	(-2.20,-5.40)	5.83	-112.17
(-1,-1)	20	16	r2	r2	(-2.20,-5.40)	5.83	-112.17
(1,-1)	1	19	r1	r2	(5.80,0.60)	5.83	5.91
(1,-1)	3	5	r1	r1	(5.00,-3.00)	5.83	-30.96
(1,-1)	4	6	r1	r1	(5.00,-3.00)	5.83	-30.96
(1,-1)	4	16	r1	r2	(5.00,-3.00)	5.83	-30.96
(1,-1)	6	8	r1	r1	(5.00,-3.00)	5.83	-30.96
(1,-1)	6	18	r1	r2	(5.40,-2.20)	5.83	-22.17
(1,-1)	7	1	r1	r1	(3.00,-5.00)	5.83	-59.04
(1,-1)	7	9	r1	r1	(5.00,-3.00)	5.83	-30.96
(1,-1)	7	11	r1	r2	(3.00,-5.00)	5.83	-59.04
(1,-1)	11	19	r2	r2	(5.80,0.60)	5.83	5.91
(1,-1)	14	6	r2	r1	(5.40,-2.20)	5.83	-22.17
(1,-1)	14	16	r2	r2	(5.40,-2.20)	5.83	-22.17
(1,-1)	16	8	r2	r1	(5.00,-3.00)	5.83	-30.96
(1,-1)	16	18	r2	r2	(5.40,-2.20)	5.83	-22.17
(1,1)	5	18	r1	r2	(3.40,4.80)	5.88	54.69
(1,1)	13	4	r2	r1	(1.80,5.60)	5.88	72.18
(1,1)	14	7	r2	r1	(3.40,4.80)	5.88	54.69
(-1,1)	9	20	r1	r2	(-4.80,3.40)	5.88	144.69
(-1,1)	10	17	r1	r2	(-5.60,1.80)	5.88	162.18
(-1,1)	12	3	r2	r1	(-4.80,3.40)	5.88	144.69
(-1,1)	15	2	r2	r1	(-5.60,1.80)	5.88	162.18
(-1,-1)	4	13	r1	r2	(-1.80,-5.60)	5.88	-107.82
(-1,-1)	7	14	r1	r2	(-3.40,-4.80)	5.88	-125.31
(-1,-1)	18	5	r2	r1	(-3.40,-4.80)	5.88	-125.31
(-1,-1)	19	8	r2	r1	(-1.80,-5.60)	5.88	-107.82
(1,-1)	2	15	r1	r2	(5.60,-1.80)	5.88	-17.82
(1,-1)	3	12	r1	r2	(4.80,-3.40)	5.88	-35.31
(1,-1)	17	10	r2	r1	(5.60,-1.80)	5.88	-17.82
(1,-1)	20	9	r2	r1	(4.80,-3.40)	5.88	-35.31
(1,1)	8	19	r1	r2	(1.80,5.60)	5.88	72.18
(1,1)	5	17	r1	r2	(1.40,5.80)	5.97	76.43
(1,1)	13	9	r2	r1	(3.80,4.60)	5.97	50.44
(1,1)	15	7	r2	r1	(1.40,5.80)	5.97	76.43
(-1,1)	5	17	r1	r2	(-4.60,3.80)	5.97	140.44
(-1,1)	9	13	r1	r2	(-5.80,1.40)	5.97	166.43
(-1,1)	15	7	r2	r1	(-4.60,3.80)	5.97	140.44
(-1,-1)	7	15	r1	r2	(-1.40,-5.80)	5.97	-103.57
(-1,-1)	9	13	r1	r2	(-3.80,-4.60)	5.97	-129.56
(-1,-1)	17	5	r2	r1	(-1.40,-5.80)	5.97	-103.57
(-1,-1)	19	3	r2	r1	(-3.80,-4.60)	5.97	-129.56
(1,-1)	3	19	r1	r2	(5.80,-1.40)	5.97	-13.57
(1,-1)	7	15	r1	r2	(4.60,-3.80)	5.97	-39.56
(1,-1)	13	9	r2	r1	(5.80,-1.40)	5.97	-13.57
(1,-1)	17	5	r2	r1	(4.60,-3.80)	5.97	-39.56
(1,1)	3	19	r1	r2	(3.80,4.60)	5.97	50.44
(-1,1)	19	3	r2	r1	(-5.80,1.40)	5.97	166.43
(1,0)	1	19	r1	r2	(4.80,3.60)	6.00	36.87
(1,0)	11	19	r2	r2	(4.80,3.60)	6.00	36.87
(0,1)	1	7	r1	r1	(0.00,6.00)	6.00	90.00
(0,1)	11	7	r2	r1	(0.00,6.00)	6.00	90.00
(0,-1)	7	1	r1	r1	(0.00,-6.00)	6.00	-90.00
(0,-1)	7	11	r1	r2	(-0.00,-6.00)	6.00	-90.00
(1,1)	8	4	r1	r1	(0.00,6.00)	6.00	90.00
(1,1)	14	18	r2	r2	(4.80,3.60)	6.00	36.87
(-1,1)	1	17	r1	r2	(-3.60,4.80)	6.00	126.87
(-1,1)	9	1	r1	r1	(-6.00,0.00)	6.00	180.00
(-1,1)	9	11	r1	r2	(-6.00,0.00)	6.00	180.00
(-1,1)	10	2	r1	r1	(-6.00,0.00)	6.00	180.00
(-1,1)	11	17	r2	r2	(-3.60,4.80)	6.00	126.87
(-1,1)	12	20	r2	r2	(-3.60,4.80)	6.00	126.87
(-1,-1)	4	8	r1	r1	(0.00,-6.00)	6.00	-90.00
(-1,-1)	18	14	r2	r2	(-4.80,-3.60)	6.00	-143.13
(1,-1)	1	9	r1	r1	(6.00,0.00)	6.00	0.00
(1,-1)	2	10	r1	r1	(6.00,0.00)	6.00	0.00
(1,-1)	11	9	r2	r1	(6.00,0.00)	6.00	0.00
(1,-1)	17	1	r2	r1	(3.60,-4.80)	6.00	-53.13
(1,-1)	17	11	r2	r2	(3.60,-4.80)	6.00	-53.13
(1,-1)	20	12	r2	r2	(3.60,-4.80)	6.00	-53.13
(-1,0)	19	1	r2	r1	(-4.80,-3.60)	6.00	-143.13
(-1,0)	19	11	r2	r2	(-4.80,-3.60)	6.00	-143.13
(1,0)	1	18	r1	r2	(5.40,2.80)	6.08	27.41
(1,0)	1	20	r1	r2	(4.20,4.40)	6.08	46.33
(1,0)	11	18	r2	r2	(5.40,2.80)	6.08	27.41
(1,0)	11	20	r2	r2	(4.20,4.40)	6.08	46.33
(-1,0)	18	1	r2	r1	(-5.40,-2.80)	6.08	-152.59
(-1,0)	18	11	r2	r2	(-5.40,-2.80)	6.08	-152.59
(-1,0)	20	1	r2	r1	(-4.20,-4.40)	6.08	-133.67
(-1,0)	20	11	r2	r2	(-4.20,-4.40)	6.08	-133.67
(0,1)	1	4	r1	r1	(-1.00,6.00)	6.08	99.46
(0,1)	1	10	r1	r1	(1.00,6.00)	6.08	80.54
(0,1)	11	4	r2	r1	(-1.00,6.00)	6.08	99.46
(0,1)	11	10	r2	r1	(1.00,6.00)	6.08	80.54
(0,-1)	4	1	r1	r1	(1.00,-6.00)	6.08	-80.54
(0,-1)	4	11	r1	r2	(1.00,-6.00)	6.08	-80.54
(0,-1)	10	1	r1	r1	(-1.00,-6.00)	6.08	-99.46
(0,-1)	10	11	r1	r2	(-1.00,-6.00)	6.08	-99.46
(1,1)	5	4	r1	r1	(1.00,6.00)	6.08	80.54
(1,1)	8	7	r1	r1	(1.00,6.00)	6.08	80.54
(1,1)	13	18	r2	r2	(4.20,4.40)	6.08	46.33
(-1,1)	1	14	r1	r2	(-4.40,4.20)	6.08	136.33
(-1,1)	1	20	r1	r2	(-2.80,5.40)	6.08	117.41
(-1,1)	8	1	r1	r1	(-6.00,1.00)	6.08	170.54
(-1,1)	8	11	r1	r2	(-6.00,1.00)	6.08	170.54
(-1,1)	9	2	r1	r1	(-6.00,1.00)	6.08	170.54
(-1,1)	10	1	r1	r1	(-6.00,-1.00)	6.08	-170.54
(-1,1)	10	3	r1	r1	(-6.00,1.00)	6.08	170.54
(-1,1)	10	11	r1	r2	(-6.00,-1.00)	6.08	-170.54
(-1,1)	11	14	r2	r2	(-4.40,4.20)	6.08	136.33
(-1,1)	11	20	r2	r2	(-2.80,5.40)	6.08	117.41
(-1,1)	12	17	r2	r2	(-4.40,4.20)	6.08	136.33
(-1,1)	15	20	r2	r2	(-4.40,4.20)	6.08	136.33
(-1,-1)	4	5	r1	r1	(-1.00,-6.00)	6.08	-99.46
(-1,-1)	7	8	r1	r1	(-1.00,-6.00)	6.08	-99.46
(1,-1)	1	8	r1	r1	(6.00,-1.00)	6.08	-9.46
(1,-1)	1	10	r1	r1	(6.00,1.00)	6.08	9.46
(1,-1)	2	9	r1	r1	(6.00,-1.00)	6.08	-9.46
(1,-1)	3	10	r1	r1	(6.00,-1.00)	6.08	-9.46
(1,-1)	11	8	r2	r1	(6.00,-1.00)	6.08	-9.46
(1,-1)	11	10	r2	r1	(6.00,1.00)	6.08	9.46
(1,-1)	14	1	r2	r1	(4.40,-4.20)	6.08	-43.67
(1,-1)	14	11	r2	r2	(4.40,-4.20)	6.08	-43.67
(1,-1)	17	12	r2	r2	(4.40,-4.20)	6.08	-43.67
(1,-1)	20	1	r2	r1	(2.80,-5.40)	6.08	-62.59
(1,-1)	20	11	r2	r2	(2.80,-5.40)	6.08	-62.59
(1,-1)	20	15	r2	r2	(4.40,-4.20)	6.08	-43.67
(1,1)	14	19	r2	r2	(4.20,4.40)	6.08	46.33
(-1,-1)	18	13	r2	r2	(-4.20,-4.40)	6.08	-133.67
(-1,-1)	19	14	r2	r2	(-4.20,-4.40)	6.08	-133.67
(1,1)	13	7	r2	r1	(2.80,5.60)	6.26	63.43
(-1,1)	9	17	r1	r2	(-5.60,2.80)	6.26	153.43
(-1,1)	15	3	r2	r1	(-5.60,2.80)	6.26	153.43
(-1,-1)	7	13	r1	r2	(-2.80,-5.60)	6.26	-116.57
(-1,-1)	19	5	r2	r1	(-2.80,-5.60)	6.26	-116.57
(1,-1)	3	15	r1	r2	(5.60,-2.80)	6.26	-26.57
(1,-1)	17	9	r2	r1	(5.60,-2.80)	6.26	-26.57
(1,1)	5	19	r1	r2	(2.80,5.60)	6.26	63.43
(1,1)	15	10	r2	r1	(2.40,5.80)	6.28	67.52
(-1,1)	5	14	r1	r2	(-5.40,3.20)	6.28	149.35
(-1,1)	8	13	r1	r2	(-5.80,2.40)	6.28	157.52
(1,-1)	13	8	r2	r1	(5.80,-2.40)	6.28	-22.48
(1,1)	2	17	r1	r2	(2.40,5.80)	6.28	67.52
(1,1)	3	20	r1	r2	(3.20,5.40)	6.28	59.35
(1,1)	12	9	r2	r1	(3.20,5.40)	6.28	59.35
(-1,1)	18	7	r2	r1	(-5.40,3.20)	6.28	149.35
(-1,1)	19	4	r2	r1	(-5.80,2.40)	6.28	157.52
(-1,-1)	9	12	r1	r2	(-3.20,-5.40)	6.28	-120.65
(-1,-1)	10	15	r1	r2	(-2.40,-5.80)	6.28	-112.48
(-1,-1)	17	2	r2	r1	(-2.40,-5.80)	6.28	-112.48
(-1,-1)	20	3	r2	r1	(-3.20,-5.40)	6.28	-120.65
(1,-1)	4	19	r1	r2	(5.80,-2.40)	6.28	-22.48
(1,-1)	7	18	r1	r2	(5.40,-3.20)	6.28	-30.65
(1,-1)	14	5	r2	r1	(5.40,-3.20)	6.28	-30.65
(1,-1)	17	15	r2	r2	(5.20,-3.60)	6.32	-34.70
(1,1)	1	3	r1	r1	(2.00,6.00)	6.32	71.57
(1,1)	1	15	r1	r2	(3.60,5.20)	6.32	55.30
(1,1)	2	4	r1	r1	(2.00,6.00)	6.32	71.57
(1,1)	5	7	r1	r1	(2.00,6.00)	6.32	71.57
(1,1)	8	10	r1	r1	(2.00,6.00)	6.32	71.57
(1,1)	11	3	r2	r1	(2.00,6.00)	6.32	71.57
(1,1)	11	15	r2	r2	(3.60,5.20)	6.32	55.30
(1,1)	12	18	r2	r2	(3.60,5.20)	6.32	55.30
(1,1)	14	20	r2	r2	(3.60,5.20)	6.32	55.30
(-1,1)	8	2	r1	r1	(-6.00,2.00)	6.32	161.57
(-1,1)	9	3	r1	r1	(-6.00,2.00)	6.32	161.57
(-1,1)	10	4	r1	r1	(-6.00,2.00)	6.32	161.57
(-1,1)	12	14	r2	r2	(-5.20,3.60)	6.32	145.30
(-1,1)	15	17	r2	r2	(-5.20,3.60)	6.32	145.30
(-1,1)	18	20	r2	r2	(-5.20,3.60)	6.32	145.30
(-1,-1)	3	1	r1	r1	(-2.00,-6.00)	6.32	-108.43
(-1,-1)	3	11	r1	r2	(-2.00,-6.00)	6.32	-108.43
(-1,-1)	4	2	r1	r1	(-2.00,-6.00)	6.32	-108.43
(-1,-1)	7	5	r1	r1	(-2.00,-6.00)	6.32	-108.43
(-1,-1)	10	8	r1	r1	(-2.00,-6.00)	6.32	-108.43
(-1,-1)	15	1	r2	r1	(-3.60,-5.20)	6.32	-124.70
(-1,-1)	15	11	r2	r2	(-3.60,-5.20)	6.32	-124.70
(-1,-1)	18	12	r2	r2	(-3.60,-5.20)	6.32	-124.70
(-1,-1)	19	13	r2	r2	(-3.60,-5.20)	6.32	-124.70
(-1,-1)	20	14	r2	r2	(-3.60,-5.20)	6.32	-124.70
(1,-1)	2	8	r1	r1	(6.00,-2.00)	6.32	-18.43
(1,-1)	3	9	r1	r1	(6.00,-2.00)	6.32	-18.43
(1,-1)	4	10	r1	r1	(6.00,-2.00)	6.32	-18.43
(1,-1)	14	12	r2	r2	(5.20,-3.60)	6.32	-34.70
(1,-1)	20	18	r2	r2	(5.20,-3.60)	6.32	-34.70
(1,1)	13	19	r2	r2	(3.60,5.20)	6.32	55.30
(1,0)	1	10	r1	r1	(5.00,4.00)	6.40	38.66
(1,0)	11	10	r2	r1	(5.00,4.00)	6.40	38.66
(-1,0)	10	1	r1	r1	(-5.00,-4.00)	6.40	-141.34
(-1,0)	10	11	r1	r2	(-5.00,-4.00)	6.40	-141.34
(1,1)	1	8	r1	r1	(4.00,5.00)	6.40	51.34
(1,1)	2	9	r1	r1	(4.00,5.00)	6.40	51.34
(1,1)	3	10	r1	r1	(4.00,5.00)	6.40	51.34
(1,1)	11	8	r2	r1	(4.00,5.00)	6.40	51.34
(-1,1)	1	4	r1	r1	(-4.00,5.00)	6.40	128.66
(-1,1)	5	4	r1	r1	(-5.00,4.00)	6.40	141.34
(-1,1)	8	7	r1	r1	(-5.00,4.00)	6.40	141.34
(-1,1)	11	4	r2	r1	(-4.00,5.00)	6.40	128.66
(-1,1)	19	14	r2	r2	(-6.20,1.60)	6.40	165.53
(-1,-1)	8	1	r1	r1	(-4.00,-5.00)	6.40	-128.66
(-1,-1)	8	11	r1	r2	(-4.00,-5.00)	6.40	-128.66
(-1,-1)	9	2	r1	r1	(-4.00,-5.00)	6.40	-128.66
(-1,-1)	10	3	r1	r1	(-4.00,-5.00)	6.40	-128.66
(-1,-1)	17	12	r2	r2	(-1.60,-6.20)	6.40	-104.47
(-1,-1)	20	15	r2	r2	(-1.60,-6.20)	6.40	-104.47
(1,-1)	4	1	r1	r1	(4.00,-5.00)	6.40	-51.34
(1,-1)	4	5	r1	r1	(5.00,-4.00)	6.40	-38.66
(1,-1)	4	11	r1	r2	(4.00,-5.00)	6.40	-51.34
(1,-1)	7	8	r1	r1	(5.00,-4.00)	6.40	-38.66
(1,-1)	14	19	r2	r2	(6.20,-1.60)	6.40	-14.47
(0,1)	1	20	r1	r2	(0.20,6.40)	6.40	88.21
(0,1)	11	20	r2	r2	(0.20,6.40)	6.40	88.21
(0,-1)	20	1	r2	r1	(-0.20,-6.40)	6.40	-91.79
(0,-1)	20	11	r2	r2	(-0.20,-6.40)	6.40	-91.79
(1,1)	1	14	r1	r2	(1.60,6.20)	6.40	75.53
(1,1)	11	14	r2	r2	(1.60,6.20)	6.40	75.53
(1,1)	12	17	r2	r2	(1.60,6.20)	6.40	75.53
(1,1)	15	20	r2	r2	(1.60,6.20)	6.40	75.53
(-1,1)	18	1	r2	r1	(-6.40,0.20)	6.40	178.21
(-1,1)	18	11	r2	r2	(-6.40,0.20)	6.40	178.21
(-1,1)	18	13	r2	r2	(-6.20,1.60)	6.40	165.53
(-1,-1)	14	1	r2	r1	(-1.60,-6.20)	6.40	-104.47
(-1,-1)	14	11	r2	r2	(-1.60,-6.20)	6.40	-104.47
(1,-1)	1	18	r1	r2	(6.40,-0.20)	6.40	-1.79
(1,-1)	11	18	r2	r2	(6.40,-0.20)	6.40	-1.79
(1,-1)	13	18	r2	r2	(6.20,-1.60)	6.40	-14.47
(-1,1)	10	14	r1	r2	(-6.40,1.20)	6.51	169.38
(1,1)	2	18	r1	r2	(4.40,4.80)	6.51	47.49
(1,1)	8	20	r1	r2	(1.20,6.40)	6.51	79.38
(1,1)	12	4	r2	r1	(1.20,6.40)	6.51	79.38
(1,1)	14	10	r2	r1	(4.40,4.80)	6.51	47.49
(-1,1)	8	20	r1	r2	(-4.80,4.40)	6.51	137.49
(-1,1)	12	4	r2	r1	(-4.80,4.40)	6.51	137.49
(-1,1)	18	2	r2	r1	(-6.40,1.20)	6.51	169.38
(-1,-1)	4	12	r1	r2	(-1.20,-6.40)	6.51	-100.62
(-1,-1)	10	14	r1	r2	(-4.40,-4.80)	6.51	-132.51
(-1,-1)	18	2	r2	r1	(-4.40,-4.80)	6.51	-132.51
(-1,-1)	20	8	r2	r1	(-1.20,-6.40)	6.51	-100.62
(1,-1)	2	18	r1	r2	(6.40,-1.20)	6.51	-10.62
(1,-1)	4	12	r1	r2	(4.80,-4.40)	6.51	-42.51
(1,-1)	14	10	r2	r1	(6.40,-1.20)	6.51	-10.62
(1,-1)	20	8	r2	r1	(4.80,-4.40)	6.51	-42.51
(1,1)	1	6	r1	r1	(3.00,6.00)	6.71	63.43
(1,1)	1	16	r1	r2	(3.00,6.00)	6.71	63.43
(1,1)	2	7	r1	r1	(3.00,6.00)	6.71	63.43
(1,1)	5	10	r1	r1	(3.00,6.00)	6.71	63.43
(1,1)	11	6	r2	r1	(3.00,6.00)	6.71	63.43
(1,1)	11	16	r2	r2	(3.00,6.00)	6.71	63.43
(1,1)	13	20	r2	r2	(3.00,6.00)	6.71	63.43
(-1,1)	8	3	r1	r1	(-6.00,3.00)	6.71	153.43
(-1,1)	9	4	r1	r1	(-6.00,3.00)	6.71	153.43
(-1,1)	15	14	r2	r2	(-6.00,3.00)	6.71	153.43
(-1,1)	18	17	r2	r2	(-6.00,3.00)	6.71	153.43
(-1,-1)	6	1	r1	r1	(-3.00,-6.00)	6.71	-116.57
(-1,-1)	6	11	r1	r2	(-3.00,-6.00)	6.71	-116.57
(-1,-1)	7	2	r1	r1	(-3.00,-6.00)	6.71	-116.57
(-1,-1)	10	5	r1	r1	(-3.00,-6.00)	6.71	-116.57
(-1,-1)	16	1	r2	r1	(-3.00,-6.00)	6.71	-116.57
(-1,-1)	16	11	r2	r2	(-3.00,-6.00)	6.71	-116.57
(-1,-1)	19	12	r2	r2	(-3.00,-6.00)	6.71	-116.57
(-1,-1)	20	13	r2	r2	(-3.00,-6.00)	6.71	-116.57
(1,-1)	3	8	r1	r1	(6.00,-3.00)	6.71	-26.57
(1,-1)	4	9	r1	r1	(6.00,-3.00)	6.71	-26.57
(1,-1)	14	15	r2	r2	(6.00,-3.00)	6.71	-26.57
(1,-1)	17	18	r2	r2	(6.00,-3.00)	6.71	-26.57
(1,1)	12	19	r2	r2	(3.00,6.00)	6.71	63.43
(1,1)	13	10	r2	r1	(3.80,5.60)	6.77	55.84
(-1,1)	8	17	r1	r2	(-5.60,3.80)	6.77	145.84
(-1,1)	9	14	r1	r2	(-6.40,2.20)	6.77	161.03
(-1,1)	15	4	r2	r1	(-5.60,3.80)	6.77	145.84
(-1,-1)	10	13	r1	r2	(-3.80,-5.60)	6.77	-124.16
(-1,-1)	19	2	r2	r1	(-3.80,-5.60)	6.77	-124.16
(1,-1)	4	15	r1	r2	(5.60,-3.80)	6.77	-34.16
(1,-1)	17	8	r2	r1	(5.60,-3.80)	6.77	-34.16
(1,1)	2	19	r1	r2	(3.80,5.60)	6.77	55.84
(1,1)	5	20	r1	r2	(2.20,6.40)	6.77	71.03
(1,1)	12	7	r2	r1	(2.20,6.40)	6.77	71.03
(-1,1)	18	3	r2	r1	(-6.40,2.20)	6.77	161.03
(-1,-1)	7	12	r1	r2	(-2.20,-6.40)	6.77	-108.97
(-1,-1)	20	5	r2	r1	(-2.20,-6.40)	6.77	-108.97
(1,-1)	3	18	r1	r2	(6.40,-2.20)	6.77	-18.97
(1,-1)	14	9	r2	r1	(6.40,-2.20)	6.77	-18.97
(-1,1)	8	14	r1	r2	(-6.40,3.20)	7.16	153.43
(1,1)	2	20	r1	r2	(3.20,6.40)	7.16	63.43
(1,1)	12	10	r2	r1	(3.20,6.40)	7.16	63.43
(-1,1)	18	4	r2	r1	(-6.40,3.20)	7.16	153.43
(-1,-1)	10	12	r1	r2	(-3.20,-6.40)	7.16	-116.57
(-1,-1)	20	2	r2	r1	(-3.20,-6.40)	7.16	-116.57
(1,-1)	4	18	r1	r2	(6.40,-3.20)	7.16	-26.57
(1,-1)	14	8	r2	r1	(6.40,-3.20)	7.16	-26.57
(1,1)	1	9	r1	r1	(4.00,6.00)	7.21	56.31
(1,1)	1	17	r1	r2	(2.40,6.80)	7.21	70.56
(1,1)	2	10	r1	r1	(4.00,6.00)	7.21	56.31
(1,1)	11	9	r2	r1	(4.00,6.00)	7.21	56.31
(1,1)	11	17	r2	r2	(2.40,6.80)	7.21	70.56
(-1,1)	8	4	r1	r1	(-6.00,4.00)	7.21	146.31
(-1,1)	18	14	r2	r2	(-6.80,2.40)	7.21	160.56
(-1,-1)	9	1	r1	r1	(-4.00,-6.00)	7.21	-123.69
(-1,-1)	9	11	r1	r2	(-4.00,-6.00)	7.21	-123.69
(-1,-1)	10	2	r1	r1	(-4.00,-6.00)	7.21	-123.69
(-1,-1)	17	1	r2	r1	(-2.40,-6.80)	7.21	-109.44
(-1,-1)	17	11	r2	r2	(-2.40,-6.80)	7.21	-109.44
(-1,-1)	20	12	r2	r2	(-2.40,-6.80)	7.21	-109.44
(1,-1)	4	8	r1	r1	(6.00,-4.00)	7.21	-33.69
(1,1)	12	20	r2	r2	(2.40,6.80)	7.21	70.56
(1,-1)	14	18	r2	r2	(6.80,-2.40)	7.21	-19.44
(1,1)	1	4	r1	r1	(2.00,7.00)	7.28	74.05
(1,1)	1	18	r1	r2	(4.40,5.80)	7.28	52.82
(1,1)	11	4	r2	r1	(2.00,7.00)	7.28	74.05
(1,1)	11	18	r2	r2	(4.40,5.80)	7.28	52.82
(-1,-1)	4	1	r1	r1	(-2.00,-7.00)	7.28	-105.95
(-1,-1)	4	11	r1	r2	(-2.00,-7.00)	7.28	-105.95
(-1,-1)	18	1	r2	r1	(-4.40,-5.80)	7.28	-127.18
(-1,-1)	18	11	r2	r2	(-4.40,-5.80)	7.28	-127.18
(1,1)	1	7	r1	r1	(3.00,7.00)	7.62	66.80
(1,1)	11	7	r2	r1	(3.00,7.00)	7.62	66.80
(-1,-1)	7	1	r1	r1	(-3.00,-7.00)	7.62	-113.20
(-1,-1)	7	11	r1	r2	(-3.00,-7.00)	7.62	-113.20
(-1,-1)	19	1	r2	r1	(-3.80,-6.60)	7.62	-119.93
(-1,-1)	19	11	r2	r2	(-3.80,-6.60)	7.62	-119.93
(1,1)	1	19	r1	r2	(3.80,6.60)	7.62	60.07
(1,1)	11	19	r2	r2	(3.80,6.60)	7.62	60.07
(1,1)	1	10	r1	r1	(4.00,7.00)	8.06	60.26
(1,1)	1	20	r1	r2	(3.20,7.40)	8.06	66.61
(1,1)	11	10	r2	r1	(4.00,7.00)	8.06	60.26
(1,1)	11	20	r2	r2	(3.20,7.40)	8.06	66.61
(-1,-1)	10	1	r1	r1	(-4.00,-7.00)	8.06	-119.74
(-1,-1)	10	11	r1	r2	(-4.00,-7.00)	8.06	-119.74
(-1,-1)	20	1	r2	r1	(-3.20,-7.40)	8.06	-113.39
(-1,-1)	20	11	r2	r2	(-3.20,-7.40)	8.06	-113.39
